-- MySQL dump 10.13  Distrib 5.5.28, for Win64 (x86)
--
-- Host: localhost    Database: ffp
-- ------------------------------------------------------
-- Server version	5.5.28

/*!40101 SET @OLD_CHARACTER_SET_CLIENT=@@CHARACTER_SET_CLIENT */;
/*!40101 SET @OLD_CHARACTER_SET_RESULTS=@@CHARACTER_SET_RESULTS */;
/*!40101 SET @OLD_COLLATION_CONNECTION=@@COLLATION_CONNECTION */;
/*!40101 SET NAMES utf8 */;
/*!40103 SET @OLD_TIME_ZONE=@@TIME_ZONE */;
/*!40103 SET TIME_ZONE='+00:00' */;
/*!40014 SET @OLD_UNIQUE_CHECKS=@@UNIQUE_CHECKS, UNIQUE_CHECKS=0 */;
/*!40014 SET @OLD_FOREIGN_KEY_CHECKS=@@FOREIGN_KEY_CHECKS, FOREIGN_KEY_CHECKS=0 */;
/*!40101 SET @OLD_SQL_MODE=@@SQL_MODE, SQL_MODE='NO_AUTO_VALUE_ON_ZERO' */;
/*!40111 SET @OLD_SQL_NOTES=@@SQL_NOTES, SQL_NOTES=0 */;

--
-- Table structure for table `country`
--

DROP TABLE IF EXISTS `country`;
/*!40101 SET @saved_cs_client     = @@character_set_client */;
/*!40101 SET character_set_client = utf8 */;
CREATE TABLE `country` (
  `id` bigint(20) NOT NULL AUTO_INCREMENT,
  `name` varchar(255) DEFAULT NULL,
  PRIMARY KEY (`id`),
  UNIQUE KEY `name` (`name`)
) ENGINE=InnoDB AUTO_INCREMENT=84 DEFAULT CHARSET=utf8;
/*!40101 SET character_set_client = @saved_cs_client */;

--
-- Dumping data for table `country`
--

LOCK TABLES `country` WRITE;
/*!40000 ALTER TABLE `country` DISABLE KEYS */;
INSERT INTO `country` VALUES (25,'Argentina'),(2,'Australia'),(16,'Austria'),(5,'Belgium'),(51,'Bolivia'),(65,'Bosnia-Herzegovina'),(62,'Brazil'),(66,'Bulgaria'),(38,'Canada'),(40,'Chile'),(7,'China'),(42,'Colombia'),(48,'Croatia'),(71,'Cuba'),(15,'Czech Republic'),(81,'Czechoslovakia'),(13,'Denmark'),(75,'Estonia'),(17,'Finland'),(1,'France'),(19,'Germany'),(63,'Greece'),(34,'Hong Kong SAR China'),(9,'Hungary'),(82,'Hunugary'),(44,'Iceland'),(22,'India'),(18,'Iran'),(27,'Ireland'),(59,'Israel'),(35,'Italy'),(36,'Japan'),(70,'Kenya'),(76,'Latvia'),(41,'Lebanon'),(68,'Luxembourg'),(11,'Mexico'),(78,'Moldova'),(69,'Netherlands'),(74,'New Zealand'),(6,'Norway'),(79,'Peru'),(77,'Philippines'),(54,'Poland'),(57,'Portugal'),(8,'Romania'),(61,'Russia'),(80,'Saudi Arabia'),(46,'Serbia'),(14,'Slovakia'),(47,'Slovenia'),(4,'South Korea'),(73,'South Koreea'),(26,'Spain'),(20,'Sweden'),(39,'Switzerland'),(37,'Syria'),(56,'Thailand'),(55,'The Netherlands'),(3,'Turkey'),(67,'U.S.A.'),(64,'UK'),(32,'Ukraine'),(12,'United Kingdom'),(21,'United States'),(10,'Uruguay'),(72,'USA'),(83,'USSR');
/*!40000 ALTER TABLE `country` ENABLE KEYS */;
UNLOCK TABLES;

--
-- Table structure for table `festival`
--

DROP TABLE IF EXISTS `festival`;
/*!40101 SET @saved_cs_client     = @@character_set_client */;
/*!40101 SET character_set_client = utf8 */;
CREATE TABLE `festival` (
  `id` bigint(20) NOT NULL AUTO_INCREMENT,
  `englishAbbreviation` varchar(255) DEFAULT NULL,
  `englishName` varchar(255) DEFAULT NULL,
  `originalAbbreviation` varchar(255) DEFAULT NULL,
  `originalName` varchar(255) DEFAULT NULL,
  `url` varchar(255) DEFAULT NULL,
  PRIMARY KEY (`id`)
) ENGINE=InnoDB AUTO_INCREMENT=2 DEFAULT CHARSET=utf8;
/*!40101 SET character_set_client = @saved_cs_client */;

--
-- Dumping data for table `festival`
--

LOCK TABLES `festival` WRITE;
/*!40000 ALTER TABLE `festival` DISABLE KEYS */;
INSERT INTO `festival` VALUES (1,'TIFF','Transylvania International Film Festival','TIFF','Festivalul Internațional de Film Transilvania','http://tiff.ro/');
/*!40000 ALTER TABLE `festival` ENABLE KEYS */;
UNLOCK TABLES;

--
-- Table structure for table `festivaledition`
--

DROP TABLE IF EXISTS `festivaledition`;
/*!40101 SET @saved_cs_client     = @@character_set_client */;
/*!40101 SET character_set_client = utf8 */;
CREATE TABLE `festivaledition` (
  `id` bigint(20) NOT NULL AUTO_INCREMENT,
  `editionName` varchar(255) DEFAULT NULL,
  `editionNumber` int(11) DEFAULT NULL,
  `endDay` datetime DEFAULT NULL,
  `startDay` datetime DEFAULT NULL,
  `festival_id` bigint(20) DEFAULT NULL,
  PRIMARY KEY (`id`),
  KEY `FKEF1F7506C5A6011F` (`festival_id`),
  CONSTRAINT `FKEF1F7506C5A6011F` FOREIGN KEY (`festival_id`) REFERENCES `festival` (`id`)
) ENGINE=InnoDB AUTO_INCREMENT=3 DEFAULT CHARSET=utf8;
/*!40101 SET character_set_client = @saved_cs_client */;

--
-- Dumping data for table `festivaledition`
--

LOCK TABLES `festivaledition` WRITE;
/*!40000 ALTER TABLE `festivaledition` DISABLE KEYS */;
INSERT INTO `festivaledition` VALUES (1,'TIFF 2012',11,'2012-06-10 00:00:00','2012-06-01 00:00:00',1),(2,'TIFF 2013',12,'2013-06-09 00:00:00','2013-05-31 00:00:00',1);
/*!40000 ALTER TABLE `festivaledition` ENABLE KEYS */;
UNLOCK TABLES;

--
-- Table structure for table `festivaledition_section`
--

DROP TABLE IF EXISTS `festivaledition_section`;
/*!40101 SET @saved_cs_client     = @@character_set_client */;
/*!40101 SET character_set_client = utf8 */;
CREATE TABLE `festivaledition_section` (
  `festivalEdition_id` bigint(20) NOT NULL DEFAULT '0',
  `section_id` bigint(20) NOT NULL DEFAULT '0',
  `sectionOrder` int(11) DEFAULT NULL,
  PRIMARY KEY (`festivalEdition_id`,`section_id`),
  KEY `FKD1720EFF229BC895` (`section_id`),
  KEY `FKD1720EFFA9538DD5` (`festivalEdition_id`),
  CONSTRAINT `FKD1720EFF229BC895` FOREIGN KEY (`section_id`) REFERENCES `section` (`id`),
  CONSTRAINT `FKD1720EFFA9538DD5` FOREIGN KEY (`festivalEdition_id`) REFERENCES `festivaledition` (`id`)
) ENGINE=InnoDB DEFAULT CHARSET=utf8;
/*!40101 SET character_set_client = @saved_cs_client */;

--
-- Dumping data for table `festivaledition_section`
--

LOCK TABLES `festivaledition_section` WRITE;
/*!40000 ALTER TABLE `festivaledition_section` DISABLE KEYS */;
INSERT INTO `festivaledition_section` VALUES (1,1,16),(1,2,11),(1,3,2),(1,4,4),(1,5,23),(1,6,21),(1,7,10),(1,8,12),(1,9,5),(1,10,19),(1,11,7),(1,12,6),(1,13,14),(1,14,18),(1,15,17),(1,16,9),(1,17,1),(1,18,22),(1,19,13),(1,20,3),(1,21,8),(1,22,20),(1,23,15),(2,1,21),(2,3,7),(2,4,17),(2,8,10),(2,9,9),(2,13,22),(2,14,16),(2,15,20),(2,17,1),(2,18,18),(2,20,14),(2,22,15),(2,23,23),(2,24,2),(2,25,6),(2,26,12),(2,27,4),(2,28,13),(2,29,8),(2,30,11),(2,31,5),(2,32,19),(2,33,3);
/*!40000 ALTER TABLE `festivaledition_section` ENABLE KEYS */;
UNLOCK TABLES;

--
-- Table structure for table `festivaledition_venue`
--

DROP TABLE IF EXISTS `festivaledition_venue`;
/*!40101 SET @saved_cs_client     = @@character_set_client */;
/*!40101 SET character_set_client = utf8 */;
CREATE TABLE `festivaledition_venue` (
  `festivalEdition_id` bigint(20) NOT NULL DEFAULT '0',
  `venue_id` bigint(20) NOT NULL DEFAULT '0',
  `venueOrder` int(11) DEFAULT NULL,
  PRIMARY KEY (`festivalEdition_id`,`venue_id`),
  KEY `FK626A39097FEFA715` (`venue_id`),
  KEY `FK626A3909A9538DD5` (`festivalEdition_id`),
  CONSTRAINT `FK626A39097FEFA715` FOREIGN KEY (`venue_id`) REFERENCES `venue` (`id`),
  CONSTRAINT `FK626A3909A9538DD5` FOREIGN KEY (`festivalEdition_id`) REFERENCES `festivaledition` (`id`)
) ENGINE=InnoDB DEFAULT CHARSET=utf8;
/*!40101 SET character_set_client = @saved_cs_client */;

--
-- Dumping data for table `festivaledition_venue`
--

LOCK TABLES `festivaledition_venue` WRITE;
/*!40000 ALTER TABLE `festivaledition_venue` DISABLE KEYS */;
INSERT INTO `festivaledition_venue` VALUES (1,1,2),(1,2,3),(1,3,4),(1,4,9),(1,5,10),(1,6,11),(1,7,12),(1,8,6),(1,9,8),(1,10,5),(1,11,1),(1,12,7),(2,1,2),(2,2,3),(2,3,4),(2,6,10),(2,7,11),(2,8,6),(2,9,7),(2,10,5),(2,11,1),(2,13,9),(2,14,8);
/*!40000 ALTER TABLE `festivaledition_venue` ENABLE KEYS */;
UNLOCK TABLES;

--
-- Table structure for table `movie`
--

DROP TABLE IF EXISTS `movie`;
/*!40101 SET @saved_cs_client     = @@character_set_client */;
/*!40101 SET character_set_client = utf8 */;
CREATE TABLE `movie` (
  `id` bigint(20) NOT NULL AUTO_INCREMENT,
  `description` longtext,
  `duration` time DEFAULT NULL,
  `englishTitle` varchar(255) DEFAULT NULL,
  `imdbId` varchar(255) DEFAULT NULL,
  `originalTitle` varchar(255) DEFAULT NULL,
  `year` varchar(255) DEFAULT NULL,
  PRIMARY KEY (`id`)
) ENGINE=InnoDB AUTO_INCREMENT=402 DEFAULT CHARSET=utf8;
/*!40101 SET character_set_client = @saved_cs_client */;

--
-- Dumping data for table `movie`
--

LOCK TABLES `movie` WRITE;
/*!40000 ALTER TABLE `movie` DISABLE KEYS */;
INSERT INTO `movie` VALUES (1,'Three different types of characters live in a painting that has been abandoned by its painter: The Alldunns, those fully painted, the Halfies, those lacking in color, and the Sketchies, who are not painted at all. Considering themselves as way superior to the others, the Alldunns drive the Halfies out and subjugate the Sketchies. Ramo, a young Alldunn in love with a Halfy, sides with the oppressed and sets out on a journey across frames to bring back the Painter.','01:16:00','The Painting','tt1891769','Le tableau','2011'),(2,'Dan is in love with Leanne. They were born on the same day, the 6th of November, 1960. They eat together. They live together. They steal together. When Dan\'s love is suddenly torn away from him, he is reduced to savagery...','01:44:00','Hail','tt1782453','Hail','2011'),(3,'Celal Tan is a well-respected constitutional law professor who lives in a provincial city and has two children from his first marriage. Many years after the death of his first wife, he married a woman much younger than him, a university student, whose life he has saved in some way. In the third year of their marriage, the extremely tragic story of Celal Tan and his family begins after a big crisis takes place in front of the whole family. While trying to hide the secret, the family falls into absurd and tragicomic situations. Regardless of all happenings, Celal Tan tries to keep the family together.','01:39:00','The Extremely Tragic Story of Celal Tan and His Family','tt2124186','Celal Tan ve Ailesinin Aşırı Acıklı Hikayesi','2011'),(4,'Poongsan, a young man with the eyes of an innocent child, crosses over North and South Korea to deliver the pain and longings of separated families. Even though this can cause him get shot, he takes the risk without any fear. One day, by a secret request by South Korean government agents he sneaks into North to bring over In-oak, the lover of a high-ranking North Korean defector. On their way to South Korea, they fall for each other while experiencing life-and-death situations together several times. But is there any chance for their love?','02:01:00','Poongsan','tt1773020','Poongsan','2011'),(5,'Dom works the night shift in a small hotel near the industrial sea port of Le Havre. One night, a woman arrives with no luggage and no shoes. Her name is Fiona. She tells Dom she is a fairy and grants him three wishes. Fiona makes two wishes come true then mysteriously disappears. Dom, who by then has fallen in love with Fiona, searches for her everywhere and eventually finds her in the psychiatric hospital where she has been interned.','01:33:00','The Fairy','tt1922645','La fée','2011'),(6,'Two crimes scene cleaners find a mythical creature in a concealed cellar. The creature never utters a word, unable to tell her tale herself, but the pieces of the puzzle soon come together: she\'s been kept down here for decades. And those who kept her captive want her back...','01:16:00','Thale','tt2112287','Thale','2012'),(7,'On a fateful night in the summer of 1976, Tangshan was hit by a powerful earthquake, measuring 7.8 on the Richter scale. Li Yuanni’s twin son and daughter were buried under the rubble. Li discovers that if she is to save either of the children, the other must die. In despair, the mother has to take the most difficult decision...','02:15:00','Aftershock','tt1393746','Aftershock','2010'),(8,'The old car of the family breaks down and Mara and her parents try to fix it so that they can get home. But more important than the broken engine becomes their relationship.  ','00:20:00','Blu','tt2207764','Blu','2011'),(9,'During a summer afternoon a person spills coffee on himself, another feeds pigeons, another kills a bee, another dies, another copies patterns, another listens to the radio, another makes a phone call, another... And something might connect them all...','00:19:00','Infinite Minutes','','Minute infinite','2011'),(10,'Agustín forgets things; he is aging and he knows it. María is never alone, she watches over everyone, sleeps very little and works too much; she’s increasingly overwhelmed. The relationship between two beings who love one another and at the same time get on each other’s nerves suddenly breaks up.','01:24:00','The Delay','tt1666318','La demora','2012'),(11,'On a Friday night after hanging out with his straight mates, Russell heads out to a nightclub, alone and on the pull. Just before closing, he meets Glen. And so begins a weekend—in bars and bedrooms, getting drunk and taking drugs, telling stories and having sex—that will resonate throughout their lives.','01:37:00','Weekend','tt1714210','Weekend','2011'),(12,'Opening in the seductive style of the sixties, A Funny Man uncovers the perennial loneliness that comedian Dirch Passer (Nikolaj Lie Kaas) has found himself in after a fast-tracked rise to fame. Dirch Passer was second-to-none on the Danish scene, in revue theatre and on film. He was in the league of Dean Martin, Lenny Bruce, Andy Kaufman. But he was also blinded by his own success, and he let down his family, his children, his best friend and not least himself in his efforts to be seen, understood and loved.','01:56:00','A Funny Man','tt1706596','Dirch','2011'),(13,'Bruno loves his wife Maxine, but his love and body are slowly undergoing a transformation. Something is beginning to stir inside him and there is nothing he can do to stop it. Because when you first delve into the dark side of love to find power, aggression and hatred, there is no turning back.','01:28:00','Beast','tt1572501','Beast','2011'),(14,'Documentary film about army cooks, about how everyday needs of thousands of armed stomachs affected victories and defeats of the statesmen. About field kitchen as a model of the world where food preparation becomes a fight strategy. A fight for great ideals standing on strong legs of the kitchen table. The film is based on eleven recipes of the cooks since the Second World War till the war in Chechnya, from France through Balkan to Russia.','01:28:00','Cooking History','tt1436000','Ako sa varia dejiny','2009'),(15,'A man and a woman drive through a war-torn mountain road in their SUV. The vehicle is stuffed with plastic bags full of cash. The man and the woman are giving the money away to the poor souls they encounter on the road. Is this a good-will mission? A game of honor and temptation? A psychotic gamble? As the car ploughs through the icy terrain, answers become increasingly elusive and tension is built up to an unbearable pitch.','01:40:00','Modest Reception','tt2245049','Paziraie sadeh','2012'),(16,'Daniel is a young man suffering from low self esteem, who is incapable of defending himself from the abuses of employers and of society in general. He is medicated with antidepressants to make his monotonous life more bearable; however, far from helping him, the medication worsens his condition with hallucinations and psychotic thoughts of vengeance that lead him to a state of total confusion.','01:14:00','Adverse Effects','tt1766027','Reacciones adversas','2011'),(17,'Anna and her 8-year old son, Anders, are on the run from Anders’ violent father. They move to a secret address in a giant apartment building. Anna is terrified that her ex-husband will find them and buys a babycall to make sure Anders is safe while he sleeps. But strange noises echoe in the babycall from elsewhere in the building. Anna overhears what she believes is the murder of a child. Meanwhile, Anders gets a mysterious, dark-haired friend who comes and goes as she wants. Does Anders’ friend know something about the sounds in the babycall? Why is there blood on Anders’ drawing? Are they still in danger?','01:36:00','Babycall','tt1595833','Babycall','2011'),(18,'The secrets of Kolkata are revealed by overweight dance obsessed intrepid detective Rajesh Ji. Mixing dance and hit songs with the harsh lives of clients, this original feature documentary provides an unprecedented look at modern India through the prism of crime.','01:50:00','The Bengali Detective','tt1787804','The Bengali Detective','2011'),(19,'Spartacus is a rebellious slave purchased by Lentulus, owner of a school for gladiators. For the entertainment of corrupt Roman senator Marcus Licinius Crassus, Batiatus\' gladiators are to stage a fight to the death. On the night before the event, the enslaved trainees are \"rewarded\" with female companionship. Spartacus\' companion for the evening is Varinia, a slave from Brittania. When Spartacus later learns that Varinia has been sold to Crassus, he leads 78 fellow gladiators in revolt.','02:41:00','Spartacus','tt0054331','Spartacus','1960'),(20,'The story of Christoffer and Maja\'s trip to the city of Prague - a beautiful, aging city, but also a city choked by a rigid and dated eastern-block mentality. Prague is the story of a distant, ever-absent father who, even after passing away, traumatizes all who have known him. And Prague is the story of a marriage on the verge of collapse, in which Christoffer wants one thing and Maja another. A story of an old love, constantly transformed; at once, rooted, fragile, vulnerable, forgotten and rediscovered. A marriage where secrets, one after the other, come bursting out of the closet.','01:32:00','Prague','tt0855975','Prag','2006'),(21,'Constantly caught in the middle of everyone\'s battles, Daisato finds his sincere efforts to keep the peace repeatedly belittled; he\'s divorced, his neighbors have covered his house in graffiti, and he gets nothing but dirty looks when he walks down the street. When we first meet Daisato, he is the subject of a television documentary. Though on the surface Daisato may seem completely unremarkable in all respects, it soon becomes apparent just how deceiving first impressions can be: he is a hulking superhuman crime fighter!','01:53:00','Big Man Japan','tt0997147','Dai - nihonjin','2007'),(22,'The motorway between Asunción del Paraguay and Buenos Aires. A truck driver must transport a woman he doesn’t know. The woman is not alone. She´s carrying a baby. There are 1500 kilometres ahead.','01:22:00','The Acacia Trees','tt1754078','Las acacias','2011'),(23,'A sleepwalker. A body. A family. A small community. Arlene is like a ghost in her life. She lives in a small town surrounded by field after field, woodlands and laneways to disappear down and never come back... One morning Arlene wakes in the woods beside the body of a young woman. Someone watches from the trees. The body is soon discovered and suspicion spreads through the community.','01:28:00','The Other Side of Sleep','tt1455825','The Other Side of Sleep','2011'),(24,'Famous black comedy about a group of war-eager military men who plan a nuclear apocalypse. Through a series of military and political accidents, two psychotic generals trigger an ingenious, irrevocable scheme to attack Russia\'s strategic targets with nuclear bombs. The brains behind the scheme belong to Dr. Strangelove, a wheelchair-bound nuclear scientist who has bizarre ideas about man\'s future.','01:35:00','Dr. Strangelove or: How I Learned to Stop Worrying and Love the Bomb','tt0057012','Dr. Strangelove or: How I Learned to Stop Worrying and Love the Bomb','1964'),(25,'Mari lives with her invalid father and two children in a shack in the woods outside the city. Their living conditions are modest, like their other Romani neighbors. For centuries, their “kind” has been commonly referred to as gypsies. Recently, more than ever, they must exist stealthily: five entire families in the area have already been murdered, gunned down in their own homes...','01:26:00','Just the Wind','tt2180335','Csak a szél','2012'),(26,'Humbert Humbert, a British professor of French literature, travels to small-town America for a teaching position. He allows himself to be swept into a relationship with Charlotte Haze, his widowed and sexually famished landlady, whom he marries in order that he might pursue the woman\'s 14-year-old flirtatious daughter, Lolita, with whom he has fallen hopelessly in love... Based on Vladimir Nabokov\'s novel of the same title.','02:32:00','Lolita','tt0056193','Lolita','1962'),(27,'A seedy bar-owner hires a mysterious Croatian to murder an acquaintance over an unpaid debt. The crime is carried out, but a planned double-crossing backfires and an innocent waitress suddenly becomes involved. Now a hostage in her own home, the young woman is driven to desperate measures for survival.','01:20:00','Crawl','tt1848832','Crawl','2011'),(28,'Little Matador follows the journey of three Mexican children struggling to become successful bullfighters. At 10, Michelito is already the star of the child bullfighting circuit: he has killed over 240 bulls. Will he become the youngest professional matador in the world - and with what price for his fierce ambition?','01:27:00','Little Matador','tt1784523','Little Matador','2012'),(29,'For almost one hundred years there was only one way to make a movie - with film. But over the last two decades a digital process has emerged to challenge photochemical filmmaking. Keanu Reeves interviews directors, cinematographers, film students, producers, as Side by Side examines all aspects of filmmaking, exploring what has been gained, what is lost, and what the future might bring.','01:39:00','Side By Side','tt2014338','Side By Side','2012'),(30,'Michael describes the last five months of 10-year-old Wolfgang and 35-year-old Michael\'s involuntary life together.','01:36:00','Michael','tt1906426','Michael','2011'),(31,'On June 29th, 1992 a farmer discovers two bodies in a corn field in the North East of Germany. Police enquiries lead to the fact that the dead men are Romanian citizens, shot by hunters during their attempt to cross the EU border. The hunters claim that they had mistaken the people for wild boar. Four years later, the trial begin. The verdict: not guilty. With Revision, a legally terminated crime case becomes the subject of a cinematic revision.','01:46:00','Revision','tt2203881','Revision','2012'),(32,'Donetsk is the coal-mining area of Ukraine. Here most people work for low wages in the run down mines, while others make a lot of money. No matter which side of the social divide you are on, coming from Donetsk you will almost certainly be an opponent of the Orange Revolution and a fan of the local football team, Shakhtar Donetsk. Billionaire Akhmetov invests heavily in the club, which is becoming a major European force during the season followed by the film. Yet this sporting success funded by an oligarch fortune only seems to highlight the wider social and political stagnation of the region. The outlook appears bleak...','01:29:00','The Other Chelsea: A Story from Donetsk','tt1813699','The Other Chelsea: A Story from Donetsk','2010'),(33,'The film portrays men and women of various ages, backgrounds, and professions who have discovered pleasure in different forms of physical pain. With intimate interviews and dramatic footage, this documentary dispels generally held myths and prejudices surrounding these widely practiced yet little-known forms of pleasure, while providing a glimpse into an alternative community. While intended for an adult audience, this film is not pornographic in nature.','01:22:00','Heaven Hell','tt1686904','Nebe Peklo','2010'),(34,'Something is missing in Tom\'s life. Every day he grows increasingly detached from those around him. His best friend Dan thinks he has the solution, a mysterious video he\'s got to see to believe. What Dan shows him leaves Tom unsettled, flooding his mind with disturbing images and desires, and binding the two friends together with its ugly secret.','01:30:00','Gut','tt1506459','Gut','2012'),(35,'Martin, a mercenary, is sent from Europe by a mysterious biotech company to the Tasmanian wilderness. His mission? To hunt for the last Tasmanian tiger.','01:42:00','The Hunter','tt1703148','The Hunter','2011'),(36,'When two friends tape-recorded the fights of their violently noisy neighbours, they accidently created one of the world\'s first \'viral\' pop-culture sensations. Exploring the blurred boudaries between privacy, art and exploitation, Shut Up Little Man! An Audio Misadventure is a darkly hilarious modern fable.','01:30:00','Shut Up Little Man! An Audio Misadventure','tt1766085','Shut Up Little Man! An Audio Misadventure','2011'),(37,'Donald is a different kind of superhero. In real life he is sick and feels like a peeled potato. But the 15-year-old has an outstanding talent to animate with pen and ink a dark world in which an invincible superhero battles a deadly nemesis and his sexy sidekick. But while Donald’s cartoon hero is unbreakable and unable to love, he himself is utterly breakable and bound for love. He learns of life through his unorthodox psychologist Adrian King, discovers love with the rebellious Shelly and makes peace with his parents while his time is running out. ','01:37:00','Death of a Superhero','tt1384927','Death of a Superhero','2011'),(38,'Based on real people and events. Chung Chun-Tao, or Ah Tao, was adopted in infancy. Her foster father died during the Japanese Occupation and her foster mother sent her away to work. Since her teenage years, Chung Chun-Tao has worked as an amah - a servant - for the Leung family. Known as Ah Tao, she has witnessed every aspect of the family’s life. Some members of the Leung family have passed away and some have emigrated. Now, after 60 years of service, she is looking after Roger, who works in the film industry and is the only family member left in Hong Kong. One day Roger comes home from work to find that Ah Tao has suffered a stroke...','01:58:00','A Simple Life','tt2008006','Tao jie','2011'),(39,'“You will go to sleep: you will wake up. It will be as if those hours never existed.” Death-haunted, quietly reckless, Lucy is a young university student who takes a job as a Sleeping Beauty. In the Sleeping Beauty Chamber old men seek an erotic experience that requires Lucy’s absolute submission. This unsettling task starts to bleed into Lucy’s daily life and she develops an increasing need to know what happens to her when she is asleep.','01:41:00','Sleeping Beauty','tt1588398','Sleeping Beauty','2011'),(40,'Kira and Mads have been married for some years when she is put away for two years in a mental institution. The movie begins when she returns to her home, her husband and their two kids. However, she is not fully recovered and doesn\'t know how to behave in the outside world. She also suspects Mads of having an affair. She causes several scandals, before she gets one final chance to do something right. The question is if their love is strong enough to overcome all these troubles.','01:33:00','Kira\'s Reason: A Love Story','tt0285280','En Kærlighedshistorie','2001'),(41,'The G8 summit was drawing to a close and, at the Diaz Pascoli School in Genoa which had been set up as a social forum for anti-globalisation protesters, the young people were in good spirits – in spite of the violent clashes with the police that had occurred during the previous days. Shortly after midnight, the police stormed the school and brutally attacked these young people for two hours until almost all of them ended up in hospital and were later taken to a detention centre. Told from different perspectives, the story describes the events of this day, sticking close to the heels of both perpetrators and targets, until the whole bloody truth is told.','02:07:00','Diaz: Don\'t Clean Up This Blood','tt1934234','Diaz: Don\'t Clean Up This Blood','2012'),(42,'After fighting with the Prussian army in the Seven Years\' War, young Irishman Raymond Barry flees Prussia and lives as gambler among Europe\'s elite. Wishing to climb higher on the social ladder, Barry soon meets the beautiful Lady Lyndon, marrying her for her fortune after her older titled husband dies. Her son Lord Bullingdon, however, despises the upstart Barry, and, regardless of how his mother may feel, sees to it that he will never be able to stake his claim to the entrenched aristocracy.','03:04:00','Barry Lyndon','tt0072684','Barry Lyndon','1975'),(43,'In the third year of World War I, the erudite but morally bankrupt French general Broulard orders his troops to seize the heavily fortified \"\"Ant Hill\"\" from the Germans. General Mireau knows that this action will be suicidal, but he will sacrfice his men to enhance his own reputation. Against his better judgment, Colonel Dax leads the charge, and the results are appalling...','01:28:00','Paths of Glory','tt0050825','Paths of Glory','1957'),(44,'Regarded as one of the most loved international icons of the 20th Century, Bob Marley\'s music and message of love and redemption are known throughout the world. His music transcends culture, language and creed and resonates around the world today as powerfully as when he was alive.','02:24:00','Marley','tt1183919','Marley','2012'),(45,'For junior high schooler Yuichi Sumida, his only wish in life is to become an ordinary and normal man. Having no big dream but hoping to live without bothering anybody. One night, however, he does something irreparable. Realising that he can never become the person he has always aspired to be, Sumida becomes obsessed with taking sanctions against potentially more evil people than him in society.','02:09:00','Himizu','tt1900893','Himizu','2011'),(46,'Stanley Kubrick\'s second feature film, Killer\'s Kiss was made on a budget of $40,000, all raised by Kubrick\'s relatives. The plot, told in an extended flashback, covers two days in the life of boxer Davy Gordon: he meets nightclub dancer Gloria, the two fall in love, and decide to make their futures somewhere other than New York City. But Gloria is lusted after by her ex-employer...','01:07:00','Killer\'s Kiss','tt0048254','Killer\'s Kiss','1955'),(47,'An all too common story in Romania. With his parents abroad for work, a boy from Cluj grows up with his grandmother. When the parents come home for Christmas, the kid needs their undivided attention...','00:15:00','Another Christmas','','Un alt Crăciun','2012'),(48,'Three different stories about three women of different ages - 30, 40 and 50 years - directed by three of Romania\'s most talented young directors.  ','00:25:00','30-40-50','','30-40-50','2012'),(49,'Ştefan is turning 18. His Dad decides this is the day for his son to ”become a man”, with all that entails. Only things do not go as planned and the father receives a life-changing lesson from his son.  ','00:36:00','From Now On','','De azi înainte','2012'),(50,'Fred, a passive aggressive husband, is confronted by his urge for revenge when his lifeless wife, Donna, accidentally destroys his prized possession. Once Donna leaves town, Fred starts planning his escape.  ','00:11:00','Donna Must Die!','','Donna Must Die!','2012'),(51,'A summer trip to the seaside among best friends.  ','00:24:00','Hello Kitty','','Hello Kitty','2012'),(52,'Houda al-Habash, a conservative Muslim preacher, founded a Qur\'an school for girls in Damascus, Syria when she was just 17 years old. Every summer, her female students immerse themselves in a rigorous study of Islam, in addition to their secular schooling. A surprising cultural shift is underway-women are claiming space within the mosque, a place historically dominated by men. Challenging tradition, Houda insists education for women is a form of worship. Using Qur\'anic teachings, she encourages her students to pursue higher education, jobs, and public lives, while remaining committed to an interpretation of Islam prioritizing women\'s role as wives and mothers. In a world rarely seen, The Light In Her Eyes tells the story of a leader who challenges the women of her community to live according to Islam, without giving up their dreams.','01:27:00','The Light in Her Eyes','tt2124188','The Light in Her Eyes','2011'),(53,'Anders will soon complete his drug rehabilitation in the countryside. As part of the program, he is allowed to go into the city for a job interview. But he takes advantage of the leave and stays on in the city, drifting around, meeting people he hasn\'t seen in a long while. Thirty-four-year-old Anders is smart, handsome and from a good family, but deeply haunted by all the opportunities he has wasted. He is still relatively young, but feels his life in many ways is already over. For the remainder of the day and long into the night, the ghosts of past mistakes will wrestle with the chance of love, the possibility of a new life.','01:35:00','Oslo, August 31st','tt1736633','Oslo, 31. august','2011'),(54,'Abandoned as a baby on the steps of a monastery and raised in strict Capuchin fashion, Ambrosio has become the most famous preacher. While large crowds from all over the country come to hear his mesmerizing sermons, he’s also bitterly envied for his success by certain fellow monks. Convinced of his virtue and righteousness, brother Ambrosio thinks he is immune to temptation... Until obscure events start terrorizing the monastery. Could they be connected to the unexpected arrival of Valerio, an apprentice monk who hides his disfigured face under a wax mask?','01:41:00','The Monk','tt1605769','Le moine','2011'),(55,'Akira was raised in an assassin family. One day, Akira unintentionally stepped into a old whorehouse. The prostitute he met there looked just like the beautiful girl he failed to kill 10 years ago. Akira\'s life becomes crooked since then...','01:19:00','End of the Night','tt1980106','Yoru ga owaru basho','2011'),(56,'A professional fighter risks his life to save a beautiful stranger in Hell’s kitchen.','00:18:00','Suffer','tt1924388','Suffer','2011'),(57,'Daniel, Lina, Stefan and Therese are sixteen years old. They are the best of friends and are on their way out for the night. It is a night like all others and yet a night like no other before. When the sun rises, their lives will be forever changed. Daniel is in love with Lina, but Lina is hopelessly in love with herself and rock star Niklas Ravn. Therese is willing to offer Stefan her virginity, but Stefan would rather come out of the closet - and come out to Daniel. But Daniel is much more interested in Therese...','01:30:00','Love is in the Air','tt1592556','Magi i luften','2011'),(58,'By coincidence rather then by design the swiss chemist Albert Hofmann makes a sensational discovery in the spring of 1943. He realizes that he is dealing with a powerful molecule that will have an impact not only on the scientific world. The Substance is an investigation into our troubled relation with LSD. Told from its beginnings until today.','01:30:00','The Substance: Albert Hofmann\'s LSD','tt2075352','The Substance: Albert Hofmann\'s LSD','2011'),(59,'Manuel is in jail in the south of Chile. During the earthquake of February 27th, 2010, the prison collapses. In the chaos, some inmates, including Manuel, manage to break out. He becomes a fugitive, lost in the middle of the catastrophe. When he returns home, he finds that it has been ravaged by a tsunami that has also taken the lives of his wife and his daughter. As he makes his way through the ravaged landscapes, he begins to delve deeper and deeper into his own inner devastation. This strange new-found freedom will lead him to some unexpected encounters, and bring him face to face with nature’s cruelty, pushing his existence to its limits.','01:22:00','The Year of the Tiger','tt2024396','El Año del Tigre','2011'),(60,'Since 1996 film director Michal Kosakowski has been asking people with different backgrounds about their murder fantasies. He offered them the chance to stage their fantasies as short films. The only condition was that they had to act in these films themselves, either as victims or perpetrators. More than a decade later, Kosakowski met these people again to ask them a few questions.','01:21:00','Zero Killed','tt2106766','Zero Killed','2012'),(61,'In the 70s Matteusz Gdula invented an acting method that was supposed to make every actor “shine”. Still, lots of his students die mysteriously and Gdula commits suicide. His method gets banned. The present day: Stella, an ambitious, but rather untalented drama student, gets accepted at the Matteusz Gdula school. When she bears witness to some strange occurrences, she gets drawn into the bizarre and deadly web that surrounds the dark secret of the school...','01:52:00','Masks','tt1941600','Masks','2011'),(62,'One evening in Beirut, Zoha and Mathieu meet. She’s a young Lebanese singer trying to free herself from her ex-husband’s stranglehold. He’s a French lawyer here on business who despite himself will be tracked down and suspected of spying. Over the course of ten days they will live a love story made of fear and desire, intrigue and violence. Beirut Hotel is a love story on the razor’s edge, a reflection of a country wavering between war and peace, where everything at any moment can spin out of control.','01:39:00','Beirut Hotel','tt2018043','Beyrouth hôtel','2011'),(63,'Ruben Östlund\'s third feature is a serious yet humorous study of human behaviour inspired by authentic cases in which groups of young boys robbed other children in central Göteborg. What was remarkable about the robberies was that they followed an elaborate role-play which tricked the victims without resort to violence or threats.','01:58:00','Play','tt1376717','Play','2011'),(64,'Anna has moved to Buenos Aires to live out her dream of being a sports agent and ends up falling for Argentina´s biggest football star. Instead of mailing the divorcee papers, her husband Christian flies out with his teenage son to deliver them in person, all the while secretly hoping to win back his wife and his life...','01:39:00','SuperClasico','tt1609492','SuperClásico','2011'),(65,'A big hospital on the outskirts of a small city in the middle of the Thuringian Forest. Here Johannes carries out his alternative national service. The head physician, a family friend, has recruited him. Johannes gets to know Ana. During the night of their first embrace, a sex offender escapes from the hospital. His flight and the police’s hectic search accompany the story of Johannes and Ana - a love story transcending boundaries, without a future.Beats Being Dead is part of the Dreileben project, consisting of three films which will be screened both on their own and in a marathon screening at Transylvania IFF.','01:28:00','Dreileben I: Beats Being Dead','tt1718776','Dreileben - etwas besseres als den tod','2011'),(66,'Part three in the Jarle Klepp trilogy based on Tore Renbergs successful novels. Company Orheim tells the story of teenager Jarle and his parents struggling to live together despite the father’s violence and alcoholism. Jarle finds his escape through music, political activism and chasing girls, but standing up for himself at home is a battle still to be fought.','01:44:00','Company Orheim','tt2226437','Kompani Orheim','2012'),(67,'Stanley Kubrick\'s return to filmmaking after a seven-year hiatus, this film crystallizes the experience of the Vietnam War by concentrating on a group of raw Marine volunteers. Based on Gustav Hasford\'s novel The Short Timers, the film\'s first half details the volunteers\' harrowing boot-camp training under the profane guidance of drill instructor Sgt. Hartman (R. Lee Ermey, a real-life drill instructor whose performance is one of the most terrifyingly realistic on record). Part two takes place in Nam, as seen through the eyes of the now thoroughly indoctrinated marines.','01:56:00','Full Metal Jacket','tt0093058','Full Metal Jacket','1987'),(68,'Celebrated documentary director Frederick Wiseman spent ten weeks with his camera exploring one of the most mythic places dedicated to women, Crazy Horse. This legendary Parisian cabaret club, founded in 1951 by Alain Bernardin, has become over the years the Parisian nightlife ‘must’ for any visitors, ranking alongside the Eiffel tower and the Louvre. The film takes us to the final curtain up, and the unveiling of the brand new show, Desir.','02:14:00','Crazy Horse','tt2043814','Crazy Horse','2011'),(69,'Confined to a universe that stretches only from bed to wheelchair, Porfirio - a man in diapers who sells call time on his cell phone in a faraway city on the outskirts of the Colombian Amazon - dreams that he can fly.','01:41:00','Porfirio','tt1774531','Porfirio','2011'),(70,'\"We meet digital natives from US, Sweden, China, Germany and France who successfully extended their real life into virtual reality. Fascinating and emotional glimpse into their world and their new perception of love, intimacy, friendship, sex and money.\"','01:27:00','Login 2 Life','tt2070729','Login 2 Life','2011'),(71,'Gustav and Luca must give up their apartment. Worn down like so many of his friends by precarious employment, Gustav wishes to move abroad, but Luca is unconvinced and seeks to understand the reasons for such widespread national entropy. The issue becomes the pretext for a six-month journey around Italy in an old Fiat 500 during which they compile the tales of those who chose to leave as well as those who decided to stay.','01:15:00','Italy: Love It, or Leave It','tt2049474','Italy: Love It, or Leave It','2011'),(72,'Overthrown by his deputy, Cao Man, young and arrogant warlord Hou Jie is forced to take refuge in Shaolin temple. He is filled with hatred, but he gradually comes to understand Buddhism and Shaolin\'s principles through study and practicing martial arts. He finds peace and enlightenment, becomes a monk and decides to mend his ways. Finally, in order to protect the temple, the monks and refugees, Hou and the Shaolin masters are forced to take a fiery stand against Cao and his army.','02:11:00','Shaolin','tt1533749','Shaolin','2011'),(73,'A strange, enigmatic and decadent white diplomat arrives in central Africa, looking like a mixture of Henry Stanley and Karl Lagerfeld. He has recently bought an ambassadorship and claims to be a do-good rich business man, who has come to spearhead a diplomatic mission. Officially he is there to start a factory that produces matches - this, to employ locals and teach how to make this simple piece of fire-making equipment. Unofficially he is really there to gain access to vast reserves of diamonds. The Ambassador is a genre-breaking, tragic comedy about the bizarre world of African diplomacy.','01:33:00','The Ambassador','tt2048877','Ambassadøren','2011'),(74,'One rainy night, a young blind woman named Soo-ah waits for a taxi on the streets. Just as when the taxi driver seems a bit too nice to her, the car bumps into something big. When Soo-ah comes back to herself, she senses the driver dragging and loading something in the trunk. He says it’s a dog but she knows that he’s keeping something from her. Later, Soo-ah will help the police to solve the case, but she has no idea that the driver was serial killer... Now he\'s ready to do anything in order to silence the witnesses.','01:51:00','Blind','tt2025506','Beul-la-in-deu','2011'),(75,'The true story of gay lovers Richard Loeb and Nathan Leopold Jr. who kidnapped and murdered a child in the early 1920s for kicks. The plot covers the months before the crime, the investigation, trial and final fate of the two men.','01:22:00','Swoon','tt0105508','Swoon','1992'),(76,'\"All the animals come out at night\" - and one of them is a cabby about to snap: insomniac ex-Marine Travis Bickle works the nightshift, driving his cab throughout New York City, wishing for a \"real rain\" to wash the \"scum\" off the neon-lit streets. Chronically alone, Travis cannot connect with anyone. Several encounters will make him take the decision to condition and arm himself for his imagined destiny, a violent mission. Palme d\'Or winner at Cannes 1976.','01:53:00','Taxi Driver','tt0075314','Taxi Driver','1976'),(77,'Kanjuro Nomi is an aging samurai who only has a scabbard. With a past that made him throw away his sword and refuse to fight, he now journeys to nowhere with Tae, his only daughter. Kanjuro becomes a wanted man for deserting his lord and is sentenced to a formidable task: he has to restore a smile to the sad prince who has lost his mother. He has thirty days to complete his assignment and he must commit seppuku if he fails. Will the samurai be able to save himself? ','01:43:00','Scabbard Samurai','tt1748278','Saya - zamurai','2010'),(78,'This clandestine documentary, shot partially on an iPhone and smuggled into France in a cake for a last-minute submission to Cannes, depicts the day-to-day life of acclaimed director Jafar Panahi during his house arrest in his Tehran apartment. While appealing his sentence - six years in prison and a 20 year ban from filmmaking - Panahi is seen talking to his family and lawyer on the phone, discussing his plight with Mojtaba Mirtahmasb and reflecting on the meaning of the art of filmmaking.','01:15:00','This is Not a Film','tt1667905','In film nist','2011'),(79,'Laid-off steelworker Chen Guilin tries to stay positive despite the problems he faces in his life, including a divorce. To give his daughter the opportunity to develop her talent at music, Chen decides to make a piano from scrap steel with the help of several loyal friends and colleagues from the now defunct steel factory. Despite the adversity around him, Chen seeks happiness and satisfaction in life.','01:59:00','The Piano in a Factory','tt1723118','Gang de qin','2010'),(80,'So-yeun is an animal groomer who works in a pet shop. One day, she gets stuck with a Persian cat named Silky when its owner suddenly dies. From then on, So-yeun is constantly haunted by a bobbed hair girl with green cat-like eyes who turns her life into a nightmare. So-yeun desperately seeks help from the people around, but no one listens to her. The presence of the girl and the sound of Silky\'s cries start to choke in around her life more and more. Not only that, people around So-yeun get killed one by one...','01:46:00','The Cat','tt1935094','Go-hyang-i: Jook-eum-eul Bo-neun Doo Gae-eui Noon','2011'),(81,'For 14-year-old Adam, the world of his poor Romany village has only two joys: boxing and Julka, a friend his same age. But after the violent death of his father, the boy experiences life’s harsher side: his mother remarries and his stepfather demands obedience without seeking to deserve Adam’s respect. Gradually everything the boy was attached to starts to fall apart around him and soon he will find himself in a situation for which there is only one solution.','01:40:00','Gypsy','tt1980935','Cigan','2011'),(82,'1979. Ten-year-old Albertine and all her relatives have gathered in the family house in Bretagne for their grandmother\'s birthday. All believe the Sky Lab, a piece of a NASA rocket, will fall on their head that summer. This reunion turns out to be a crazy week-end of revelations, love and singing...','01:53:00','Le Skylab','tt1638350','Le Skylab','2011'),(83,'After he learns the death of a sixth grade teacher, Bachir Lazhar, an Algerian refugee, propose himself as a substitute at the school\'s headmistress. ','01:34:00','Mr. Lazhar','tt2011971','Bichir Lazhar','2011'),(84,'Hugo is an orphan boy living in the walls of a train station in 1930s Paris. He learned to fix clocks and other gadgets from his father and uncle which he puts to use keeping the train station clocks running. The only thing that he has left that connects him to his dead father is an automaton that doesn\'t work without a special key which Hugo needs to find to unlock the secret he believes it contains...','02:06:00','Hugo','tt0970179','Hugo','2011'),(85,'Pregnant by music? On her 15th birthday, Rachel, a Mormon girl, discovers a forbidden rock music tape. Having never heard anything like it, she has a miraculous experience and three months later, claims to have had an immaculate conception from listening to the music. Her parents arrange a marriage, but Rachel runs away to the closest city, Las Vegas, to search for the man who sings on the tape...','01:36:00','Electrick Children','tt2139843','Electrick Children','2012'),(86,'Gu-nam is a cab driver who leads a pitiful life in Yanji City in Yanbian prefecture, a region between North Korea, China and Russia, where about 800,000 Korean-Chinese known as Joseonjok reside. His wife went to Korea to earn some money 6 months ago, but he hasn’t heard from her since. He plays mah-jong to make some extra cash, but his life only becomes more complicated and pathetic. One day he meets a hitman named Myun-ga and receives a proposal to turn his life around by repaying his debt, and reuniting with his wife. All for a price of one hit. But everything will go wrong...','02:16:00','The Yellow Sea','tt1230385','Hwanghae','2010'),(87,'The Minister for Transport, Bertrand Saint-Jean, is woken in the middle of the night by his personal private secretary. A bus has crashed into a ravine. He goes there, he has no choice. Thus begins the odyssey of a State official through an increasingly complex and hostile world. Speed, power struggles, chaos, economic crisis... In the frantic chain of events, one emergency replaces another. What sacrifices are men ready to accept? How long will they last in a State that devours those who serve it?','01:55:00','The Minister','tt1781843','L\'exercice de l\'État','2011'),(88,'Welcome to the jungle: the Melbourne underworld - the world of Animal Kingdom. Tensions are building between dangerous criminals and equally dangerous trigger-happy police. It’s the Wild West, played out on the city’s streets, with ordinary lives caught in the crossfire.','01:53:00','Animal Kingdom','tt1313092','Animal Kingdom','2010'),(89,'Tom Sawyer has nothing but pranks and mischief on his mind - much to the distress of his Aunt Polly, with whom he and his stepbrother Sid live in the little town of St. Petersburg on the Mississippi. Although he\'s a tough nut to crack, Polly has taken it upon herself to raise Tom to be a responsible, decent person. Luckily for Tom, he has a friend who loves adventures as much as he does, Huck Finn. Only one very exceptional girl manages to take Tom’s mind off of his gallivanting around with Huck: Becky Thatcher, the daughter of the new judge of St. Petersburg, who has just moved into town. Tom does everything possible to impress her with his \"heroic deeds\".','01:49:00','Tom Sawyer','tt1722484','Tom Sawyer','2011'),(90,'Three young people are forced to confront with unscrupulous and over-zealous custom officers from the border between Romania and The Moldavian Republic. A journey which should have been a simple routine becomes an absurd comedy.','00:34:00','In Godfather\'s Movie','','În film la Nașu\'','2012'),(91,'The big day has arrived for Andrei (13): he sets up a score with the neighborhood hotshot, his role-model when it comes to street life. Andrew’s father quickly finds out about it. He knows what to do in order to save his son. Even if this means confronting again the ghosts from his own past...','00:29:00','Daddy Rulz','','Tatăl meu e cel mai tare','2012'),(92,'Elegance, refinement and good taste. Breakfast included.  ','00:16:00','Grand Hotel Italia','','Grand Hotel Italia','2011'),(93,'\"I was walking along a path with two friends - the sun was setting - suddenly the sky turned blood red - I paused, feeling exhausted, and leaned on the fence - there was blood and tongues of fire above the blue-black fjord and the city - my friends walked on, and I stood there trembling with anxiety - and I sensed an infinite scream passing through nature.\" (Edvard Munch, 1893)','00:03:00','The Scream','','Țipătul','2012'),(94,'A lakeside love story with a twist.','00:07:00','Breath','','Breath','2011'),(95,'When she comes back home from a trip to Bucharest, the neighbours welcome Neli with stories about the trouble caused by the wild party her 17-year-old son Dan organized in her absence. Dan, however, has a different version.ând se întoarce acasă după o călătorie la Bucureşti, vecinii o întâmpină pe Neli cu poveştile despre hărmălaia provocată de petrecerea dată de fiul ei Dan cât a lipsit. Versiunea acestuia, în schimb, este diferită.  ','00:18:00','Houseparty','','Chefu’','2011'),(96,'When sixteen-year-old Jamie is introduced to a charismatic man, a friendship begins. As the relationship grows so do Jamie\'s suspicions, until he finds his world threatened by both his loyalty for, and fear of, his newfound father-figure John Bunting, Australia\'s most notorious serial killer.','01:59:00','The Snowtown Murders','tt1680114','The Snowtown Murders','2011'),(97,'As the son of the Imam of the local Brooklyn mosque, eleven year-old Daud has to juggle the high expectations of his father and his feelings of isolation and difference – even from his peers in the Muslim community. Daud inadvertently befriends a group of Jewish boys who mistake him as a fellow classmate at their orthodox school, in the neighboring Jewish community. A genuine friendship grows between Daud and Yoav, one of the Jewish boys, and his family. Unable to resist the joy of a camaraderie that he has never felt before, David, as he is known to the kids, is drawn into a complicated dilemma inspired by the best of intentions.','01:20:00','David','tt1753666','David','2011'),(98,'38 year-old Dennis is a painfully shy bodybuilder who still lives at home with his overbearing mother. When his socially awkward uncle marries a girl from Thailand, Dennis is inspired to go and do the same. Quickly thrown into the seedy underbelly of Thailand\'s sex tourism scene, he nearly gives up on finding a bride of his own. But when a visit to a local gym turns into an unexpected night on the town, Dennis finds that there may be hope for him yet.','01:32:00','Teddy Bear','tt1729226','Teddy Bear','2012'),(99,'The Killing was director Stanley Kubrick\'s first major film effort. Veteran criminal Johnny Clay plans one last big heist before settling down to a respectable marriage with Fay. Teaming with several cohorts, Johnny masterminds a racetrack robbery. The basic flaw is that all the crooks involved are losers and small-timers who find themselves in way over their heads despite their supposed cleverness...','01:25:00','The Killing','tt0049406','The Killing','1956'),(100,'Jean is young, gay, and promiscuous. Only after he meets one or two women, including Laura does he come to realize his bisexuality. Jean has to overcome a personal crisis (he is HIV-positive) and a tough choice between Laura and his male lover Samy. Special screening for the film\'s 20th anniversary!','02:06:00','Savage nights','tt0105032','Les nuits fauves','1992'),(101,'Ivar, Mitja and Torsti, three half brothers - all with different mothers - come together for the first time in many years to celebrate their father’s 70th birthday. In a hysterical and often funny outpour the past comes bubbling to the surface. Deep down the brothers all feel like they have failed in life - and all of the bad, they believe, rests firmly on the shoulders of their philandering and neglectful father.','01:30:00','Brothers','tt1754838','Veljekset','2011'),(102,'A desolate, windswept island. Stella and Oskar, a young couple, visit her father Nathan, who lives a lone life in the company of his labrador dog. Stella is pregnant and looking forward to the birth of her baby, but Oskar appears to be in doubt. When Oskar falls prey to Nathan\'s provocations and feels bewildered by the relationship between father and daughter, a clash between the two men is inevitable and Stella is caught in between.','01:13:00','Out of Bounds','tt1890445','Labrador','2011'),(103,'Marko is looking forward to a relatively quiet weekend in the small town where his parents live. But there’s news: his mother, who has been bipolar since Marko’s childhood, announces that a homeopathic treatment has made her feel better than ever. She’s decided to do away with her medication and is now looking forward to sharing the rest of her life with her husband. The decision will have consequences on all the other members of the family...','01:25:00','Home for the Weekend','tt2180587','Was bleibt','2012'),(104,'A manipulative Spanish teacher plays a dangerous game with a particularly rebellious male student and gets caught in her own trap. A young agnostic taking care of her invalid sister is forced to rethink her stance on religion. A Ghanaian-born photographer adopted by French diplomats leaves the choice of her next lover to fate. Djinn Carrénard\'s film asks: Do we choose to love? Do we choose to be loved?','02:13:00','Donoma','tt1653848','Donoma','2010'),(105,'From One Film to Another is a documentary which celebrates the work of highly venerated French auteur Claude Lelouch over the course of his half century long career in cinema. The documentary is a sequence of film clips and interviews, including behind-the-scenes of Lelouch\'s Academy Award-winning film, A Man and a Woman.','02:24:00','From one film to another','tt1906353','D\'un film à l\'autre','2011'),(106,'Director Vincent Morisset’s Inni is the second Sigur Rós live film following previous tour documentary Heima. Contrary to Heima, Inni is intimate and ruthless. Whereas Heimaportrayed Sigur Rós in the context of their Icelandic homeland, providing geographical, social and historical perspectives on their music, Inni\'s focus is entirely on the band performing. Heima’s kaleidoscopic richness has been replaced by a spare and almost monochromatic visuality that brings Sigur Rós close to its audience in an unseen manner.Inni is live at its purest.','01:14:00','Inni','tt2011232','Inni','2011'),(107,'The world famous violinst with a nose fetish, Julian Rachlin, takes over the town of Dubrovnik, Croatia, every year to organize a two week long classical music festival. His oldest friend, the violinist, composer and filmmaker Aleksey Igudesman offers to make a documentary film about the event, but things seem to go wrong pretty much from the start... Official homepage \"Noseland\": http://noselandthemovie.com/','01:20:00','Noseland','tt1784660','Noseland','2012'),(108,'  A man and a woman meet by accident on a Sunday evening at their childrens\' boarding school. Slowly they reveal themselves to each other, finding that each is a widow/widower. Each is slow to reveal anything personal, but hey become friends, then close friends, and then she reveals that she can\'t have a lover because, for her, her husband\'s memory is still too strong...','01:42:00','A Man and a Woman','tt0061138','Un homme et une femme','1966'),(109,'A close-up about the everyday life of refugees in a Hungarian refugee camp. Four languages, four home-sicknesses, four wounds, four fights. A chance for a fresh start in a foreign country. Lia, Ahmed, Bebe and Usama came to Hungary from different parts of the world: Georgia, Somalia, Ivory Coast and Lebanon and, if only for a brief period of time, became each others’ neighbours. All of them have left their homeland for different reasons. Caught Between Two Worlds is a dramatic journey into the depths of being a refugee.','01:07:00','Caught Between Two Worlds','tt1934310','Két világ közt','2011'),(110,'Turning transgression into a comedic principle, this turbulent farce that toys with clichés and stereotypes turned out to be an unexpected hit in Serbia. In The Parade a life-saving operation on a gangster’s pitbull terrier brings together two very different worlds: old school machismo meets gay obsession for interior design, as a number of former foes find themselves obliged to form a tenuous bond with a bunch of gay activists. This motley crew are sent on an impossible and probably suicidal mission to protect a fresh attempt to hold a Gay Pride parade from renewed and certain onslaught from nationalists and neo-Nazi organisations and make the event a success.','01:55:00','The Parade','tt1784575','Parada','2011'),(111,'Keep The Lights On chronicles the emotionally and sexually charged journey of two men. New York in the Nineties. Documentary filmmaker Erik and closeted lawyer Paul meet through a casual encounter and soon become a couple. They are risk takers-compulsive and fueled by sex. In an almost decade-long relationship defined by highs, lows and dysfunctional patterns, Erik struggles to negotiate his own boundaries and dignity and to be true to himself.','01:41:00','Keep the Lights On','tt2011953','Keep the Lights On','2012'),(112,'Roger is a man who seems to have it all: he is Norway\'s most successful Headhunter, married to the beautiful gallery-owner Diana, owns a magnificent villa - but living larger than he should. To keep up he is stealing art on the side. At a gallery opening, his wife introduces him to Clas Greve. Not only is he the perfect candidate for the CEO position of the GPS company Pathfinder that Roger is currently recruiting for; he is also in possession of a very valuable painting. Roger sees his chance to become financially independent, and starts planning his biggest hit ever.','01:40:00','Headhunters','tt1614989','Hodejegerne','2011'),(113,'More than ten thousand miners in southwestern Bolivia still excavate the slopes and tunnels of Cerro Rico, the richest silver field in mining history. Shot in iconic Potosí and in the surreal salt flats of Salar de Uyuni - where half of the world’s lithium reserves are still untapped - Cerro Rico offers a stark, unpared portrait of mining life in the highlands of South America, while raising issues of social and economic sustainability that have burdened these communities since colonial times.','01:30:00','Cerro rico, tierra rica','tt1954326','Cerro rico, tierra rica','2011'),(114,'The film is about the utterly fantastic and eccentric 80-year-old Japanese inventor responsible for 3,357 inventions, including the floppy disk. NakaMats is an unlikely character made for the movies, with his deadpan English and impeccable comic timing providing nonstop laughs. Utterly nutty, but also a paean to the spirit of human invention.','00:57:00','The Invention of Dr. Nakamats','tt1708535','Opfindelsen af Dr. Nakamats','2009'),(115,'A stylized portrait and a pop diary of a talented skater lost on the foreclosure landscape of empty pools and deserted houses, torn between a son he barely knows and his girlfriend, a nerd and a crack addict like himself. Against the backdrop of the American recession, in the stagnant suburbs of Fullerton, California, unable to hold a job, Josh “Skreech” Sandoval makes a last-ditch try at making it as a skater. His reflexes are rusty, though, and the fresh new entries aggressive. Just over twenty, Josh is considered a relic.','01:14:00','Dragonslayer','tt1633989','Dragonslayer','2011'),(116,'With wife Wendy and psychic son Danny in tow, frustrated writer Jack Torrance takes a job as the winter caretaker at the opulently Overlook Hotel so that he can write in peace. Before the Overlook is vacated, the manager informs Jack that a previous caretaker went crazy and slaughtered his family; Jack thinks it\'s no problem, but Danny\'s \"shining\" hints otherwise. Danny is plagued by more blood-soaked visions of the past, and a blocked Jack starts visiting the hotel bar for a few visions of his own. Frightened by her husband\'s behavior, Wendy soon discovers what the hotel has done to Jack...','02:22:00','The Shining','tt0081505','The Shining','1980'),(117,'Jasna is a beautiful girl in her mid-teens. Disillusioned by her life in a remote Serbian town with a dispirited mother and terminally ill father, she opposes everyone, including herself, and goes wild, experimenting with sex, drugs and simply killing time. But gradually, this desperate protest helps her come to terms with the painful reality.','01:40:00','Klip','tt1900908','Klip','2012'),(118,'Archive footage from 2000 shows how Slavik had his ultimate moment of glory with his former dance partner. That was the year this Ukrainian first became the World Latin American Dance Champion. A successful career seemed certain, but now 10 years have gone by, and Slavik stopped dancing a long while ago. His body is showing signs of age, but he is still aiming for a comeback. Together with Anna, his partner in dance and life, he wants one more chance to shine on the dance floor. But can Anna deal with her lover\'s temperamental and demanding nature? And will love get in the way? The film follows the duo all over the world as they travel to international dance competitions, rehearsals and hotel rooms.','01:18:00','Ballroom Dancer','tt2083141','Ballroom Dancer','2011'),(119,'Brandon is a 30-something man living in New York who is unable to manage his sex life. After his wayward younger sister moves into his apartment, Brandon\'s world spirals out of control. From director Steve McQueen (Hunger), Shame is a compelling and timely examination of the nature of need, how we live our lives and the experiences that shape us.','01:41:00','Shame','tt1723811','Shame','2011'),(120,'How the richest man Russia became its most famous prisoner. A documentary on the transformation of Mikhail Khodorkovsky - from a perfect socialist to a perfect capitalist and finally, in a Siberian prison, becoming a perfect martyr. Khodorkovky - the richest Russian, challenges President Putin. A fight of the titans begins. Putin warns him. But Khodorkovsky comes back to Russia - knowing that he will be imprisoned, once he returns. Why didn\'t Khodorkovsky stay in Exile with a couple of billions? Why did he come back?','01:51:00','Khodorkovsky','tt1733525','Khodorkovsky','2011'),(121,'Anne, a Paris-based mother of two and investigative journalist for Elle, is writing an article about university student prostitution. Her meetings with two fiercely independent young women, Alicja and Charlotte, are profound and unsettling, moving her to question her most intimate convictions about money, family and sex.','01:39:00','Elles','tt1549589','Elles','2011'),(122,'Cyril, almost 12, has only one plan: to find the father who left him temporarily in a children’s home. By chance he meets Samantha, who runs a hairdressing salon and agrees to let him stay with her at weekends. Cyril doesn’t recognize the love Samantha feels for him, a love he desperately needs to calm his rage.','01:27:00','The Kid With a Bike','tt1827512','Le gamin au vélo','2011'),(123,'Christian Orthodox nuns in a Romanian monastery call each other \"little mothers\". They have renounced earthly trappings to wed the eternal. \"God my sovereign, it is You I seek each and every morning. I hunger for You, and my body and soul tremble for You...\" This is a film about the most beautiful among them and her marriage to God.','01:26:00','Teodora Sinner','','Păcătoasa Teodora','2011'),(124,'A man wakes up alone in a white room with no windows or doors. When he presses a mysterious phallic protuberance that appears on the wall, a pink toothbrush materializes from nowhere, clattering to the floor and setting in motion a bizarre chain of events. Soon the imprisoned man is engaged in absurd and hilarious attempts to escape, releasing random objects from the walls and creating a life sized mouse trap game in which a rope, a toilet plunger and an earthenware jug full of sushi might just be the keys to his escape.','01:33:00','Symbol','tt1410261','Shinboru','2009'),(125,'Claudia, a ten-year-old girl, leaves with her family to spend the weekend out of town. During their car trip, they decide to take a short rest at an abandoned gas station. The appearance of a strange woman will reveal her true fate to Claudia.','00:15:00','Legend','tt2354187','Leyenda','2011'),(126,'It all begins on a Thursday when two children go on a holiday trip with their parents to the north of Chile. It all ends on a Sunday. Lucía and Manuel travel for the long weekend with their parents, Ana and Fernando. The couple has decided to break up but has previously promised their children to go to the north, so they decide to travel anyway. The journey slowly turns into a final goodbye. It’s a long route. The landscape’s loneliness and the car’s confinement begin to surface the troubles of the couple.','01:36:00','Thursday Till Sunday','tt1398991','De jueves a domingo','2012'),(127,'Fatma lives with her husband and six children in Vienna, trying to preserve the traditional values and the social prestige of her family. When Ayse, a 19-year-old girl from the Turkish countryside, is chosen to be married to Fatma’s son, a special friendship evolves between the two women. But soon this relationship is put to the test as the family has to face a difficult stroke of fate.','01:33:00','Kuma','2tt2215215','Kuma','2011'),(128,'At midnight, a man wakes up surrounded by strangers speaking a curious language, in the middle of a weird dinner which soon gets out of hand... A frightening drama which takes the form of a crazy puzzle, a dive into a strange world which resembles a nightmare!','00:15:00','CTIN!','tt1920882','CTIN!','2011'),(129,'Chhaya is a simple housewife who has an artistic bent of mind and a seemingly happy life with her husband Arvind. Money trickles in every month and life goes on for an unassuming Chhaya, until her eyes catch hold of an unfinished sculpture of the Hindu goddess Lakshmi. Her values and relationships as she knows them begin to decay day by day, surrendering to the clutches of an ugly obsession that feeds on her weaknesses and past disappointments. She must have the Lakshmi, as if to make up for all that she has yearned for in her life.','01:32:00','Corrode','tt1669648','Kshay','2011'),(130,'Park Duk-joon is an old man living by himself. Every night, he suffers from insomnia attacks brought on by disturbing flashes from his dark past. He tries in vain to pray and find solace in religion. His only friend is Mrs. Lee, a church elder who gives him weekly church bulletins. Mrs. Lee invites him to a testimonial at her church. Duk-joon is surprised to see the face of the speaker. He is Lim Gwang-han, Duk-joon’s former superior officer from his days as a police interrogator in the 80s. They meet for the first time in years, Gwang-han brings up Duk-joon’s painful past again. ','01:36:00','A Confession','','Gan-jeung','2010'),(131,'The Silent Thief is the chilling story of Brennan Marley, a drifter who threatens to destroy a family’s unity by systematically displacing their absent son, Mike Henderson. Hungry for acceptance and exceptionally cunning, Brennan rents a room from the Henderson family. During his stay, Brennan uses his manipulative prowess to ingratiate himself with each individual family member before Mike returns from college. As Brennan’s tactics become increasingly pernicious, psyches are driven to the breaking point and violence ensues.','01:44:00','The Silent Thief','tt1972803','The Silent Thief','2012'),(132,'Alma is a small-town teen with a big imagination. Horny and looking for love, she has only her lively imagination to ameliorate her frustratingly lonely and chaste life. A titillating yet awkward encounter with school heartthrob Artur promises to literally make Alma’s dreams come true, but she is instead shunned by her catty classmates and saddled with a particularly unkind nickname. Suddenly a social outcast, Alma is desperate to just move out of town and on with her life...','01:16:00','Turn Me On, Dammit!','tt1650407','Få meg på, for faen','2011'),(133,'Somewhere in the Thuringian Forest – a mythical region full of legends and superstition – a sex offender roams. Police psychologist Johanna is dispatched to Thuringia. She stays with her friend Vera and Vera’s husband Bruno, who have lived in this region for some time now. Old stories and old feelings surface. The two women come to realize that, ten years ago in Munich, they were both in love with the same man at the same time, without ever encountering each other. Don\'t Follow Me Around is part of the Dreileben project, consisting of three films which will be screened both on their own and in a marathon screening at Transylvania IFF.','01:29:00','Dreileben II:Don\'t Follow Me Around','tt1718777','Dreileben - komm mir nicht nach','2011'),(134,'The final work of legendary director Stanley Kubrick, who died within a week of completing the edit, stars Tom Cruise and Nicole Kidman, at the time Hollywood\'s most bankable celebrity couple. They are William and Alice Harford, a physician and a gallery manager who are wealthy, successful, and travel in a sophisticated social circle. A visit to a formal-dress party leads them into sexual temptation when William is drafted into helping a beautiful girl who has overdosed on drugs while Alice is charmed by a man bent on seduction.','02:39:00','Eyes Wide Shut','tt0120663','Eyes Wide Shut','1999'),(135,'Stanley Kubrick dissects the nature of violence in this darkly ironic adaptation of Anthony Burgess\'s novel. Classical music-loving Alex and his mates spend their nights getting high before embarking on ultraviolent rampages. After Alex is jailed for murdering a woman, he submits to the Ludovico behavior modification technique to earn his freedom; he\'s conditioned to abhor violence...','02:16:00','A Clockwork Orange','tt0066921','A Clockwork Orange','1971'),(136,'900 Days is a documentary about the Blockade of Leningrad during World War II. The film presents an emotional picture of the struggle of some survivors, whose personal memories tend to be overshadowed by the heroic myth held up by the authorities. That myth is in painful contrast with the horrific truth they were forbidden to mention all these years.','01:18:00','900 Days','tt2136691','900 Dagen','2011'),(137,'Loss. Isolation. Ambiguity. Can you trust your own senses? On a remote wooded island, a young woman becomes caretaker to an elderly man in a vegetative state. She has no cell signal, no Internet. Forced to meet the needs of a man who cannot respond, Joslyn vacillates between finding solace in his company and feeling fear and suspicion towards him. As the monotony of her daily routine starts to unravel, boundaries collapse and Joslyn struggles with sexuality, guilt and loss.','01:28:00','Without','tt1791687','Without','2011'),(138,'TJ arrives in Broome - a man on the run from himself. TJ’s quest to find the son he’s never known, takes him on a journey across the remote and stunning Kimberley landscape. On the road, TJ questions his life of violence. He meets a host of amazing characters who open up a way of life infused with music and community.','01:34:00','Mad Bastards','tt1787758','Mad Bastards','2010'),(139,'When a large black monolith is found beneath the surface of the moon, the reaction immediately is that it was deliberately buried by an alien intelligence. When the point of origin is confirmed as Jupiter, an expedition is sent in hopes of finding the source. When Dr. David Bowman discovers faults in the expeditionary spacecraft\'s communications system, he discovers more than he ever wanted to know.','02:21:00','2001: A Space Odyssey','tt0062622','2001: A Space Odyssey','1968'),(140,'Tul, a straight-laced cop, is blackmailed by a powerful politician and framed from a crime he did not commit. Disillusioned and vengeful, he is soon recruited to become a hitman for a shadowy group aimed at eliminating those who are above the law. But one day, Tul is shot in the head during an assignment. He wakes up after a three-month coma to find that he sees everything upside down, literally.','01:45:00','Headshot','tt1682186','Fon Tok Kuen Fah','2011'),(141,'Louise and Martine Fokkens are identical twins. For over 40 years they were working as prostitutes. They freed themselves from the control of their pimps, ran their own brothel, and set up the first informal trade union for prostitutes. Now they bid their farewells. A portrait of these remarkable women, as well as a history of the Red Light District in Amsterdam over the past fifty years.','01:20:00','Meet the Fokkens','tt2062989','Ouwehoeren','2011'),(142,'Before ascending the throne, Wu Zetian, China’s one and only female Empress Regnant, orders the construction of a tall Buddhist pagoda. Before the pagoda has been completed, two murders are committed. Wu orders Detective Dee to investigate the murders. His investigation proves to be filled with intrigue and suspense...','01:59:00','Detective Dee and the Mystery of the Phantom Flame','tt1123373','Detective Dee and the Mystery of the Phantom Flame','2010'),(143,'A drawing course, a safari park and a taxidermist’s workshop: three settings in which humans and animals meet. The focus of observation is on relationships of sight and perception: Bestiary unfolds like a filmic picture book about mutual observation, about peculiar perception. A contemplation of a stable imbalance, and of indefinable elements in the relationship between humans and animals.','01:12:00','Bestiaire','tt2125439','Bestiaire','2012'),(144,'It is happening all across America - rural landowners wake up one day to find a lucrative offer from an energy company wanting to lease their property. The reason? The company hopes to tap into a reservoir dubbed the \"Saudi Arabia of natural gas.\" Suddenly America finds itself on the precipice of becoming an energy superpower. Environment Day screening!','01:47:00','GasLand','tt1558250','GasLand','2010'),(145,'The Zhao family is framed for a treasonous plot by Tu\'an Gu, a nefarious minister. Cheng Ying, a doctor, sacrifices his own son to save the only child of the Zhaos. Set on revenge, he raises the Zhao orphan as his own. Cheng enrolls himself and the orphan in the service of Tu\'an. The day of revenge draws closer...','02:02:00','Sacrifice','tt1726738','Zhao shi gu er','2010'),(146,'A long-gestating project of director Stanley Kubrick, A.I. Artificial Intelligence passed to his friend Steven Spielberg after Kubrick\'s death. Haley Joel Osment stars as David, a robot of the future, when humans depend upon robotic assistance. The first robot designed to experience love, David is the \"son\" of Henry, an employee of the company that built the boy, and the grief-stricken Monica. David is meant to replace the couple\'s hopelessly comatose son, but when their natural child recovers, David is abandoned and sets out to become \"a real boy\" worthy of his mother\'s affection.','02:26:00','A.I. Artificial Intelligence','tt0212720','A.I. Artificial Intelligence','2001'),(147,'Enticed by advertisements for the newly restored Marigold Hotel and bolstered with visions of a life of leisure, a group of British retirees arrive in India to find the palace a shell of its former self. Though less luxurious than imagined, they are forever transformed by their shared experiences, discovering that life and love can begin again when you let go of the past.','02:04:00','The Best Exotic Marigold Hotel','tt1412386','The Best Exotic Marigold Hotel','2011'),(148,'Jonathan has always been happy to leave by himself towards his grandfather as his sister was too little to join him. But this summer Sophie is big enough to do that, unfortunately for Jonathan who is willing to do anything to get rid of his little sister. But as soon as he does that, he gets into trouble as Sophie is kidnapped by a giant bear. Jonathan has to find her before being too late but in order to do that he has to enter the forest...','01:15:00','The Great Bear','tt1381803','The Great Bear','2011'),(149,'Tragedy strikes a family in rural Canada struggling to keep their dairy farm from going under. The man of the family is killed in a freak accident leaving his wife as the sole caregiver looking after their rebellious teenage son who is dealing with his emerging sexuality. The relationship between mother and son is tested again when she seeks comfort in the arms of a stranger who arrives at the farm with questionable intent.','01:51:00','Wetlands','tt1555218','Marécages','2011'),(150,'Graduating year 12 students in formal attire, their parents and teachers, mill around the grounds a hall in the twilight. At first glance, it looks like the normal proceedings of a school formal, but as time goes on, the observation of uncanny moments hint that things may not be exactly as they seem.','00:08:00','At the Formal','tt1998180','At the Formal','2011'),(151,'On the surface, all is calm. In a dark and humid cavern, an abominable ceremony to which grotesque creatures devote themselves is interrupted by the arrival of an intruder.','00:09:00','The Adder\'s Bite','tt1671747','The Adder\'s Bite','2010'),(152,'Considered one of best titles in Claude Lelouch\'s career, Les Uns et les autres follows four families, with different nationalities but with the same passion for music. The various story lines cross each other time and again in different places and times, from Moscow to New York, Berlin and Paris.','02:53:00','Les uns et les autres','tt0083260','Les uns et les autres','1981'),(153,'Actor Malcolm McDowell, the star of A Clockwork Orange, talks about his life and career. The documentary also presents interviews featuring his friends, family, directors and co-stars.','01:26:00','O Lucky Malcolm!','tt0847187','O Lucky Malcolm!','2006'),(154,'A Man\'s Story profiles Ozwald Boateng, his design, his business, his personal life. Charismatic, glamorous, hard-working and very humanly flawed, Boateng’s personal and professional triumphs and set-backs are the fascinating heart of this film which is set against a back-drop of models, movie stars and fabulous locations. Boateng is also fascinating from a sociological perspective. As a black and heterosexual man he breaks the stereotypes of the fashion industry.','01:38:00','A Man\'s Story','tt1409772','A Man\'s Story','2010'),(155,'Breaker of taboos, icon, superstar and avant-gardist - to capture the person, the \"phenomenon\" Charlotte Rampling is a cinematic adventure that can only succeed by being as brave in doing so as she has been throughout her career. Staged in countless films and photographs as the classic \"object of desire\", The Look takes on her perspective, we see the world through her eyes. Far beyond anecdotic trivia or linear biography Rampling fearlessly fathoms the major questions of life with companions such as Peter Lindbergh and Paul Auster.','01:30:00','The Look','tt1922751','The Look','2011'),(156,'Márcia is a single mother with two children. She works as a cook and shares her house in the Lisbon suburbs with her sister, Ivete. One day, Cláudia, her daughter, tells her that she’s fallen in love with an older, married man. On meeting the man in question, Márcia realises that her family is in serious danger.','02:20:00','Blood of My Blood','tt1625155','Sangue do Meu Sangue','2011'),(157,'Michael  is a Midwestern teen determined to forget his past amidst the bright lights and throbbing house music of New York City\'s nightlife. Introduced to the club scene by his new friend James, Michael quickly becomes an event promoter himself, dreaming up bizarrely themed dance parties in such unlikely venues as fast-food restaurants and subway cars. But he orchestrates his own downfall when, stoned on designer drugs, he and accomplice Freez brutally murder their small-time dealer.','01:38:00','Party Monster','tt0320244','Party Monster','2003'),(158,'A beautifully innocent and melancholy love story takes place at the end of China\'s Cultural Revolution, over 30 years ago. Because her mother is branded a \"capitalist\", Jingqiu, a beautiful city girl, is sent to be \"re-educated\" through work in the countryside. She is housed with a group in a small village, where she meets Lao San, a young geologist, and is drawn to his responsible character. The two fall in love...','01:54:00','Under the Hawthorn Tree','tt1554523','Under the Hawthorn Tree','2010'),(159,'\"In the remote north of Iceland in the 1980s, Finnbogi and Alfred spend the summer painting lines on the winding roads that stretch out to the horizon. Soon the barren wilderness becomes a place of adventure, disaster and discovery, as both men find themselves at crossroads in their lives.\"','01:29:00','Either Way','tt2009643','Á annan veg','2011'),(160,'Three guys in their early twenties love wine and women but they are still virgins. Under the guise of a wine tour they embark on a journey to Spain hoping to have their first sexual experience. Nothing will stop them. Not even their handicaps: one is blind, the other is confined to a wheelchair and the third one is completely paralyzed.','01:55:00','Come as You Are','tt1753887','Hasta la Vista!','2011'),(161,'When Claudiu Crulic, a 33-years old Romanian in Poland, was arrested for a crime he didn’t commit, he became a pawn in a Kafkaesque miscarriage of justice and went on a hunger strike to protest his treatment in jail. The real story is by turns chilling and heartbreaking - Crulic himself “narrates” the film posthumously, his words voiced by Vlad Ivanov, star of such Romanian New Wave titles as Police, Adjective and 4 Months, 3 Weeks and 2 Days.','01:13:00','Crulic - The Path to Beyond','tt1996223','Crulic – drumul spre dincolo','2012'),(162,'Alex, in his mid-thirties, is a quite neurotic character. When his mother is hospitalized with a stroke, the caring son\'s life gets out of track. At the hospital he finds himself in a burlesque kind of human zoo full of unexpected characters and surprising events. Trying to manage the situation in between everybody\'s advice, he\'s becoming hypochondriac. While his mother seems to feel perfectly fine Alex is making his own set of mistakes - throughout with best intentions.','01:45:00','Best Intentions','tt1741694','Din dragoste cu cele mai bune intenții','2011'),(163,'A huntress wants to complete her collection of trophies.','00:13:00','The Peacock Eye','tt2004274','L\'oeil du paon','2010'),(164,'Lena is 17 and too shy, and too willing to give the guys what they want. All she wants is love, but the only thing she gets is sex. Until she meets Daan. Daan is cute, funny, sweet - the kind that only pretty girls are allowed to dream of. He suggests that she moves in with him and his dad Tom and Lena says yes. But she finds out then that Daan has been lying to her about what he really does all day and she begins to uncover a strength of character and willpower she never knew she had. She’s going to fight to preserve her paradise, even if it means destroying her own dream...','01:59:00','Lena','tt1642261','Lena','2011'),(165,'An astronaut returns to Earth after a fatal accident on a distant planet. When he discovers he has been the victim of a sinister plot, he decides to take vengeance on those responsible for the death of his family...','00:10:00','Decapoda Shock','tt2016886','Decapoda Shock','2011'),(166,'A man comes home at a time of day he’s never been home before. A time when the light hits it differently, when the humming of the fridge is the only audible sound. It seems to him that he has walked into the house of a stranger, empty and silent at a desolate midday hour. A man comes home and walks into his life at a time he’s never been inside it, observing it with the eyes of the child he once was. And, once again, it is filled with mystery and magical hideouts. The corridors, the passageways, the boiler rooms. A man observes his own life from the outside. But is this life still truly his own?','01:34:00','The Exchange','tt1441368','Hahithalfut','2011'),(167,'A little boy is having dinner with his family and imagines his father, mother and sister as he would like them to be, before coming back to a sad reality.  ','00:09:00','Tommy','tt2066140','Tommy','2011'),(168,'Kathleen travels to Ceausescu\'s Romania for the first time since finding refuge in Ireland as a child escaping the Holocaust. Her traumatic memories and the deceit of her husband with her sister push her over the edge.','01:38:00','Retrace','tt1510942','Vissatérés','2011'),(169,'In the labyrinth of water and reeds that make up Romania’s Danube Delta lies Europe’s largest wetland. A lost paradise and home to a vast diversity of animals and plants. The most recent arrivals are horses, who over 20 years ago were released to roam free. Through the eyes of Ivan, a young village boy, Gone Wild explores the hierarchy, conflicts and triumphs of the now thriving herds.','01:28:00','Gone Wild','','Gone Wild','2012'),(170,'Frank Molesch, convicted of murder, takes advantage of an opportunity to flee. He hides out in a forest. But the isolation and the knowledge he’s being hunted by police change him, and fear starts to get to him. The police use everything they’ve got to try to find him – but it’s a detective on sick leave who gets closest to the truth... One Minute of Darknessis part of the Dreileben project, consisting of three films which will be screened both on their own and in a marathon screening at Transylvania IFF.','01:30:00','Dreileben III: One Minute of Darkness','tt1718775','Dreileben - eine minute dunkel','2011'),(171,'Algiers, the 1920s. Rabbi Sfar lives with his daughter Zlabya, a noisy parrot and a mischievous cat who devours the parrot and starts talking, but only tells lies. The rabbi wants to keep it at bay. But the cat, who is madly in love with Zlabya, will do anything to stay by her side...','01:40:00','The Rabbi\'s Cat','tt1355638','Le Chat du rabbin','2011'),(172,'Bela Tarr, the famous Hungarian director, has produced the anthology film Hungary 2011together with 11 local filmmakers. The film is an outcry in a country where the right wing government is increasingly restricting cultural and film work.','01:15:00','Hungary 2011','tt2255881','Magyarország 2011','2012'),(173,'Chasing Rainbows is a story about the illusion of becoming rich in Romania. In a country where stories of striking it rich are everywhere, anyone thinks such a thing is not only possible, but it’s easily achievable. The storyline follows two destinies: one is of a young couple that could have gotten rich and the other is of a man who, because of his lack of knowledge when it comes to modern technology, gets fooled by e-mail spam.','01:47:00','Chasing Rainbows','tt1872167','Și caii sunt verzi pe pereți','2012'),(174,'A three-part historical documentary that accurately describes – based on testimonials, documents, re-enactments and archive images - the last three days of Elena and Nicolae Ceauşescu, before their execution on Christmas Day in 1989.','01:30:00','Three Days till Christmas (The Last Days in the Life of Elena and Nicolae Ceauşescu)','','Ultimele zile din viaţa Elenei şi a lui Nicolae Ceauşescu','2012'),(175,'Two hitmen wait for their next target in an empty apartment. The hours go by. Little by little, they start losing their patience and their temper. Pretty soon, they may even lose their lives. Killing time can be a deadly affair.','01:39:00','Killing Time','tt2354139','Killing Time','2012'),(176,'Unknown to the world, at the end of 1945, a group of scientists from the Nazi fortress of New Swabia in the Antarctic escaped in space rockets to the dark side of the moon. Here, in complete isolation from the rest of the world in a sublunary military base known as the ‘Black Sun’, a cosmic Nazi Armada of UFOs is being constructed with the intention of subjugating the world’s population. It’s 2018, and mission ‘meteor Blitzkrieg’ begins. The Nazis land in New York - but secret agent Renate has her own plans...','01:33:00','Iron Sky','tt1034314','Iron Sky','2012'),(177,'Marius is a divorced man in his late thirties. His ex-wife, Otilia, remarried with an accountant. Their 5 years old daughter, Sofia, lives with her mother, causing Marius a deep frustration. According to the law, Marius can spend with his daughter only a limited amount of time. The day Marius goes to take his daughter in a short holiday to the seaside, he finds out that his ex-wife is not at home and he is told that his daughter is sick. He doesn’t believe it and tries to take Sofia by force...','01:47:00','Everybody in Our Family','tt2202607','Toată lumea din familia noastră','2012'),(178,'Maja is exchanging kinky messages on her mobile phone from the bathtub while her husband and daughter are impatiently waiting for her to have a family dinner. ','00:15:00','Family Dinner','tt2258347','Middag med familjen','2012'),(179,'Narrated by Tom Cruise, the documentary goes through each one of Stanley Kubrick\'s films and talks to various participants about their memories of working with the director, such as Arthur C. Clarke, Nicole Kidman, Jack Nicholson, Malcolm McDowell and Steven Spielberg.','02:22:00','Stanley Kubrick: A Life in Pictures','tt0278736','Stanley Kubrick: A Life in Pictures','2001'),(180,'Marina, an upper-crust social worker with a doting husband and an enviable downtown apartment, is suddenly transformed into a bizarre twilight version of herself when she is raped by three policemen. When she finally meets the initiator of the dramatic event, she decides to use her professional skills - she is a psychologist - instead of common weapons.','01:45:00','Twilight Portrait','tt2043962','Portret v sumerkakh','2011'),(181,'A temperamental old woman, her Cape Verdean maid and a neighbour devoted to social causes live on the same floor of a Lisbon apartment building. When the old lady dies, the other two learn of an episode from her past: a tale of love and crime set in an Africa straight from the world of adventure films.','01:50:00','Tabu','tt2153963','Tabu','2012'),(182,'Tyrannosaur is the story of Joseph, a man plagued by violence and a rage that is driving him to self-destruction. As Joseph\'s life spirals into turmoil a chance of redemption appears in the form of Hannah, a Christian charity shop worker. Their relationship develops to reveal that Hannah is hiding a secret of her own with devastating results on both of their lives.','01:32:00','Tyrannosaur','tt1204340','Tyrannosaur','2011'),(183,'Somewhere in Palilula tells the story of Serafim, a young doctor assigned on short-term at the hospital in Palilula, a little town lost somewhere on the map of the country, following the death of the previous pediatrician, Pantelică. Serafim gradually adapts to this world of drunkennes, feasting and orgy and ends up, unexpectedly, to belong here.  ','02:25:00','Somewhere in Palilula','tt2332881','Undeva la Palilula','2012'),(184,'After years behind bars, three young men are released from prison. Among them is Alex, a captivating figure who charismatically addresses his past with a disturbingly blasé attitude toward violence, women, and guilt. Offering a rare peek into contemporary Roma culture, the three ex-cons try to reconcile the outside world with the gray-shaded areas of morality with which they struggle.','01:17:00','Turn Off the Lights','tt2294923','Turn Off the Lights','2012'),(185,'The fragmented violence of war seen through the eyes of a General on his deathbed. A mind accustomed to a life on the battlefield surrenders to a stream of consciousness, mixing death, brutality, and finally, one last gesture of hope.','00:11:00','Hope','tt1964780','Hope','2011'),(186,'Alex and Nica are young, in love and engaged to be married. The summer before their wedding, they are backpacking in the Caucasus Mountains in Georgia. The couple hire a local guide to lead them on a camping trek, and the three set off into a stunning wilderness. Walking for hours, they trade anecdotes and play games to pass the time. Until a momentary misstep changes everything...','01:53:00','The Loneliest Planet','tt1695405','The Loneliest Planet','2011'),(187,'HBO Miniseries’ Mildred Pierce brings to life the memorable character introduced in James M. Cain’s classic 1941 novel. The five-part drama offers an intimate portrait of a uniquely independent woman who finds herself newly divorced during the Depression years, as she struggles to carve out a new life for herself and her family. The story explores Mildred’s unreasonable devotion to her daughter, Veda, as well as the complex relationships she shares with the men in her life. Marathon-screening at Transylvania IFF.','05:36:00','Mildred Pierce','tt1492030','Mildred Pierce','2011'),(190,'A nurse, a paramedic, a gymnast and her coach have formed a service for hire. They stand in for dead people by appointment, hired by the relatives, friends or colleagues of the deceased. The company is called Alps. Their leader, the paramedic, calls himself Mont Blanc. Although Alps members operate under a discipline regime demanded by their leader, the nurse does not.','01:33:00','Alps','tt1859446','Alpeis','2011'),(191,'Visiting Room follows the stories of some prisoners found in different prisons across the country, who have found their life partner during their sentence time. Our intention was to talk to the people found in the special situation of being deprived of freedom, to whom love becomes a substitute for freedom and represents maybe their only hope for a better future. (Radu Muntean, Alexandru Baciu)','01:09:00','Visiting Room','tt2140645','Vorbitor','2011'),(192,'One hot July morning, Mihai jumps in the saddle of his trusted friend, Doyle, says goodbye to friends and loved ones, and embarks himself on the longest journey. He thought about going when he heard someone mentioning Mongolia in a phone conversation with a friend. In four months, if good God shows him grace, go all the way to Mongolia and back, around 26,000 kilometres.','02:53:00','A Dream\'s Merchant','','Un gând, un vis, Doyle... și-un pix','2012'),(193,'The story of father Ksawery Knotz, a charismatic Catholic monk, family counsellor, author of bestselling books, and speaker during retreats for couples - many on sex. Some of Polish catholics practice religion in a very dogmatic way and their lives are organized in accordance with religious practices and so they try to combine their sexuality and teaching of the Church.','00:51:00','And God Created Sex','','I bóg stworzł seks','2011'),(194,'The movie is an adaptation from the works of Ion Agârbiceanu, with action set in the vicinity of the gold mines in the Apuseni mountains, at the beginning of the 20th century. Two stories are being unfold, one of a widow who’s working hard in a desperate attempt to save her dying daughter, and the other of two wanderer singers who kidnap a bride from her wedding. Special screening for the film\'s 40th anniversary!','01:30:00','Stone wedding','tt0069033','Nunta de piatră','1972'),(195,'1992, the small town of Muscel, Romania. The state-owned ARO car factory has just gone bankrupt and will be privatized in a week. The buyer is a French company who announces to the workers that they will convert the plant into a... snail cannery. George, the union leader, desperately looking for a solution, has a crazy idea.','01:30:00','Of Snails and Men','tt2078586','Despre oameni și melci','2012'),(196,'Victor gets to Paris to join his family around their seriously ill father, Max. As the chance of selling the family business begins to cause trouble, Victor is desperately asked for help by Max. What seems in the beginning mere delusions of an old man begins to show traces of some sort of secret that is troubling Max\'s last days... Tribute screening for Geraldine Chaplin!','02:05:00','The City of No Limits','tt0311072','En la ciudad sin limites','2002'),(199,'Yaron is one of an elite group of police officers working in an anti-terrorist unit in the Israeli police force. He and his fellow officers are the ultimate defence against the \"Arab enemy\". Yaron loves the unit and its male camaraderie. He also loves his wife, who is soon to give birth. His encounter with a radical, violent group turns his life upside down, confronting him not only with the Israeli class war but also his own inner conflicts.','01:45:00','Policeman','tt1978447','Ha-shoter','2011'),(200,'A cinematic triptych on prostitution: three countries, three languages, three religions. Thailand, Bangladesh and Mexico. In worlds where the most intimate act has become a commodity, these women have physically and emotionally experienced everything that can happen between a man and a woman. For this they have always received money, but it has not made their lives rich in anything but stories. ','01:50:00','Whores\' Glory','tt1327628','Whores\' Glory','2011'),(201,'Legendary seventy’s French rock critic Yves Adrien becomes an obsession of a young counterculture group. Music from yesterday and today pave a revolutionary road through the generational collision.','01:37:00','Kids of Today','tt1954379','Des jeunes gens modernes','2011'),(202,'Joshua Tree, 1951 is an intimate portrait of James Dean on the cusp of achieving notoriety as both a great actor and an American icon. Set primarily in the early 1950s and focusing on Dean\'s experiences as an up-and-coming actor in Los Angeles, the film is a series of revealing vignettes that blend biographical and fictionalized elements to present a pivotal moment in a remarkable life.','01:33:00','Joshua Tree, 1951: A Portrait of James Dean','tt1705113','Joshua Tree, 1951: A Portrait of James Dean','2011'),(203,'Biopic about the life and career of the famous Romanian painter Ştefan Luchian. Special screening in honour of Ion Caramitru, winner of the Excellency Award of the 11th edition of the Transylvania International Film Festival.','01:40:00','Ștefan Luchian','tt0137219','Ștefan Luchian','1981'),(204,'Four cities, former pillars of the socialist industrial Golden Era; one labour day of some women in today’s Capitalist Romania.','01:13:00','8th of March','','8 martie','2012'),(205,'Five close friends, five different characters: Claude, who has always loved women; Annie and Jean, the unlikely couple, he a political activist, she bourgeois and conventional; and Jeanne and Albert, the feminist and the bon vivant. Five longtime friends, five different problems with growing old: Claude’s heart has now grown far weaker than his flaming passion; Jean is denied his humanitarian commitment because his insurance company doesn’t want to take the risk; Annie wants to win back her grandchildren with an expensive garden pool; Jeanne conceals a serious illness; and Albert doesn’t notice that his memory is playing tricks on him. Their solution: moving in together!','01:36:00','And If We All Lived Together','tt1674057','Et si on vivait tous ensemble?','2011'),(206,'At 42, David lives the life of an irresponsible adolescent. He coasts through life with minimal effort and maintains a complicated relationship with Valerie, a young policewoman. Just as she tells him she\'s pregnant, David\'s past resurfaces. Twenty years earlier, he began providing sperm to a fertility clinic in exchange for money. He discovers he\'s the father of 533 children, 142 of whom have filed a class action lawsuit to determine the identity of their biological father, known only by the pseudonym Starbuck. What will David do?','01:43:00','Starbuck','tt1756750','Starbuck','2011'),(207,'Aldea, a tabloid photographer, follows a soap opera star. Seen through the camera lens, Liza seems to be more than just a beautiful woman on TV. She has something that moves the man stalking her from a distance and this makes him face his conscience.  ','00:14:00','Reflex','tt2149113','Reflex','2011'),(208,'It\'s December 31st. In Sink, they are planning the New Year\'s Eve Party. At home, the guests are planning a new start, another end or they are thinking about the same dreams that may come true... next year.','00:37:00','Sink','','Sink','2011'),(209,'A man lying on the sidewalk: a curiosity, an easy prey or a reason of compassion?','00:15:00','Vă e rău?','','Vă e rău?','2011'),(210,'A side-show ringmaster presents a captive mermaid, and underestimates her terrifying power.','00:07:00','The Little Mermaid','tt2062673','The Little Mermaid','2011'),(211,'A distinctive dystopian vision where humans utterly depend on bio-mechanical alteration to withstand the deteriorating climate.','00:15:00','The 3rd Letter','tt1565060','The 3rd Letter','2010'),(212,'Years after an incident of apocalyptic proportions a scientist is dropped at one of the many doomed cities to a do check of the current status. Shortly after, he lost all contact. After many years he receive a rescue signal and has to go on a dangerous trip through the city to reach the rescue team.','00:09:00','Abandoned','tt1828944','Abandoned','2011'),(213,'A technical failure has endangered the lives of the people on board Flight 2549. The pilots are striving, along with their colleagues in the Control Center, to find a solution. The flight attendants and the chief steward are atypical, baroque characters who, in the face of danger, try to forget their own personal problems and devote themselves body and soul to the task of making the flight as enjoyable as possible for the passengers, while they wait for a solution. Life in the clouds is as complicated as it is at ground level, and for the same reasons, which could be summarized in two: sex and death.','01:30:00','I\'m So Excited','tt2243389','Los amantes pasajeros','2013'),(214,'Magdalena Kopp was married to the most wanted terrorist in the world: Carlos \"the Jackal\". She followed him through the birth of international terrorism, of which he became the star. Driven by a need to belong, she found herself in the arms of the man who was fast becoming the first celebrity-terrorist in the world. For some Carlos is a revolutionary, to others a murderer, but for Magdalena he is a the father of her daughter, Rosa. While Carlos stands trial in Paris, mother and daughter take a courageous journey beyond the shadows of his myth.','01:30:00','In the Darkroom','tt1533737','In the Darkroom','2012'),(215,'This documentary is an affectionate yet truthful account of the 42 years and 12 films long relationship between legendary actress Liv Ullmann and master filmmaker Ingmar Bergman. Told entirely from Liv’s point of view, this rollercoaster journey of extreme highs and lows is constructed as a collage of images and sounds from the timeless Ullmann-Bergman films, behind the scenes footage, still photographs, passages from Liv’s book ‘Changing’ and Ingmar’s love letters to Liv.','01:23:00','Liv & Ingmar','tt2327430','Liv & Ingmar','2012'),(216,'Halima\'s Path tells the tragic but inspiring story of a grieving, but strong-willed Muslim woman Halima who tries to find the remains of her son who was killed in the Bosnian War and buried in one of the many mass graves. In order to succeed, she must track down her estranged niece, but this will only set in motion a spiral of tragic events.','01:33:00','Halima\'s Path','tt2244877','Halimin Put','2012'),(217,'Hristo Stoichkov - former forward of CSKA Sofia and FC Barcelona - is the most famous Bulgarian in the world. He is one of the best-loved FC Barcelona players in history. The documentary describes the dark and bright side of genius, of the triumphs and failures of a born winner who never gives up, of the mission to be a leader who inspires and leads others in the football field.','01:30:00','Stoichkov','tt2403001','Stoichkov','2012'),(218,'An old man and a young woman meet in Tokyo. She knows nothing about him, he thinks he knows her. He welcomes her into his home, she offers him her body. But the web that is woven between them in the space of twenty four hours bears no relation to the circumstances of their encounter.','01:49:00','Like Someone in Love','tt1843287','Like Someone in Love','2012'),(219,'The divergent paths of three forty-something siblings collide when their mother, heiress to her uncle’s exceptional 19th century art collection dies. Adrienne, a successful New York designer, Frédéric, a university professor in Paris and Jérémie, a dynamic businessman expanding into China, are left to confront the end of childhood, their shared memories and separate visions of the future.','01:43:00','Summer Hours','tt0836700','L\'heure d\'été','2008'),(220,'Adrian’s isolation manifests itself in his fantasies: he is king of an underwater world. His playful, dreamy imagination distracts him from everyday life, for the reality he lives in could not be more different. Neither his chronically depressed uncle nor his overworked grandmother understand the ten-year-old’s games. His mother abandoned him when he was very young and he is bullied at school. Just as news arrives that three children are missing, a new family moves in next door. Adrian develops a close relationship to their tomboyish, ten-year-old daughter Nicole and believes he is getting close to solving the mystery of the missing children.','01:23:00','The Weight of Elephants','tt2395455','The Weight of Elephants','2012'),(221,'One night, just before the holidays, in an empty park, two small-time thugs hold up a strange looking man.','00:13:00','Bad Penny','tt2904602','Bad Penny','2013'),(222,'Security guard Iulia, interior decorator Andi and English language teacher Ana are bound by a series of decisions that could change their lives forever. Each of them depends on the others\' actions.','00:19:00','My Baby','tt2717104','My Baby','2013'),(223,'It\'s the story of a family meeting on a Sunday afternoon. Afterwords, they\'ll never meet all together again. The movie is about the end of the idea of family.','00:26:00','Family Pictures','tt2838208','Fotografii de familie','2012'),(224,'Two young guys plan to crash a girl\'s 18th birthday party, but things go sideways when they agree to take some unknown pills. Chaos ensues: pig heads, party cougars and collateral damage.','00:15:00','Grindcore','tt2762694','Grindcore','2013'),(225,'Fane, a farmer who loves his animals, sells his most beautiful breed cow to a contemporary art museum unaware that this decision will radically change his life.','00:20:00','The Finnish Cow','tt2179768','Vaca finlandeză','2012'),(226,'When asked to accompany his wife to a religious service, Vasile refuses, saying that he has to finish the ditch in front of their house. He tries to find someone to help him and Petre, a young Gypsy, seems to be the most appropriate choice.','00:19:00','The Ditch','tt2651250','Șanțul','2012'),(227,'The famous Acropolis affords a view of one of the most poverty-stricken districts in Athens. This improvised shantytown is home to a diverse community of people who subsist on collecting discarded metal. Before the sun is up, they set out for the streets of the metropolis in search of every conceivable kind of metal refuse. With their meagre earnings they return home to their families, hoping that the new day will bring a richer haul. Director Christos Karakepelis spent six years putting this film together and thus offers the viewer an utterly authentic perspective on the lives of people for whom, as one of them described it, scrap metal is both their \"treasure and mistress.\"','01:18:00','Raw Material','tt1173957','Proti yli','2012'),(228,'After serving time in prison, Francine settles down in small-town North America. Through a series of temporary jobs, she tries to regain a foothold in society. However, this security proves just as elusive as the connections she tries to forge with people in the town. As her human relationships falter, Francine looks to animals for support, a development that leads her in a tragically wrong direction.','01:14:00','Francine','tt1735433','Francine','2012'),(229,'Mark is brilliant, funny and an incredibly rich businessman in Luxembourg. Knowing his life will end soon, he escapes his work routine by traveling the world watching all Don Giovanni operas. He passionately introduces young lovers into this aristocratic world, until he falls in love with a young porn star.','01:21:00','Naked Opera','tt2585594','Naked Opera','2013'),(230,'In a last try to save their marriage, Johan and Saar revisit Buenos Aires where their love first began. Fulfilling a promise to their daughter, they videotape the \"vacation\". When they inadvertently witness a cold-blooded murder by a local policeman and the evidence is caught on tape. Johan and Saar soon find themselves in a tense stand-off with the corrupt cop who confiscates their passports and demands the camera. Realising that the moment they hand over the tape they will be killed Johan and Saar make a break for it escaping into the dark barrios of Buenos Aires.','01:30:00','Taped','tt1735900','Taped','2012'),(231,'Filmed in Brazil, Poland, Israel, Romania and Hungary, the documentary tells the story of immigrants, Holocaust survivors, who established themselves in Brazil after the WWII. The director goes on a journey to his grandfather\'s homeland, Transylvania, in search for an old watch his grandpa hid before the Nazis came to take the family to Auschwitz Concentration Camp. The search for the watch becomes a metaphor for the search of his origins and identity.','01:10:00','Grandpa\'s Watch',NULL,'O Relogio do Meu Avo','2012'),(232,'Mwas, a young, aspiring actor from upcountry Kenya, dreams of becoming a success in the big city. In pursuit of this and to the chagrin of his brother and parents, he makes his way to Nairobi: the city of opportunity. Drawn into a new world of theft and violence, he still tries to pursue his dream of becoming an actor. Keeping the two worlds separate proves to be a contest for him as he struggles to survive in this unkown world called Nairobi.','01:36:00','Nairobi Half Life','tt2234428','Nairobi Half Life','2012'),(233,'Young Pakistani Omar, together with his English friend Johnny, takes over a run-down laundrette given to him by his rich uncle and transforms it into a gaudy palace complete with video screens. Against a background of racial tension and poverty in the rough London suburb, their own relationship blossoms to love.','01:37:00','My Beautiful Laundrette','tt0091578','My Beautiful Laundrette','1985'),(234,'Mired in the nervous desperation of Havana, Raul dreams of escaping to Miami. When accused of assault, his only option is to flee Cuba. He begs his best friend, Elio, to abandon everything and help him reach the forbidden world 90 miles across the ocean. Elio’s commitment is tested when he is torn between protecting his twin sister and his own desire to get out.','01:30:00','One Night','tt2184331','Una Noche','2012'),(235,'A group of people choose to go into self-imposed exile on an island in order to protect themselves from The Infected. 37 years later, we witness the consequences of their decision.','01:07:00','Higuita','tt2489356','Higuita','2012'),(236,'Experimental documentary maker Peter Schreiner undertakes a psychoanalytic quest for human existence. It’s a cross between Freud and Sartre, magical and minimalist. Two wrinkled lovers, marked by life, expose their deepest inner emotions. Giuliana compares the vaults of her spirit with closed doors that you \"have to open cautiously\". \"But,\" Christian wonders, \"does that make you happier?\"','02:20:00','Fata Morgana',NULL,'Fata Morgana','2012'),(237,'A controversial story of one of the young turks of the 1960s - from working class boy to national celebrity, from sexual innocent to grinning satyr, from penniless student to peer of The Beatles and icon of London. Orton made his success by mocking the rules of the establishment and lived his life ignoring them. But Orton\'s story is also the story of an unconventional \'marriage\' founded in love, lived as a farce and concluded in an all-consuming jealousy.','01:51:00','Prick Up Your Ears','tt0093776','Prick Up Your Ears','1987'),(238,'After the untimely death of Korea’s biggest crime syndicate Goldmoon’s chairman, power struggle between top lieutenants begins - mob’s rank no.2 Jung Chung and no.3 Lee Joong-gu are the potential heirs to the throne. In order to control and observe this transition, the police begin a new operation called ‘New World’. Sitting at the pivot of this operation is none other than Jung’s right hand man, Ja-sung, who has been working undercover for eight years.','02:14:00','New World','tt2625030','Shin-Sae-Gye','2012'),(239,'26 directors. 26 ways to die. The ABCs of Death is perhaps the most ambitious anthology film ever conceived with productions spanning fifteen countries and directed by over two dozen of the world\'s leading talents in contemporary genre film. Inspired by children’s books, the motion picture is comprised of twenty-six individual chapters. All are provocative, shocking and funny.','02:03:00','The ABCs of Death','tt1935896','The ABCs of Death','2012'),(240,'A young deputy prosecutor, Dusan, handling the investigation of war crimes, is assigned to investigate a paramilitary group. Dusan\'s associates feel he’s destined to fail, until Dusan finds the unit’s only surviving soldier, Micun, who is hiding from his past and trying to live peacefully and quietly. The encounter of Dusan and Micun changes their lives in unpredictable ways and directly affects their families and futures.','01:37:00','Redemption Street','tt1887935','Ustanicka Ulica','2012'),(241,'Hit So Hard follows the journey of Patty Schemel, the openly gay drummer of Courtney Love\'s seminal rock band Hole. As a young girl who always knew she was \'different\' from the other kids in her farm town home outside of Seattle, Patty never dreamed she would one day have her picture on the cover of \'Rolling Stone.\' But she also never fathomed that she could lose it all. A true survivor of what we now know was the disaffected \'slacker\' generation, Patty found herself, like her friend Kurt Cobain, embraced by the dark side.','01:43:00','Hit So Hard','tt1796503','Hit So Hard','2011'),(242,'Two brothers in their fourties are found dead in the forest. By their side lies a woman, very weak, but still alive. When a policeman starts investigating what happened, the woman, Janne, tells the tragic and beautiful love story of Janne and William, the youngest brother. A love story always disturbed by the older brother, Ruud, who hates his brother and through his whole life wanted to destroy him…','01:45:00','All That Matters Is Past','tt2188723','Uskyld','2012'),(243,'Shame and pride can kill. Eighteen year old Marek lives near the Slovak-Moravian border with his dad and his hooligan pals, however Marek’s best friend is his dog. Alienated from everyone, he is on his own in the racist circle that surrounds him - and suddenly the cause of an incident...','01:30:00','My Dog Killer','tt2654428','Môj pes Killer','2013'),(244,'Exposed leads us through New York’s 21st century underground where classic burlesque - usually catering to the male gaze - is being radically redefined, prevalent sexual clichés are interrogated, and deeper meanings are teased out in a humorous and sometimes shocking way.','01:17:00','Exposed','tt2649370','Exposed','2013'),(245,'Joyce Vincent died in her bedsit above Shopping City in Wood Green. Nobody noticed. Nearly three years later, her flat was forced into by authorities due to lack of rent payment. Her skeleton was found surrounded by Christmas presents that she was in the process of wrapping. Her television was still on. Dreams of a Life is an imaginative and multilayered quest to go beyond the newspaper reports and solve the mystery of who thirty-eight year old Joyce Vincent was and why she lay undiscovered for three years after her death in one of the busiest parts of London.','01:35:00','Dreams of a Life','tt1819513','Dreams of a Life','2011'),(246,'Niko is an ordinary guy without any ambitions. His father\'s sudden death brings back his uncle who proposes to live and work together with him and his wife in the suburbs of Athens. Niko accepts his uncle\'s offer which consists of protecting two purebred dogs from the hostile neighbours. Driven by envy, lust and anger, Niko merges into a vicious circle of perpetual antagonism, the struggle for power over others and discontent.','01:48:00','Knifer','tt1371631','Macherovgaltis','2010'),(247,'Alberto is decomposing and can no longer hide it, so he decides to withdraw from the world. Before yielding to his living death, Alberto forms an unusual friendship with Silvia, the manager of the gym where he works as a guard.','01:24:00','Halley','tt1890417','Halley','2013'),(248,'A story about the sole survivor of a shipwreck, whose superhuman will to survive made him both an inexplicable scientific phenomenon and a genuine national hero. Based on an astonishing, true incident that took place on the frigid seas off Iceland in 1984.','01:35:00','The Deep','tt1764275','Djúpiđ','2012'),(249,'Times are hard for Jojo. This ten year old boy lives alone with his father in a rural area. And what about his mother? Is she really touring the U.S. as a country singer? The father tries to hide his despair. But he drinks and is out of control. Jojo’s only solace is a young jackdaw that has fallen out of his nest, and which he secretly takes in. Rearing the little bird, which is even more vulnerable than himself, gives Jojo a feeling of happiness and responsibility.','01:21:00','Kauwboy','tt1776222','Kauwboy','2012'),(250,'Following his critical triumphs, SUMMER HOURS and CARLOS, Assayas\' semi-autobiographical new feature is a vibrant, incisively crafted story of a young man\'s artistic awakening in the politically turbulent French student movement of the early \'70s. In a nod to his earlier film COLD WATER, Assayas\' surrogate Gilles (newcomer Clement Metayer) is a graduating high school student in Paris deeply involved in the counterculture of the time. While Gilles begins to realize that his interests lie more in the revolutions in music and art, he finds himself pulled into ever more dangerous political protests by the people around him, especially his radicalized girlfriend (Lola Créton of GOODBYE FIRST LOVE). Illuminating and elegiac, Assayas\' story celebrates that thrilling, evanescent moment in history when young people could feel revolution just within their grasp.','02:02:00','Something in the Air','tt1846472','Après mai','2012'),(251,'Set in the 90’s, a man tries to salvage his relationship with his fiancée after revealing to her his aspirations of becoming a woman. Laurence Anyways is the story of a wild and unusual love.','02:48:00','Laurence Anyways','tt1650048','Laurence Anyways','2012'),(252,'Victoria just got out on parole tasting freedom for the first time in years. Florence has already done her time and reconnects with her lover from prison. They hole up in a summer house out in the woods, relearning life on the outside. Guillaume, Vic’s parole officer, watches over the women’s reintegration while their past catches up with them.','01:35:00','Vic+Flo Saw a Bear','tt2385882','Vic+Flo Ont Vu un Ours','2013'),(253,'After being tricked and cast out of Bagdad by the evil Jaffar, King Ahmad joins forces with a thief named Abu to reclaim his throne, the city, and the Princess he loves. ','01:46:00','The Thief of Bagdad','tt0033152','The Thief of Bagdad','1940'),(254,'After the suicide of his mother, Patrick is searching for his supposable father. It’s Dr. Borz‘ sixtieth birthday, which he celebrates at his suburban villa with his family. Borz seems to be the ideal father with his picture-perfect life, for which the fatherless Patrick ached all his life. Patrick introduces himself naturally as the doctor’s son and the family accepts him in their midst. But the doctor\'s euphoria that he has found his \"lost son\" will soon disappear.','01:44:00','DeAD','tt2211240','DeAD','2013'),(255,'Ramona loves her son so much that she cuts his nails and feeds him even though he’s now an adult. When he doesn’t return home to share some tomato soup with his mother, Ramona goes out to look for him – in the hospitals and morgues. And it’s there that she comes across a man she thinks that he might have something to do with her son’s disappearance.','01:51:00','Expiration Date','tt2112148','Fecha de Caducidad','2011'),(256,'For the people living on a street in Bucharest, the torture started a few days before, when a construction site was set nearby. After calling the police several times to no avail, one man resorts to a rather unusual form of protest.','00:15:00','The Cement Mixer',NULL,'Betoniera','2012'),(257,'Two friends want to spend their weekend at the seaside. They don\'t have enough money, so they decide to blackmail a neighbor who has a dark secret. One secret reveals another and their friendship is put to the test.','00:30:00','Weekend Getaway','tt2381387','Weekend la mare','2013'),(258,'Claudiu works in a big supermarket, at the fresh fish department. Day by day, he watches the live carps struggling to move and breathe in their small, overpacked aquarium. When one of them starts coughing like a human being, Claudiu decides to take action.','00:16:00','Claudiu and the Fish','tt2616994','Claudiu şi crapii','2013'),(259,'Dan was a waster in every sense of the word. And at some point, his reckless ways have given birth to funny little monsters, who live in and around his mundane life, feeding off his waste. Oblivious, Dan continues his wasteful ways, until one day when fate takes a kind eye to him, and shows him a beautiful girl.','00:09:00','Waste','tt2233072','Waste','2012'),(260,'George and Cristina just can\'t decide: should they break up or not? For one night they try both ways. And they try again. And again.','00:21:00','In the Fishtank','tt2894678','În acvariu','2013'),(261,'The film brings together stories from people facing their gravestone picture while still being alive. If you could pick only one picture of yourself for the next generations to remember you, which one would you choose?','00:22:00','As You Like It',NULL,'După fel și chip','2013'),(262,'If the parts of a ship are replaced, bit-by-bit, is it still the same ship? A celebrated experimental photographer struggles with the loss of her intuitive genius as an unexpected aftermath of a physical change; an intellectual monk confronting a complex ethical dilemma with a long held ideology, has to choose between principle and death; and a young stockbroker, following the trail of a stolen kidney, learns how intricate morality could be. These disparate characters manifest philosophical dilemmas in their personal lives, but their narratives converge to reveal an even larger fabric of connections, meaning, beauty, existence and death in a delicately poetic finale.','02:20:00','Ship of Theseus','tt1773764','Ship of Theseus','2012'),(263,'A group of Barcelonians want to turn their street into a garden. They have some good ideas for the ornaments contest. But sometimes it is not enough.','00:52:00','The Last Ones','tt2560574','Els Últims','2012'),(264,'Stockholm, late 70’s. The model utopian society. Political neutrality and atomic power march hand in hand with women\'s liberation and the sexual revolution. But under the polished surface, other desires are eager to be fulfilled. Within a stone’s throw of government buildings and juvenile homes lies the seductive, glittery and dirty world of sex clubs, strip shows, discotheques and apartments used for illicit and profitable rendezvous. Call Girl tells the story of how young Iris is recruited from the bottom rung of society, into a ruthless world where power can get you anything.','02:20:00','Call Girl','tt1977739','Call Girl','2012'),(265,'Etty, her husband Evert and their children Erwin, Manuel and Eva are a perfectly normal family, who have developed a slightly dysfunctional way of relating to one another. When the incarnation of perfection enters their lives, embodied by the German exchange student Veit, doubt, insecurity, fear and desire invade the Van End family. During the two weeks of Veit’s stay, all five family members start to reinvent themselves, as they feel increasingly alienated from themselves and from each other. But in the end, it’s not perfection they are looking for...','01:38:00','The Deflowering of Eva van End','tt2323264','De Ontmaagding van Eva van End','2012'),(266,'In their last adventure, Klaus and his friends Fred and Ville took three stones from a secret temple. What they didn’t know is that the stones are the only way for the Moon Rabbits to get back home. While two of them, Tik and Rhiv, search for Klaus and the stones, Lotte and her uncle want to unlock the stones’ secrets.','01:15:00','Lotte and the Moonstone Secret','tt2080337','Lotte ja kuukivi saladus','2012'),(267,'Fifteen years ago, tragedy struck a small town when a young school girl Emili was abducted and killed by a stranger. Four girls are the first to discover her body. The abductor is never found and the crime goes unsolved. Crazed with grief, Emili’s mother Asako condemns the four girls, none of which can remember the abductor’s face... Her reaction will set in motion a chain of tragic events.','04:30:00','Penance','tt2043616','Shokuzai','2012'),(268,'Iasonas is a tourist guide in Athens. One day, he meets his once (more than just a) best friend Mirsini. Trapped between a friend who progressively sees him less and less as a friend and a group of tourists that sees him less and less as a guide, Iasonas will have to give an answer to all his personal questions regarding his sexuality and his career.','01:34:00','The Guide','tt1592530','O xenagos','2011'),(269,'When Paulo, a young pianist, and Ilir, a bass player meet by chance it is love at first sight. Shortly after their first night Paulo moves in with Ilir but soon their harmonious relationship becomes a turbulent roller coaster ride between love, addiction and passion which will change their lives forever. ','01:38:00','Beyond the walls','tt2402623','Hors les murs','2012'),(270,'Sotiris is a police interrogator in Athens. One day, he has enough and decides to pardon every poor person to whom life is cruel. With the intention of saving an innocent soul, he eventually kills a corrupt security guard. Dora is a lonely cleaning lady who leads a breathless life, trying to make ends meet. Dora is the only witness of the crime. Sotiris and Dora like each other. But love, honesty and justice are not easy to combine.','01:47:00','Unfair World','tt1699758','Adikos kosmos','2011'),(271,'When the government of Indonesia was overthrown by the military in 1965, Anwar and his friends were promoted from small-time gangsters to death squad leaders. They helped the army kill more than one million alleged enemies of the new regime. In The Act of Killing, Anwar and his friends agree to tell the story of the killings. But their idea of being in a movie is not to provide testimony for a documentary: they want to be stars in their favourite film genres - gangster, western, musical. They write the scripts. They play themselves. And they play their victims.','01:55:00','The Act of Killing ','tt2375605','The Act of Killing ','2012'),(272,'In the late \'60s, a musician was discovered in a Detroit bar by two celebrated producers who were struck by his soulful melodies and prophetic lyrics. But the album they recorded bombed and the singer disappeared into obscurity. A bootleg recording found its way into apartheid South Africa and it became a phenomenon. Two South African fans then set out to find out what really happened to their hero. Their investigation led them to a story more extraordinary than any of the existing myths about the artist known as Rodriguez. This is a film about hope, inspiration and the resonating power of music.','01:26:00','Searching for Sugar Man','tt2125608','Searching for Sugar Man','2012'),(273,'Eighteen-year-old Shira is the youngest daughter of an Orthodox Hassidic family from Tel Aviv. She is about to be married off to a promising young man of the same age and background. It is a dream-come-true, and Shira feels prepared and excited. But Esther, her twenty-eight-year-old sister, dies while giving birth to her first child and Shira is offered for marriage to Yochay, the widower. Shira will have to choose between her heart\'s wish and her family duty...','01:30:00','Fill the Void','tt2219514','Lemale et Ha’Chalal','2012'),(274,'In a ruthless battle for power, several yakuza clans vie for the favor of their head family in the Japanese underworld. The rival bosses seek to rise through the ranks by scheming and making allegiances sworn over sake. Long-time yakuza Otomo has seen his kind go from elaborate body tattoos and severed fingertips to becoming important players on the stock market. Theirs is a never-ending struggle to end up on top, or at least survive, in a corrupt world where there are no heroes but constant betrayal and vengeance...','01:49:00','Outrage','tt1462667','Outrage','2010'),(275,'A story about people who eat the animals that they love and the animals that love people unconditionally. A rabbit, a hen, a cat, a dog and a pigeon come into the protagonists\' lives, changing their course.','01:25:00','Domestic','tt2527190','Domestic','2012'),(276,'A re-telling of the classic fairy tale, Snow White is a uniquely spirited homage to the black-and-white Golden Age of European silent cinema. Set in a romanticized 1920s Seville, Berger’s Snow White is Carmen, the daughter of a famous bullfighter, who lives under the tyrannical rule of her monstrous, evil stepmother, Encarna. She escapes and joins a troupe of bullfighting dwarves, where her beauty and natural talent in the ring attract notices from the press. But soon the news reaches Encarna, who at last she knows where to find Carmen, and she prepares for the final showdown.','01:44:00','Snow White','tt1854513','Blancanieves','2012'),(277,'Bosnia, 1993. In the midst of the Bosnian war, Serbian soldier Marko witnesses the brutal aggression of Haris, a Muslim civilian, by three fellow soldiers. Marko interferes and saves Haris, but is beaten to death by the infuriated soldiers. 25 years later, the war is over but the wounds of the conflict are still open. Marko’s father is rebuilding a church and he is offered help by one of Marko’s killers’ son and hesitates about accepting it. Marko’s friend, a renowned surgeon in Belgrade, faces terrible choices when told to operate on one of the three soldiers on the verge of death.','01:52:00','Circles','tt1839522','Krugovi','2012'),(278,'Ten years after the Black Death devastated the country, a poor family sets out on a journey to search for better living conditions. They are attacked by a gang of ruthless killer thieves and the only one spared is 19 year old Signe. She is taken prisoner and the gang brings her back to their camp. When she realizes they have a fate worse than death in store for her she decides to run away.','01:18:00','Escape','tt2076850','Flukt','2012'),(279,'An existential portrait of protagonists living in a wintry Russian province. A mother wants to reunite with her twin daughters. A young couple marry in church, but immediately after the ceremony fate tests their love in the most brutal way. A boy wants to see his estranged father, despite his mother\'s violent protests. Each of these characters lives through their own ordeal.','01:59:00','Living','tt2190483','Zhit','2012'),(280,'Zsuzska, a Hungarian immigrant in Germany, has suceeded in becoming more German than the Germans, when she realizes that something has gone missing along the way... ','01:30:00','Homeland, Sex and Further Inconveniences',NULL,'Szülőfold, szex és más kellemetlenségek','2012'),(281,'60 years after the Adolf Eichmann trial (Jerusalem, 1961), watch the film about \"the extraordinary trial of a terribly ordinary man\". It is an essay on obedience and responsibility, inspired by Eichmann in Jerusalem, a Report on the Banality of Evil written by Hannah Arendt, and directed by Eyal Sivan out of 350 hours of archives.','02:08:00','The Specialist','tt0189172','Un spécialiste, portrait d\'un criminel moderne','1999'),(282,'Mariena and Roman are cousins and live with their families in a poor Roma settlement in Eastern Slovakia. They admire two Czecho-Slovak pop stars - Karel Gott and Dara Rolins and decide to send them a DVD with a video-message and Roma-remix of their hit Bells of Happiness. The film traces the process of shooting the message on the background of their life in the settlement.','01:02:00','The Bells of Happiness','tt2272828','The Bells of Happiness','2012'),(283,'\"Samsara\" is a Sanskrit word that means \"the ever turning wheel of life\" and is the point of departure for the filmmakers as they search for the elusive current of interconnection that runs through our lives. Filmed over a period of almost five years and in 25 countries, Samsara transports us to sacred grounds, disaster zones, industrial sites, and natural wonders. By dispensing with dialogue and descriptive text, the documentary encourages our own inner interpretations inspired by images and music that infuses the ancient with the modern.','01:42:00','Samsara','tt0770802','Samsara','2012'),(284,'Nordvest is one of the most impoverished multi-ethnic areas of Copenhagen. Living here with his mother, younger brother and little sister is 18-year-old Casper, who struggles to make ends meet based on selling stolen goods to one of the neighborhood pack leaders. When organized crime hits Nordvest, the hierarchy of the neighborhood shifts and Casper is offered a chance to climb the ranks. Soon he’s hurled into a world of drugs, violence and prostitution and as things escalate his childhood playground becomes a battlefield. Consequently Casper finds himself and his family dead center in a conflict that threatens to destroy them.','01:31:00','Northwest','tt2650986','Nordvest','2013'),(285,'A woman of mature years, experiencing a third miscarriage, Shaleha agonizes that she can’t bear a child. To fulfill her husband’s only wish, Shaleha decides to find a new partner for her husband. Night and day, she and her husband visit nearby communities in search of a fertile woman. Providentially, Shaleha finds the girl as recommended by friends. But on the eve of her husband’s second marriage to Mersila, a gnawing jealousy consumes Shaleha...','01:40:00','Thy Womb','tt2395459','Sinapupunan','2012'),(286,'In a village, a mysterious calamity strikes: spring doesn\'t come. The cycle of nature seems to be interrupted. When the annual bonfire celebrating the end of winter fails to burn, the seeds don\'t grow and the cows refuse to give milk, panic mounts and the bonds between neighbours start to break: who is responsible?','01:33:00','The fifth season','tt2298820','La cinquieme saison','2012'),(287,'A Roma family living far away from the urban centres of Bosnia-Herzegovina. The father Nazif salvages metal from old cars and sells it to a scrap-dealer. The mother Senada keeps the house tidy, cooks, bakes and cares for their two small daughters. One day, she feels a sharp pain in her abdomen. At the clinic she is told there is something wrong with the baby she is carrying: \"They say it’s dead.\" She is at risk of septicaemia and they must operate immediately. But Senada has no medical insurance...','01:15:00','An Episode in the Life of an Iron Picker','tt2507592','Epizoda U Zivotu Beraca Zeljeza','2013'),(288,'A man and a woman, two casual acquaintances, learn that their respective spouses are having an affair with each other. This discovery drives them to do things they didn’t dare to do before. What to choose - revenge or forgiveness? The protagonists are looking for something to build a new life upon, but it is not easy: their every action is influenced by the fact of infidelity, and this infidelity has its own logic.','01:55:00','Betrayal','tt2299954','Izmena','2012'),(289,'Berlin’s Fuck For Forest is one of the world’s most bizarre NGOs. Based on the idea that sex can save the world, the NGO raises money for their environmental cause by selling home-made erotic films on the internet. Meet Danny as he accidentally discovers this exuberant, neo-hippy world where sexual liberation merges with global altruism, and joins their already colourful operation.','01:26:00','Fuck For Forest','tt2444006','Fuck For Forest','2012'),(290,'In cities like Paris there are countless people from Eastern Europe who have forsaken their homelands because they can see no future there. Lucia and her little daughter Marussia are two such people. They don\'t have a place to live and they drag their suitcases once more through the cold city with no money in their pockets and no idea where they are going. Eventually little Marussia has enough of the fact that someone else is always calling the shots.','01:30:00','Marussia','tt1906422','Marussia','2013'),(291,'\"In the practice of tolerance, one\'s enemy is one\'s best teacher.\" (Dalai Lama)','00:13:00','12 Minutes',NULL,'12 minute','2013'),(292,'Paul is making a video of his girlfriend Alexandra, taking her through different parts of the city they live in. As night comes and they retire to a more private place, a car pulls right by them and three men physically force them into the car. The young couple is taken to a remote garage, where Paul is beaten and forced to watch Alexandra being raped by the three men.','00:15:00','Tape no. 4 / Alexandra',NULL,'Caseta nr. 4 / Alexandra','2013'),(293,'A poignant testimony about the final hours in the life of an old woman getting ready for the last journey in the company of her family and friends.','00:18:00','Maria','tt2428332','Maria','2013'),(294,'A quick look into the lives of five lonely women of different ages. \"Do what you will, this world\'s a fiction and is made up of contradiction.\" (William Blake)','00:25:00','I\'m a Walking Contradiction','tt2813572','I\'m a Walking Contradiction','2012'),(295,'Revenge. Feels so good. Are you ready to pay the price for it?','00:12:00','The Pill of Happiness','tt2813606','Pastila fericirii','2012'),(296,'This is another kind of childhood. Two gymnasts, Teodora and Andreea, aged 13 and 11, are training to make it to the national team of gymnastics. A story about ambition, dreams, about a daily battle with self. The question is: who will go to Rio?','00:29:00','Rio 2016','tt2577862','Rio 2016','2013'),(297,'Forty-year-old Edyta is in crisis. She sleeps at hotels, and when her money runs out she uses the internet to find men who are looking for sex. Edyta spends nights in the homes of the nameless men but, instead of the promised sex, she takes advantage of their involuntary hospitality. She reaches a turning point, however, when she meets a young artist named Patryk...','01:18:00','In a Bedroom','tt2056778','W sypialni','2012'),(298,'Three films based on \"Three Conversations\" by Russian writer and philosopher Vladimir Solovyov. The actors\' \'exercises\' developed into a minimalistic trilogy on cinema and literature, social and spiritual life. The trilogy is the result of a workshop of famous Romanian director Cristi Puiu at the French artists’ studio Chantiers Nomades.','02:37:00','Trois exercices d\'interpretation',NULL,'Trois exercices d\'interpretation','2012'),(299,'Disgruntled teenager Lucía has to spend a week\'s holiday with her divorced father, Alberto. She doesn\'t like his constantly commandeering tone and, to make things worse, a massive thunderstorm at the resort means that the pool is closed for safety reasons. Whilst her brother spends time with Alberto, shy Lucía drifts into a more exciting world. It\'s not long before she meets a cute guy named Santiago who at first gallantly chauffeurs her on his moped before talking her into a night out in the small town - a night out that doesn\'t exactly end as Lucía had hoped...','01:42:00','So Much Water','tt1826876','Tanta agua','2012'),(300,'Norifumi Takada, an author who released a series of marvellous novels, has not written any line ever since his wife passed away. As his 60th birthday is approaching, the author will find himself involved in a web of family dramas and infidelities. Will his 60th birthday bash end in a happy-ever-after mood?','02:10:00','I Catch a Terrible Cat','tt2119455','Koppidoi neko','2012'),(301,'In 2005, filmmaker Adam Oľha’s father decided to leave his wife and six children in order to start a new life. As the oldest of the siblings and the only remaining man in the family, Adam explores his father’s old photographs, compares them with the present, and tries to discover what led to such a radical decision. He traces his parents’ relationship from its beginnings, reveals problems in communication between husband and wife at a particular time, and observes how they are reflected in the lives of his sisters.','01:20:00','New Life of Family Album','tt2551896','Nový život rodinného alba','2012'),(302,'In a small village in the Republic of Moldavia, an old woman dies, leaving her son Petru and her granddaughter Anisoara behind. According to their tradition, the whole village mourns and bids farewell. After the death watch during a stormy night they make their way to the cemetary. The old men carry the heavy coffin over stony paths up to the sacred hill. The sun is high and the way seems endless, but against the thirst there is wine and against the grief there is singing. Joy mixes with sorrow and in the end, life stands above death.','01:01:00','Panihida','tt2076913','Panihida','2012'),(303,'The camera is following the international community of Internet players who, using flight simulators, engage into air battles trying to change the course of history in the virtual world. Their passion smoothly turns into addiction and they become their own Avatars.','01:10:00','Man at War','tt2508838','Wirtualna Wojna','2012'),(304,'The last Black Sea pirates swim in testosterone in a land of wilderness and legends, far from civilization. For 20 years, Captain Jack The Whale and his crew have been drinking, dreaming and hunting for a treasure buried in the gully of Karadere, the pristine beach they call home. But someone else has got wind of Karadere’s treasures. When news of imminent change begin to find its way to this remote oasis, the pirates\' world begins to unravel. Doubts erode the foundations of trust, conflicts brew, tensions are on the rise. In this crisis, emerges a contemporary fairy tale about the treasures we hunt and those that we find.','01:12:00','The Last Black Sea Pirates','tt2909286','The Last Black Sea Pirates','2013'),(305,'A 22‐year‐old boy in Athens has no job, no money, no girlfriend and no food to eat, but he’s got a canary bird and a beautiful singing voice. When he finds himself withοut a home, he has to seek a shelter for his bird. And when the bird gets trapped inside the shelter, the boy has to find some help. He has to find someone with whom he can confess he has no job, no money, no girlfriend and no food to eat. ','01:20:00','Boy Eating Bird\'s Food','tt2182209','To agori troei to fagito tou pouliou','2012'),(306,'Hired by moneylenders, a man lives as a loan shark brutally threatening people for paybacks. This man, without any family therefore with nothing to lose, continues his merciless way of life regardless of all the pain he has caused to a countless number of people. One day, a woman appears in front of him claiming to be his mother. He coldly rejects her at first, but gradually accepts her in his life. He decides to quit his cruel job and to live a decent life. Then suddenly the mother is kidnapped...','01:44:00','Pieta','tt2299842','Pieta','2012'),(307,'The film tells a great love story - the story of Marcel and Catherine Cellier and their lifelong dedication to the music of Eastern Europe. In numerous radio programmes and through selling millions of records Marcel Cellier spreads the music among an international audience, who falls in love with it immediately. Following the traces of the Cellier family the film travels to Eastern Europe to find the protagonists of those days and to resurrect the richness of their music.','01:33:00','Balkan Melodie','tt2311290','Balkan Melodie','2012'),(308,'1955. A small working-class American town. Five teenage girls seal a lifelong pact: they will live according to their own rules, and become the Foxfire gang. Legs, Maddy, Lana, Rita and Goldie can not accept any longer to be humiliated and discriminated against for being poor, and being girls. Headed by the feisty Legs, the girls set on a trip for revenge, and try to pursue their impossible dream: living according to their own rules and laws, no matter what. But there’s a price to pay...','02:23:00','Foxfire','tt1772270','Foxfire','2012'),(309,'The Sanno crime family has grown into a huge organization, expanding its power into politics and legitimate big business. The Sanno’s upper ranks are now dominated by young executives, and the old-guard members are penting up resentment while being pushed to the sidelines. This vulnerable spot in the Sanno hierachy is exactly what anti-gang detective Kataoka has been looking for.. But Kataoka’s trump card is the arranged release from prison of Otomo, the rumored dead boss of a family once crushed by the Sanno...','01:52:00','Outrage Beyond','tt1724962','Outrage Beyond','2012'),(310,'The documentary blends animation and film clips to tell the story of visual artist and designer Pablo Ferro. Narrated by Jeff Bridges, it features interviews with Angelica Huston, Andy Garcia, Stan Lee and others who try pinning down Pablo\'s elusive and ever-changing chameleonic persona. From young poor immigrant, Pablo became one of the hottest commercial directors and one of the most innovative multi-media artists.','01:30:00','Pablo','tt1049406','Pablo','2012'),(311,'Jean Mihail’s silent masterpiece is set in a small town in Eastern Romania at the turn of the 20th century and features a tender love story between a Romanian man and a Jewish woman. Strikingly presenting the theme of religious intolerance throughout, the film is powerfully dramatic and visually remarkable.','00:53:00','Manasse','tt0016084','Manasse','1925'),(312,'Ulrich Seidl explores what it means to carry the cross. For Anna Maria, a single woman in her 50s, paradise lies with Jesus. She devotes her summer vacation to doing missionary work, so that Austria may be brought back to the path of virtue. On her daily pilgrimage through Vienna, she goes from door to door, carrying a foot-high statue of the Virgin Mary. One day, when after years of absence, her husband, an Egyptian Muslim confined to a wheelchair, comes home, her life goes off its rails. Hymns and prayers are now joined by fighting.','01:53:00','Paradise: Faith ','tt2371824','Paradise: Glaube','2012'),(313,'Eusebio, a man whose work is to sterlise places where someone has died, is the busiest he has ever been since the outbreak of a mysterious epidemia that has the city of Lima in its grips. One day, while cleaning an abandoned house, he comes across a boy hiding in a wardrobe; it is obvious his parents are dead. Now, with the mission to find the boy\'s remaining family, Eusebio takes charge of the child and tries to look after him in a slowly dying city.  ','01:35:00','The Cleaner','tt2387455','El Limpiador','2012'),(314,'Made with humor and astonishing candor, Forget Me Not centers on David Sieveking`s Alzheimer stricken mother. The film dissects his parents liberal marriage and lifestyle. A remarkably unsentimental film which bravely tackles the fundamental question: will we grow old together?','01:28:00','Forget me not','tt2389530','Vergiss mein nicht','2012'),(315,'For most of us, our identity is taken for granted - who we are, where we come from, and what we are is rarely questioned. Not for the Palestinians, who are constantly required to show proof of identity, while their existence as native inhabitants of a land which no longer exists is perpetually denied or challenged. A World Not Ours is an intimate, and often humorous, portrait of three generations of exile in the refugee camp of Ein el-Helweh, in southern Lebanon.','01:33:00','A World Not Ours','tt2233762','A World Not Ours','2012'),(316,'Driven by striking performances from Rudd and Hirsch, Prince Avalanche is an offbeat comedy about two men painting traffic lines on a desolate country highway that\'s been ravaged by wildfire. Against this dramatic setting, the men bicker and joke with each other, eventually developing an unlikely friendship. Funny, meditative and at times surreal, Prince Avalanche features a score by Explosions in the Sky and David Wingo, and was shot by frequent Green collaborator Tim Orr was. Loosely adapted from Either Way, an Icelandic film by Hafsteinn Gunnar Sigurðsson.','01:34:00','Prince Avalanche','tt2195548','Prince Avalanche','2013'),(317,'Five teenagers violently escape a reform school in an Argentinean province. They travel by foot, across hills, a hundred kilometres, for the promise of a new home. They carry a few supplies and a shotgun. They hunt to feed, rob the homes they pass, get high, bath in the river, fight with each other and make love: their trip soon becomes a mystic fable about courage and grace.','02:10:00','The wild ones','tt2336361','Los salvajes','2012'),(318,'What happens in the last 90 minutes of a human life before they commit murder? In 90 Minutes we follow Johan who is making a lavish last meal for his wife, Fred who is on his weekly visit with the kids and Trond who completely has lost control of his use of violence towards his young wife who just gave birth to a child. Before the irretrievable act of murder happens, these men are still considered human beings. Without giving answers or finding psychological excuses, 90 Minutes follows these men\'s perspective and share the minutes just before it\'s too late.','01:28:00','90 minutes','tt2180277','90 minutter','2012'),(319,'The cargo ship MV Rozen is heading for harbour when it is hijacked by Somali pirates in the Indian Ocean. Amongst the men on board are the ship\'s cook Mikkel (Pilou Asbæk) and the engineer Jan (Roland Møller), who along with the rest of the seamen are taken hostage in a cynical game of life and death. With the demand for a ransom of millions of dollars a psychological drama unfolds between the CEO of the shipping company (Søren Malling) and the Somali pirates.','01:39:00','A Hijacking','tt2216240','Kapringen','2012'),(320,'Leonato, the governor of Messina, is visited by his friend Don Pedro who is returning from a victorious campaign against his rebellious brother Don John. Accompanying Don Pedro are two of his officers: Benedick and Claudio. Claudio falls for Leonato’s daughter Hero, while Benedick verbally spars with Beatrice, the governor’s niece. A series of comic and tragic events continue to keep the two couples from truly finding happiness, but then again perhaps love may prevail in the end!','01:47:00','Much Ado about Nothing','tt2094064','Much Ado about Nothing','2012'),(321,'Antonis arrives at a hotel resort by the sea. It is wintertime, the hotel is closed and Antonis drifts around alone. He has a lot of time to kill. Until television announces the disappearance of the famous TV host Antonis Paraskevas...','01:33:00','The Eternal Return of Antonis Paraskevas','tt2655938','I aionia epistrofi tou Antoni Paraskeva','2013'),(322,'Lara is 25 and doesn\'t really know what she wants in life. She would like to change but doesn\'t know how. After a wild night out dancing, Lara finds herself pregnant. Confused and hesitant at first, she throws herself into the adventure: becoming a mother. For the first time in her life she feels she has made the right decision. But then, six months into the pregnancy, she miscarries. Fearing the loss of her new-found feeling of purpose, Lara acts as if she is still pregnant...','01:30:00','Breaking Horizons','tt2249824','Am himmel der tag','2012'),(323,'During an uneventful summer on the outskirts of Brooklyn, Lila, a lonely fourteen-year-old, turns her attentions to Sammy, an older thug she sees at Rockaway beach. Wanting something to brag about, she weaves a story about him and becomes fixated on seeing it realized. When her attempts fail, she propels the lie even further, claiming they’ve had sex. During her sexual quest, Lila turns from predator to prey.','01:22:00','It Felt Like Love','tt2328922','It Felt Like Love','2013'),(324,'Wadjda is a 10-year-old girl living in a suburb of Riyadh. After a fight with her friend Abdullah, Wadjda sees a beautiful green bicycle for sale. She wants the bicycle desperately so that she can beat Abdullah in a race. But Wadjda’s mother won’t allow it, fearing repercussions from a society that sees bicycles as dangerous to a girl’s virtue. So Wadjda decides to try and raise the money herself...','01:38:00','Wadjda','tt2258858','Wadjda','2012'),(325,'Mr S. worked for twenty years as an official, „serving society“. Out of love. An unconditional, absolute love for „his people“. A blind and destructive love. In February 1990, several weeks after the fall of the Berlin wall, the Ministry for State Security is dissolved. The end has come for the Stasi. Major S. is one of their officers. In I Love You All, Mr S.’s testimony serves as a foil to a rather disturbing montage. His report is combined with original footage from both private and public archives. It is a film about surveillance and blindness, belief and disillusionment.','01:28:00','I Love You All','tt0404794','Aus Liebe zum Volk','2004'),(326,'Deep in the forest a group of five friends wander around like a lion herd. Lost in their word games, they play and seduce each other while going back and forth into adulthood territory, in a desperate search to avoid their already written story.','01:20:00','Leones','tt2186883','Leones','2012'),(327,'This film reflects the hectic period of the Prague Spring and the Soviet invasion that followed in the summer of 1968. Three young people, orphans Yorick, Andrej and Marta, find themselves in a cynical and hopeless world of violence and disillusionment. They survive thanks only to their own foolishness - trying to play at freedom in a country that is not free, using an inner philosophy of joy and love.','01:18:00','Birds, Orphans and Fools','tt0065193','Vtackovia, siroty a blazni','1969'),(328,'Sanja the Bandit after a particularly vicious shootout, stumbles into the musician Oleg at the local banya. Following a retelling of a semi-mythological story, the pair decide to make a pilgrimage to a \"bell-tower of happiness\".','01:23:00','Me too','tt2456536','Ya tozhe khochu','2012'),(329,'Simon is a recent college graduate full of promise and potential who goes to Paris to begin a trip around Europe after a bad break-up with his long-time girlfriend. When Simon falls in love with a young, mysterious prostitute, their fateful journey begins.','01:41:00','Simon Killer','tt1790834','Simon Killer','2012'),(330,'Albert Finney stars as a bingo-caller who, bored with his mundane existence, takes out a newspaper ad offering his services as a private detective. In no time at all, he finds himself involved in a series of plots and counterplots.','01:28:00','Gumshoe','tt0068669','Gumshoe','1971'),(331,'The story of Melanie, an overweight 13-year-old, and her first love. The teenager spends her summer vacation with other adolescents in a strictly run diet camp in the Austrian countryside. Between sports activities and nutritional counseling, pillow fights and her first cigarettes, she falls in love with the camp director, a doctor 40 years her senior. She loves him with the unconditionality of first love, and tries in total innocence to seduce him...','01:40:00','Paradise: Hope','tt2371834','Paradise: Hoffnung','2012'),(332,'This film is about the relationship of a mother and her daughter, the split-up of their family, the blessing and curse of belonging together and about coming of age - all this from the perspective of the young girl Aglaja. The story is based on real-life events, an Eastern European circus artist family that fled to the West. If they want to stay in the circus business they have to make up an exotic act. The mother spends all their money to buy a very dangerous act: hanging by her hair high up in the dome of the circus while juggling with burning torches. Every night Aglaja is terrified by the fear of losing her mother. But, on some day, she has to follow the family tradition and become the \"Woman with the Hair of Steel\"','01:50:00','Aglaja','tt1527052','Aglaja','2012'),(333,'18-year-old Sung-gong has always been a target for school bullies. One day, the bullies drag him to the home of a fellow high school girl named Jang-mi where they take turns raping her. Sung-gong wishes to escape the scene but is forced to go into her room and commit the act himself. Ten years later, Sung-gong and three of his so-called friends live their ordinary lives in the society just like others. Until one day, Sung-gong is somehow led into a church where he meets Jang-mi again.','01:43:00','Fatal','tt2417550','Gashi Ggot','2012'),(334,'When Chilean military dictator Augusto Pinochet, facing international pressure, calls for a referendum on his presidency in 1988, opposition leaders persuade a brash young advertising executive, Rene Saavedra, to spearhead their campaign. With scant resources and constant scrutiny by the despot’s watchmen, Saavedra and his team devise an audacious plan to win the election and free their country from oppression.','01:58:00','No','tt2059255','No','2012'),(335,'Ever the chronicler of inter-generational relations in China, Director Zhang Yang takes us into the world of an ageing population and alienation between the generations in his heart warming tale of a group of irrepressible senior citizens all in their 70’s and 80’s living in a nursing home who are energized when one of them decides that they should compete in a television variety show competition.','01:45:00','Full Circle','tt2401013','Fei yue lao ren yuan','2012'),(336,'Swandown is an odyssey of Olympian ambition in which Andrew Kotting (the filmmaker) and Iain Sinclair (the writer) pedal a swan-shaped pedalo from Hastings via the sea, rivers and canals to London. En-route they encounter travellers, river-dwellers, outsiders, and ordinary passers-by whose reactions are a mixture of amusement, puzzlement and ridicule.','01:38:00','Swandown','tt2257230','Swandown','2012'),(337,'Albert Casals is a young boy who moves in a wheelchair since he suffered leukaemia when he was 5 years old. A circumstance that hasn’t prevented him from making his dream come true: to travel around the world. And to do it his way. Without money, without companions, without luggagge. He has nothing but his imagination and his courage. Little World will show us his biggest and craziest challenge: to reach exactly the other side of the planet. Is it possible to cross the earth in this conditions?','01:23:00','Little World','tt1838723','Món petit','2012'),(338,'\"When I was a child I dreamed of becoming an actress...\" Tzvetanka is the story of the director’s own grandmother, a woman who has outlived the three eras in Bulgaria\'s recent history, the monarchy, the communist regime and democracy. Her life represents and reflects the stories of many others, the story of an entire country.','01:06:00','Tzvetanka ','tt2628144','Tzvetanka','2012'),(339,'Nawapol Thamrongrattanarit’s experimental film consists of 36 static camera shots that tell a story of how we store memories in the digital era. Sai, a location scout working for a studio, takes pictures whenever she’s working and stores them on her computer. One day, she finds out that she has lost all the files saved on her laptop and sets about trying to restore them with help from an old friend, Kai. The film\'s main characters are not human, but memories stored on digital devices.','01:08:00','36','tt2417540','36','2012'),(340,'Based on the home movies of the talented musician, photographer and businessman György Pető, Free Fall explores the times before the Holocaust, the darkest chapter of the 20th century Hungary. We follow their story, to discover what\'s behind the Petős\' happiness, how they try to ignore the threatening evidences of forthcoming massacres.','01:15:00','Free Fall','tt0131156','Az Örvény','1996'),(341,'El perro negro explores personal dramas, illusions, desperation, and the unseen side of an insane Spanish Civil War. The sufferings of civilians, the schism of the divided country, the revolutionary illusions, murders and the systematic massacres of Franco\'s brutality changed once and for ever the universe of Unamuno, Lorca and Buñuel.','01:24:00','El perro negro: stories from the Spanish Civil War','tt0457333','El perro negro','2005'),(342,'Ela is a respected artist, Can is a successful architect. They live in a stylish house Can designed for them, in one of Istanbul’s most prestigious neighborhoods. Though the passion has mostly gone out of their relationship, mutual respect and admiration keep their union afloat. That is, until Ela overhears one of Can’s phone conversations... ','01:42:00','Lifelong','tt2637978','Hayatboyu','2013'),(343,'Boy, a young widower, retreats to the desert after his wife dies of radiation following nuclear tests near their home. Boy is waiting for the end of the world and carves Katchina dolls that supposedly contain magical powers. Harry and Buffy travel to the desert on a second honeymoon in an attempt to save their marriage. Their Bentley breaks down in the middle of nowhere and the couple is rescued by Boy. Boy holds them prisoner because of his desire for the woman and his ambition to create a better world with her.','01:26:00','Dark Blood','tt0293069','Dark Blood','2012'),(344,'Earth (AKA Zemlya) is the third of Soviet director Alexander Dovzhenko\'s \"Ukraine tetralogy\" (Zvenigora (1928), Arsenal (1929), and Ivan (1932) are the other films in the series). The story tells of a group of farmers in a Ukrainian village, who unite to purchase a tractor. The leader of the peasants is later killed by a kulak, or landowner, who dislikes any form of united front that might pose a threat to his long-established authority. The events fade into memory, but the long-ranging effects of the peasant \"revolt\"--like the Earth itself--last forever.','01:13:00','Earth','tt0021571','Zemlya','1930'),(345,'You either love them, or you hate them! But you probably didn\'t know that the mussel can be used for much more than an hors d’oeuvre - until now! Mussels in Love is the ultimate film about the life and food of this strange shellfish, and about the whole human comedy that unfolds around it.','01:14:00','Mussels in Love','tt2515926','L’amour des Moules','2012'),(346,' Acclaimed National Geographic photographer James Balog was once a skeptic about climate change. But through his Extreme Ice Survey, he discovers undeniable evidence of our changing planet. In Chasing Ice, Balog deploys revolutionary time-lapse cameras to capture a multi-year record of the world\'s changing glaciers. His hauntingly beautiful videos compress years into seconds and capture ancient mountains of ice in motion as they disappear at a breathtaking rate. Traveling with a team of young adventurers across the brutal Arctic, Balog risks his career and his well-being in pursuit of the biggest story facing humanity. As the debate polarizes America, and the intensity of natural disasters ramps up globally, Chasing Ice depicts a heroic photojournalist on a mission to deliver fragile hope to our carbon-powered planet.','01:15:00','Chasing Ice','tt1579361','Chasing Ice','2012'),(347,'The film tells the story of a man, Mihai, who is going through midlife crisis. After a 15 years marriage, he tries to regain control over his own life and starts an affair. Though Mihai is the main character of the film, he is never seen onscreen, but his personality is shown through his mistress, mother and wife, as well as through gestures and attitude.','01:30:00','Déjà Vu','tt2577862','Déjà Vu','2012'),(348,'The 1956 Revolution has fallen. Terror reigns. Appointed by the Soviets, the new prime minister orders that each and every National Security officer’s loyalty be tested. Jung is an ambitious cultural NS officer living undercover as a private teacher. Marko, his immediate superior, is orderd to monitor Jung\'s apartment and activities for a day to test his loyalty to the new regime. What sets out as routine surveillance takes a wild turn when Marko uncovers disturbing secrets in Jung’s life: secrets that can easily destroy the careers of both men.','01:29:00','The Exam','tt1756384','A vizsga','2011'),(349,'Love and dance, music and mountains, tradition and magic. Amazing images of Slovakia, a country in the very heart of Europe. Dancing on Broken Glass is a series of frescoes about basic human needs and feelings. The narrative of the film is simple - love and the struggle to experience love. The story has few words, lots of authentic music, captivating mountains and irresistible dance sequences. And these are as dynamic, cruel and genuine as the lives of the main characters.','01:19:00','Dancing on Broken Glass','tt2460828','Tanec medzi črepinami','2012'),(350,'Two acclaimed directors tackle the topic of doom. In A Brave New World zombies flood the streets of Seoul. In The Heavenly Creature, a robot reaches enlightenment on its own while working at a temple. Its creators regard this phenomenon as a threat to mankind and decide to terminate the robot. In Happy Birthday, a little girl uses a strange website to order a new pool ball for her billiards-obsessed father. Soon an unidentified meteor heads toward the Earth and all human beings flee to underground bomb shelters...','01:55:00','Doomsday Book','tt2297164','In-Ryu-Myul-Mang Bo-Go-Seo','2012'),(351,'Aluminum is booming and found its way into every facet of our lives: deodorants, sun lotions, vaccines or filtered drinking water. But what do we actually know about the side effects of our daily companions? The light metal comes with heavy consequences. Latest research links it to the increase in Alzheimer\'s, breast cancer and food allergies. The complicated mining of aluminum is also an ecological issue.','00:52:00','The Age of Aluminium','tt2512030','Die Akte Aluminium','2012'),(352,'A poignant story about a young girl named Dorotka, who hails from eastern Slovakia. Full of determination and naive expectations regarding her new life; she takes on the job of a seamstress in a small factory on the Czech-German border town of Aš. Due to the consequences of her own decisions, she is faced with a grim reality in the westernmost corner of the Czech Republic.','01:24:00','Made in Ash','tt2292812','Až do města Aš','2012'),(353,'One cold evening in March, Barbu is tearing down the streets 50 kilometres per hour over the speed limit when he knocks down a child. The boy dies shortly after the accident. A prison sentence of between three and fifteen years awaits. High time for his mother, Cornelia, to intervene. A trained architect and member of Romania’s upper class, she commences her campaign to save her lethargic son. Bribes, she hopes, will persuade the witnesses to give false statements. Even the parents of the dead child might be appeased by some cash...','01:52:00','Child\'s Pose','tt2187115','Pozitia copilului','2013'),(354,'For the majority of people, the subway merely represents a reliable means of transportation that quickly and safely transports them to their destination. Timo Novotny’s audiovisual essay, however, reveals that the underground railway is much more. Set to the excellent, uninterrupted soundtrack by Sofa Surfers, the filmmaker accompanies us through the underground railways of several world metropolises, discovering what makes them unique.','01:25:00','Trains of Thoughts','tt1667875','Trains of Thoughts','2012'),(355,'The story of Lisl Goldarbeiter, elected Miss Univers in 1929! Her cousin, amateur filmmaker Marci Tenczer came from Szeged. He studied in Vienna, where he saved even his money for the tram to buy a camera and film. It is through him that this bittersweet twentieth-century Austro-Hungarian life and family story has come down to us.','01:10:00','Miss Universe 1929 - Lisl Goldarbeiter. A queen in Wien','tt0846784','Miss Universe 1929 - Lisl Goldarbeiter. A queen in Wien','2006'),(356,'Behind the camera there is Angelos Papanastassiou, a Greek patrician of WW2 times Athens. In the very first days of the Nazi occupation Angelos decided to record and document the Greece motherland\'s sufferings. Using a clandestine 16-mm film camera and risking his life, he filmed, documented the Nazi atrocities in Athens all through the German-Italian occupation.','01:00:00','Angelos\' Film','tt0257401','Angelos\' Film','1999'),(357,'Magda, a female writer struggling for success, employs an elderly woman called Emerence to be her housekeeper. From their first encounter, it is clear that Emerence is no ordinary maid. Although everyone in the neighbourhood knows and respects her, no one knows anything about her private life or has ever been allowed to enter her home. However, a dramatic event in the writer’s life prompts Emerence to unveil glimpses of her traumatic past - a past which sheds light on her very peculiar behaviour.','01:37:00','The Door','tt1194577','Az ajtó','2012'),(358,'Gloria is a 58 year old divorcée. Her children have all left home but she has no desire to spend her days and nights alone. Determined to defy old age and loneliness, she rushes headlong into a whirl of singles’ parties, but she feels disappointed and empty. Then she meets Rodolfo, an ex-naval officer seven years her senior to whom she feels romantically inclined. She even begins to imagine a permanent relationship. However, the encounter presents unexpected challenges and Gloria gradually finds herself being forced to confront her own dark secrets.','01:50:00','Gloria','tt2425486','Gloria','2012'),(359,'The documentary presents the life and research of Emil Racovita, one of the first Antarctic explorers, a pioneer of oceanology and the founder of a new science, the bio-speleology. He created in Cluj the world\'s first Institute of Speology. The film also focuses on the Belgica expedition (1897-1899), the first scientific expedition which wintered in Antarctica, having Roald Amundsen and Frederick Cook on board and Adrien de Gerlache as captain. Producer: Fundația Arte Vizuale','00:54:00','The Explorer',NULL,'Exploratorul','2013'),(360,'Set during World War II, somewhere in Transylvania. A German soldier is found dead near a village. The local authorities must find the killer, or they all will be shot by the Nazis the next morning. There\'s no way to find the culprit, but there\'s Ipu, the village fool. The elders promise him a hero\'s funeral if he claims responsibility for the murder and agrees to die in their place.','01:30:00','A Farewell to Fools','tt1634055','Condamnat la viață','2013'),(361,'Jaffa, the Orange’s Clockwork narrates the visual history of the famous citrus fruit originated from Palestine and known worldwide for centuries as \"Jaffa oranges\". The history of the orange is the history of this land. Through photography and cinema, poetry, paintings, workers of the citruses’ industry and historians, memory and present mythologies, Palestinians and Israelis cross and combine.','01:29:00','Jaffa, the Orange\'s Clockwork','tt1720949','Jaffa, the Orange\'s Clockwork','2010'),(362,'Bucharest, New Year\'s Eve. Radu discovers he’s not satisfied with his love life and decides to break up with his girlfriend. Soon after, he starts a journey through several parties and nightclubs searching for his ex-girlfriend. But is she the woman he really needs?','01:24:00','A Month in Thailand','tt2186665','O lună in Thailanda','2012'),(363,'The everyday life of a desperate father circles around his drug addicted son. He steals and lets himself being humiliated, ready to do everything for his son. What seems to unite the father and son more is rock music...','01:30:00','Rocker','tt2419544','Rocker','2012'),(364,'Matei has been living with his grandfather since his parents left to earn a living in Italy. The boy and his grandfather get along perfectly, but Matei is dismissed from school following a mix-up and his normally understanding grandfather responds in an unexpectedly violent way. Matei runs away from home...','01:20:00','Matei Child Miner','tt2618574','Matei copil miner','2013'),(365,'Informed by extensive interviews with Hedren and the surviving members of Hitchcock\'s crew, the movie confronts, for the first time, the legendary director\'s obsessive relationship with his most notorious actress. In 1962, Hitchcock was at the height of his fame and creativity when he chose an unknown fashion model to star in his most ambitious film, The Birds. But as he sculpted Hedren into the perfect Hitchcock blonde of his imagination, he became obsessed with the impossible dream of winning the real woman\'s love.','01:31:00','The Girl','tt2132485','The Girl','2012'),(366,'The film is based on Mircea Eliade\'s cult novella \"Miss Christina\". Caught between the impossible love from beyond death of Miss Christina and the earthly love for Sanda, his fiancée, young Egor struggles on the slippery land between dream and reality. Will he be able to save his lover and his soul from this dark confrontation?','01:30:00','Miss Christina','tt2064864','Domnișoara Christina','2013'),(367,'\"Thirty years later I\'m on my way to Macao where I haven\'t been since I was a child. I got an e-mail, in Lisbon, from Candy, a friend I hadn\'t heard from in ages. She told me that she had been involved yet again with the wrong men and asked me to go to Macao where \"strange and scary things\" were happening. Tired, after a long flight, I\'m approaching Macao aboard the jetfoil which will take me back to the happiest time in my life.\"','01:25:00','The Last Time I Saw Macao ','tt1843840','A Última Vez Que Vi Macau','2012'),(368,'Ani and Sanda are two girls from Maramures who grew up with their grandparents. Their parents are working in Spain, like so many other Romanians. When they left, their common project looked promising: with the money earned in Spain they planned to build a house in which the whole family would be happy. After more than 10 years, things haven’t turned out as planned, and the big house is far from being finished.','01:16:00','Here... I Mean There','tt2326111','Aici... adică acolo','2012'),(369,'Han Wenlong is an illegal immigrant, whose dream to work on a building site in Eastern Europe came to an end before it even began. Shen Xiaoming is a business man who lives suspended between two worlds. Li Jianhua is a journalist who tells the story of a new community, found just at the beginning of the road. All these stories take place sometime in 2012 - the Year of the Water Dragon, in Romania, a country that shared, at a certain moment, a conjoint dream with China - the socialist dream.','01:17:00','Bucharest - Year of the Dragon',NULL,'Anul Dragonului','2013'),(370,'On the beaches of Kenya they‘re known as \"Sugar Mamas\": European women who seek out African boys selling love to earn a living. Teresa, a 50-year-old Austrian mother, travels to this vacation paradise. She goes from one Beach Boy to the next, from one disappointment to the next and finally she must admit: on the beaches of Kenya love is a business. Paradise: Love tells not without humor of sex tourism, older women and young men, the market value of sexuality, and the power of skin color.','02:00:00','Paradise: Love','tt1403214','Paradise: Liebe','2012'),(372,'In 1989 Romania suffered a coup d\'état. The secret police knew what was coming and had time to prepare. In order to quickly develop the skills that the free market rewards, they set up a secret project for psychological engineering using experimental techniques. The Bucureşti Experiment is the first ever exposé of what really took place in 1989.','01:08:00','The Bucuresti Experiment','tt2817136','Experimentul București','2013'),(373,'A lyrical story of the shy love of two young people. They try to hide their doubts, lack of experience and fear by pretended cynicism and negative attitudes. But the truth is their inner worlds are full of emotions that they are afraid to reveal.  ','01:30:00','The Sun in a Net','tt0176155','Slnko v sieti','1962'),(374,'Heaven’s Gate, directed by Academy Award-winner Michael Cimino, is among Hollywood’s most ambitious and unorthodox epics. Kris Kristofferson stars in the role of a Harvard graduate who has relocated all the way to Wyoming as a federal marshal; there, he learns of a government-sanctioned plot by rich cattle barons to kill the area’s European settlers for their land. TIFF screens Cimino\'s restored director\'s cut version of the film.','03:36:00','Heaven\'s Gate','tt0080855','Heaven\'s Gate','1980'),(375,'Nadea and Sveta is a film about friendship and complicity between migrant women. It tells a story about motherhood, love, escape from loneliness and search for \"home\". The protagonists are Nadea and Sveta: like many other Moldovan women, they moved to Italy for economic reasons. Nadea\'s sons are grown up, whereas Sveta has left behind her little daughter. When her friend can finally go back home to meet her daughter again, Nadea has to face loneliness...','01:02:00','Nadea and Sveta','tt2633958','Nadea e Sveta','2012'),(376,'Three main stories and an epilogue take place during the current financial crisis that affects the intimate lives of the characters and reveals a harsh picture of their twisted relationships. The world is losing morals, but has not yet lost all hope.','02:14:00','Fine, Thanks',NULL,'Ďakujem, dobre','2013'),(377,'One evening, two couples. At first, another dinner with friends. But soon, the world these four characters live in appears to be much more cruel and cynical than it seems. Any kind of art is forbidden, back-biting is normal, and no one is surprised when the police suddenly fires at the neighbours...','01:25:00','The Monsters\' Dinner','tt1877803','Canavarlar Sofrasi','2011'),(378,'Love Building is a camp designed to mend broken relationships. 14 couples in the program have 7 days to re-design their love lives. But the 3 trainers meant to assist them have problems of their own and things gradually get out of hand. In an ongoing search for \"happily ever after\" one question pops up: \"Can love be fixed in 7 days?\".','01:25:00','Love Building','tt2792332','Love Building','2013'),(379,'One of the most beloved films directed by Jirí Menzel, winner of the Lifetime Achievement Award at TIFF 2013! For years the overbearing Pavek has endured Otik, the \"town idiot,\" sharing his meals and the front seat of their dump truck. But Otik is such a sweet-natured fool that Pavek, exasperated as he becomes, always relents on his threats to find another partner. This Laurel and Hardy-like pair are at the heart of a comedy which finds humor in an abundance of everyday situations.','01:38:00','My Sweet Little Village','tt0090257','Vesnicko má stredisková','1985'),(380,'The film is a love story about a rebel with a cause–a rebel who cannot decide between a pure, innocent burning love and a docile, peaceful, quiet love.','01:36:00','Passo doble','tt0089778','Pas în doi','1985'),(381,'','02:00:00','The last day of winter - Making Of',NULL,'The last day of winter - Making Of','2013'),(382,'Stuck in a limbo between life and death, Nathan, a deceased World War I soldier, has to collect shadows to regain a second chance at life and love. With two shadows left to collect, he discovers something that shakes his world completely.','00:20:00','Death of a shadow','tt2312702','Dood van een Schaduw','2012'),(383,'The film follows the chastisement of \"The Fat Man\" as he is forced to indulge in his gluttony over and over again. His nameless and faceless torturers are relentless in their endeavors, bringing the character to the brink.','00:06:00','The End',NULL,'The End','2012'),(384,'In a place of condensed time, the stagnant things become alive and Sleep and Death are fighting over a woman´s life, discovering the secret of how to raise ','00:09:00','How to raise the moon','tt2080324','How to raise the moon','2012'),(385,'An exhausted man walks through the desert. The man can barely walk, hungry and thirsty. In the distance, he catch a glimpse of an hotel.','00:12:00','Hotel','tt2250642','Hotel','2012'),(386,'Jesus is always willing to lend a hand to those in need, but there are others... that will taste his fist.','00:15:00','Fist of Jesus','tt2705402','Fist of Jesus','2012'),(387,'If your wife were to be brutally murdered by a serial killer you would want revenge. It is human nature. But if you were an artist, and you could exact revenge in an artistic fashion, how would you do this? Roman Polanski meets for the first time Charles Manson, who killed his wife.','00:17:00','Haunting Charles Manson','tt2265203','Charlie Is My Darlin\'','2012'),(388,'The travelling salesman Jonathan Fisch checks in to a run-down hotel. The attic room no. 606 has its pitfalls. Something rather peculiar is happening beyond the wall. Jonathan Fisch can expect a very turbulent night. A night that begins one evening in late Autumn and doesn’t end until Spring.','00:15:00','Room 606','tt2407950','Zimmer 606','2012'),(389,'Set free by strange female force, a madman manages to escape from a psychiatric hospital. The force guides him up to an old cemetery where he discovers looters desecrating a grave.','00:14:00','Necrolovers','tt2622372','Necrolovers','2012'),(390,'A little girl witnesses the birth of five terrifying supernatural beings that threaten the existence of her world.','00:10:00','The Captured Bird','tt2105005','The Captured Bird','2012'),(391,'Two friends go on mountain trip. What was to be a quiet day of relaxation soon becomes a nightmare.','00:17:00','I am dead','tt2577408','Io sono morta','2012'),(392,'Alexis is only 9. He has killed his parents. This fact, accentuated by the supernatural, hides a dark plot.','00:10:00','Alexis','tt2194182','Alexis','2012'),(393,'The conflict between doors and windows is threatening to escalate...','00:16:00','The Tale Of The Wall Habitants','tt2576818','The Tale Of The Wall Habitants','2012'),(394,'Directed by Dave Grohl (Nirvana, Foo Fighters), Sound City talks about the human element of music, the lost art of analog recording, and the history of America\'s greatest unsung recording studio, Sound City. It was home to countless legends, capturing their magic on two-inch tape, decade after decade. Many of the seminal albums of the 70s, 80s and 90s were put on tape within these walls: classics by Fleetwood Mac, Neil Young, Tom Petty, Metallica, Nirvana...','01:48:00','Sound City','tt2306745','Sound City','2013'),(395,'The south wall of Mount Annapurna in the Nepalese Himalayas is known among climbers as the most dangerous climb in the world. When experienced Spanish climber Iñaki Ochoa de Olza falls seriously ill while crossing the ridge in 2008, his hopes are slim. After his climbing partner Horia Colibăşanu sounds the alarm, 12 fellow climbers from all over the world mount a highly dangerous rescue operation.','01:25:00','The Ridge','tt2048837','Pura vida','2012'),(396,'Father Adam takes over a small parish in the middle of nowhere. He organizes a community centre for boys with troubled pasts. His energy appreciated, the locals accept him as one of their own. Everybody wants to be close to him, feeding off of his vitality and power, but no one knows he harbors his own secret. After meeting an eccentric and silent young man, a local pariah, Father Adams is forced to confront a long forgotten burden and passion. As the villagers\' worst suspicions are validated, Father Adam becomes the obvious enemy.','01:42:00','In the Name of','tt2650642','W Imie','2013'),(397,'Eight men in their 40s, disconcerted and perplex, find themselves locked in mundane events pointing to the real problem: their identinty crisis. The incapacity to express what they feel leads to situations so comical and pathetical that their wives are left stunned.','01:35:00','A Gun in Each Hand','tt1945034','Una pistola en cada mano','2012'),(398,'Ilich Ramirez Sanchez, cunoscut sub numele de Carlos, este o figură centrală în istoria terorismului internaţional al anilor \'70 şi \'80. În acelaşi timp adept al politicii de extremă stânga şi mercenar oportunist în serviciul serviciilor secrete din Orientul Mijlociu, şi-a format propria organizaţie teroristă. Acest film este povestea unui revoluţionar internaţional, manipulator şi manipulat, aşa cum e purtat de iureşul istoriei contemporane şi de propria nebunie. Îl urmăm până la capătul drumului, în Sudan, când dictatura islamică ce-l protejase pentru o vreme decide să-l predea poliţiei franceze. ','05:19:00','Carlos the Jackal','tt1321865','Carlos','2010'),(399,'The twists of a long life, the elegy of the last member of the great Pécs leather manufacturers. Recently researchers claim that Goethe modelled his famous Werther figure after an ancestor of Tibor Höfler: our film journey explores how the threads of the Höfler saga intertwine with the 20th century Central Europe\'s turmoil.','02:40:00','I am Von Höfler - Variation on Werther','tt2354103','I am Von Höfler - Variation on Werther','2008'),(400,'In a dangerous sea-faring adventure, six men are tested to the limits of their endurance in the daring true story of the Kon-Tiki voyage. Thor Heyerdahl is a restless spirit. His radical idea kick-starts an impossible mission. Along with five loyal buddies, Thor follows an ancient path 4,300 miles across the Pacific on the fragile Kon-Tiki raft. Attacked by tidal waves, sharks and all the dangers the Ocean can muster, it’s six men battling with nature as Kon-Tiki strives to reach land. Having sacrificed everything for his mission, even his marriage, Thor must succeed.','01:58:00','Kon-Tiki','tt1613750','Kon-Tiki','2012'),(401,'A documentary about Jeno Janovics, one of the best Hungarian theatrical directors of the beginning of the 20th century. In 1913 he started his own film studio, and being between the first Hungarian filmmakers, who adopted literay works on the screen he became in a short time famous, rich and one of the most envied citizens of Cluj. After WW1 Janovics, who had great influence and significant fortune, made such a sacrifice to save his theatrical group, that even today is hard to imagine.','01:02:00','Jenő Janovics, the Hungarian Pathé',NULL,'Janovics Jenő, a magyar Pathé archívum','2011');
/*!40000 ALTER TABLE `movie` ENABLE KEYS */;
UNLOCK TABLES;

--
-- Table structure for table `movie_actor`
--

DROP TABLE IF EXISTS `movie_actor`;
/*!40101 SET @saved_cs_client     = @@character_set_client */;
/*!40101 SET character_set_client = utf8 */;
CREATE TABLE `movie_actor` (
  `movie_id` bigint(20) NOT NULL,
  `actor_id` bigint(20) NOT NULL,
  KEY `FKCA96282635B61A9F` (`actor_id`),
  KEY `FKCA962826F686E375` (`movie_id`),
  CONSTRAINT `FKCA96282635B61A9F` FOREIGN KEY (`actor_id`) REFERENCES `person` (`id`),
  CONSTRAINT `FKCA962826F686E375` FOREIGN KEY (`movie_id`) REFERENCES `movie` (`id`)
) ENGINE=InnoDB DEFAULT CHARSET=utf8;
/*!40101 SET character_set_client = @saved_cs_client */;

--
-- Dumping data for table `movie_actor`
--

LOCK TABLES `movie_actor` WRITE;
/*!40000 ALTER TABLE `movie_actor` DISABLE KEYS */;
INSERT INTO `movie_actor` VALUES (2,2),(2,3),(3,5),(3,6),(4,8),(4,9),(4,10),(5,12),(5,13),(6,17),(6,18),(7,20),(7,21),(7,22),(7,23),(8,25),(8,26),(8,27),(9,29),(9,30),(9,31),(10,33),(11,35),(12,37),(12,38),(12,39),(13,41),(13,42),(14,44),(14,45),(14,46),(15,48),(15,49),(16,51),(17,53),(17,54),(19,57),(19,58),(19,59),(20,61),(20,62),(20,63),(20,64),(21,66),(21,67),(21,68),(21,69),(22,71),(22,72),(23,74),(23,75),(24,77),(24,78),(24,79),(26,81),(26,82),(26,83),(29,87),(29,88),(29,89),(30,91),(30,92),(30,93),(34,98),(34,99),(34,100),(34,101),(34,102),(34,103),(35,105),(35,106),(35,107),(36,109),(36,110),(36,111),(36,112),(37,114),(37,115),(37,116),(37,117),(37,118),(38,120),(39,122),(39,123),(39,124),(39,125),(40,62),(40,127),(40,128),(40,129),(41,130),(41,131),(41,132),(41,133),(42,135),(42,136),(42,137),(42,138),(43,139),(43,140),(44,141),(44,142),(45,144),(45,145),(46,147),(46,148),(46,149),(48,151),(48,152),(48,153),(50,157),(50,158),(51,161),(51,162),(51,163),(53,167),(53,168),(53,169),(54,171),(54,172),(55,174),(55,175),(56,177),(57,179),(57,180),(57,181),(58,183),(58,184),(59,186),(59,187),(60,189),(60,190),(60,191),(60,192),(61,194),(61,195),(62,197),(62,198),(62,199),(63,201),(63,202),(63,203),(63,204),(64,206),(64,207),(64,208),(65,210),(65,211),(66,213),(66,214),(66,215),(67,217),(67,218),(69,220),(69,221),(70,223),(70,224),(71,226),(72,229),(72,230),(72,231),(73,234),(74,235),(77,238),(77,239),(77,240),(79,243),(79,244),(79,245),(80,247),(81,249),(81,250),(82,252),(82,253),(83,255),(83,256),(83,257),(83,258),(83,259),(85,261),(85,262),(85,263),(86,265),(86,266),(87,268),(87,269),(87,270),(87,271),(88,273),(88,274),(88,275),(90,278),(90,279),(90,280),(92,283),(93,285),(93,286),(94,288),(94,289),(95,291),(95,292),(95,293),(95,294),(96,296),(96,297),(97,299),(97,300),(97,301),(98,303),(98,304),(98,305),(98,306),(99,308),(99,309),(100,310),(100,311),(100,312),(101,314),(101,315),(102,317),(102,318),(103,320),(103,321),(103,322),(104,324),(104,325),(104,326),(105,328),(105,329),(105,330),(106,332),(106,333),(106,334),(106,335),(107,337),(107,338),(107,339),(108,342),(108,343),(108,344),(110,346),(110,347),(110,348),(110,349),(111,351),(111,352),(111,353),(111,354),(112,356),(112,357),(112,358),(114,361),(115,363),(116,365),(116,366),(117,367),(117,368),(117,369),(117,370),(119,374),(119,375),(121,378),(121,379),(122,381),(122,382),(122,383),(124,66),(124,67),(124,68),(124,69),(125,387),(125,388),(126,227),(126,390),(126,391),(127,393),(127,394),(127,395),(127,396),(128,398),(128,399),(129,401),(129,402),(131,405),(131,406),(132,408),(132,409),(133,411),(133,412),(133,413),(137,416),(137,417),(137,418),(137,419),(138,421),(138,422),(138,423),(139,425),(139,426),(140,427),(140,428),(141,430),(142,229),(142,433),(142,434),(142,435),(142,436),(145,440),(145,441),(145,442),(146,444),(146,445),(147,447),(147,448),(147,449),(149,452),(149,453),(149,454),(149,455),(150,457),(150,458),(151,460),(151,461),(152,463),(152,464),(152,465),(153,466),(153,467),(153,468),(154,470),(154,471),(154,472),(155,474),(155,475),(156,477),(156,478),(157,480),(157,481),(157,482),(158,485),(158,486),(158,487),(159,489),(160,491),(160,492),(160,493),(161,495),(161,496),(162,152),(162,293),(162,498),(164,500),(164,501),(164,502),(164,503),(165,505),(165,506),(166,508),(166,509),(166,510),(167,512),(167,513),(170,517),(170,518),(170,519),(171,521),(171,522),(173,536),(173,537),(173,538),(174,540),(174,541),(174,542),(175,544),(175,545),(175,546),(175,547),(176,549),(176,550),(176,551),(177,553),(177,554),(177,555),(178,557),(178,558),(178,559),(179,60),(179,561),(179,562),(180,563),(180,564),(180,565),(181,567),(181,568),(181,569),(181,570),(182,572),(182,573),(182,574),(183,576),(183,577),(183,578),(183,579),(186,583),(186,584),(190,587),(190,588),(190,589),(194,595),(194,596),(194,597),(195,599),(195,600),(195,133),(199,602),(199,603),(199,604),(199,605),(199,606),(202,610),(202,611),(202,612),(203,614),(203,615),(203,616),(205,619),(205,620),(205,465),(205,621),(205,622),(206,624),(206,625),(206,626),(207,283),(207,628),(207,629),(208,631),(208,632),(208,633),(44,233),(210,635),(211,637),(213,640),(213,641),(213,642),(213,643),(214,645),(214,646),(215,648),(215,649),(216,651),(216,652),(216,653),(216,654),(217,656),(217,657),(217,658),(218,660),(218,661),(218,662),(219,664),(219,665),(219,382),(219,666),(220,668),(220,669),(220,670),(221,157),(221,553),(221,600),(222,673),(222,674),(222,547),(223,676),(223,677),(223,678),(224,680),(224,681),(224,682),(225,684),(225,685),(226,536),(226,687),(226,688),(228,691),(228,692),(228,693),(228,694),(229,697),(229,698),(229,699),(230,701),(230,702),(230,703),(230,704),(231,706),(231,707),(231,708),(232,710),(232,711),(232,712),(233,714),(233,715),(233,716),(234,718),(234,719),(234,720),(235,722),(235,723),(235,724),(236,726),(236,727),(236,728),(237,730),(237,731),(237,732),(238,733),(238,734),(238,735),(239,737),(239,738),(239,739),(239,740),(239,741),(239,742),(239,743),(240,758),(240,759),(240,760),(240,761),(241,763),(241,764),(241,765),(242,767),(242,53),(242,768),(242,769),(244,772),(244,773),(244,774),(245,776),(245,777),(246,779),(246,780),(246,781),(247,783),(247,784),(247,785),(248,787),(248,788),(248,789),(248,790),(249,792),(249,793),(249,794),(250,796),(250,797),(250,798),(250,799),(251,800),(251,801),(251,802),(251,803),(252,805),(252,311),(252,806),(254,810),(254,811),(254,812),(254,813),(255,815),(255,816),(255,817),(256,819),(256,820),(257,822),(257,823),(257,824),(258,162),(258,826),(258,827),(259,829),(259,830),(259,831),(260,833),(260,163),(261,835),(261,836),(261,837),(262,839),(262,840),(262,841),(262,842),(264,846),(264,847),(264,768),(264,848),(264,53),(266,851),(266,852),(266,853),(267,856),(267,857),(267,858),(267,859),(268,861),(268,862),(268,863),(269,865),(269,866),(269,867),(270,869),(270,870),(270,871),(271,873),(271,874),(272,876),(273,878),(273,879),(273,880),(273,881),(274,883),(274,884),(274,662),(274,885),(275,536),(275,678),(275,688),(276,887),(276,888),(276,889),(276,890),(277,892),(277,893),(277,894),(278,737),(278,896),(278,897),(279,899),(279,900),(279,901),(280,903),(280,904),(280,905),(280,906),(281,908),(282,910),(282,911),(284,915),(284,916),(284,917),(284,918),(285,920),(285,921),(285,922),(286,924),(286,925),(286,926),(286,927),(287,930),(287,931),(287,932),(287,933),(288,935),(288,936),(288,937),(288,938),(289,940),(289,941),(289,942),(290,944),(290,945),(290,946),(291,947),(291,948),(291,949),(292,950),(292,951),(292,952),(293,954),(294,956),(294,957),(294,958),(295,960),(295,961),(295,962),(297,964),(297,965),(297,502),(297,966),(298,968),(298,969),(298,970),(298,971),(299,973),(299,974),(299,975),(300,978),(300,979),(300,980),(300,981),(302,984),(302,985),(302,986),(302,987),(305,991),(305,992),(305,993),(305,994),(306,996),(306,997),(308,1000),(308,1001),(308,1002),(308,1003),(309,883),(309,1005),(309,1006),(309,662),(310,1007),(310,1008),(310,1009),(310,1010),(311,1012),(311,1013),(311,1014),(311,1015),(311,1016),(311,1017),(312,1019),(312,1020),(312,1021),(312,1022),(313,1024),(314,1026),(314,1027),(314,1028),(315,1030),(315,1031),(315,1032),(315,1033),(316,1035),(316,1036),(316,1037),(317,1039),(317,1040),(317,1041),(317,1042),(318,1044),(318,356),(318,1045),(318,1046),(319,1048),(319,1049),(319,1050),(319,917),(320,1052),(320,1053),(320,1054),(320,1055),(321,870),(321,781),(321,1057),(322,1059),(322,1060),(322,1061),(322,1062),(323,1064),(323,1065),(323,1066),(323,1067),(324,1069),(324,1070),(324,1071),(326,1074),(326,1075),(326,1076),(326,1077),(326,1078),(327,1080),(327,1081),(327,1082),(328,1084),(328,1085),(328,1086),(329,1088),(329,1089),(329,1090),(329,1091),(330,1093),(330,1094),(330,1095),(330,1096),(331,1097),(331,1098),(331,1099),(331,1100),(331,1101),(332,1102),(332,1103),(332,1104),(332,1105),(333,1107),(333,1108),(334,583),(334,1110),(334,1111),(334,1112),(335,1114),(335,1115),(335,1116),(335,1117),(336,1119),(336,1120),(337,1122),(337,1123),(338,1125),(339,1127),(339,1128),(339,1129),(341,1131),(341,1132),(341,1133),(342,1134),(342,1135),(342,1136),(343,1138),(343,1139),(343,1140),(343,1141),(345,1144),(345,1145),(345,1146),(346,1148),(346,1149),(346,1150),(346,1151),(347,1153),(347,1154),(347,1155),(348,1156),(348,1157),(348,1158),(348,1159),(349,1161),(349,1162),(349,1163),(349,1164),(350,1166),(350,1167),(350,1168),(352,1172),(352,1173),(352,1174),(353,1176),(353,152),(353,1177),(353,293),(353,495),(355,1180),(357,1181),(357,1182),(357,1183),(358,1185),(358,186),(358,1186),(358,1187),(360,1190),(360,1191),(360,1192),(360,1193),(362,826),(362,1195),(362,1196),(363,1198),(363,1199),(363,1200),(364,1202),(365,1204),(365,1205),(365,1206),(365,449),(366,1208),(366,1195),(366,1209),(367,1211),(367,1212),(367,1213),(369,1217),(369,1218),(369,1219),(370,1328),(370,1329),(370,1330),(370,1331),(370,1332),(372,1222),(372,1223),(372,1224),(373,1226),(373,1227),(373,1228),(373,1229),(374,1231),(374,1232),(374,1233),(375,1235),(375,1236),(376,1238),(376,1239),(376,1240),(376,1241),(376,1242),(377,1244),(377,1245),(377,1246),(377,1247),(378,1249),(378,157),(378,1250),(379,1251),(379,1252),(382,1254),(382,1255),(382,1256),(383,1258),(383,1259),(383,1260),(383,1261),(385,1264),(386,1266),(386,1267),(386,1268),(387,1271),(387,1272),(387,1273),(388,1275),(388,1276),(388,1277),(389,1279),(389,1280),(389,1281),(390,1283),(391,1285),(391,1286),(391,1287),(392,1289),(392,1290),(392,1291),(393,1293),(393,1294),(393,1295),(394,1297),(394,1298),(394,1299),(394,1300),(395,1302),(395,1303),(395,1304),(395,1305),(396,1308),(396,1309),(396,1310),(397,1311),(397,1312),(397,640),(397,1313),(398,1315),(398,1316),(398,198),(399,1317),(400,1318),(400,1319),(400,1320),(400,1321),(401,1324),(401,1325),(401,1326),(380,1334),(380,1335),(380,1336);
/*!40000 ALTER TABLE `movie_actor` ENABLE KEYS */;
UNLOCK TABLES;

--
-- Table structure for table `movie_country`
--

DROP TABLE IF EXISTS `movie_country`;
/*!40101 SET @saved_cs_client     = @@character_set_client */;
/*!40101 SET character_set_client = utf8 */;
CREATE TABLE `movie_country` (
  `movie_id` bigint(20) NOT NULL,
  `country_id` bigint(20) NOT NULL,
  KEY `FKFC010D87F686E375` (`movie_id`),
  KEY `FKFC010D878FBD3EF5` (`country_id`),
  CONSTRAINT `FKFC010D878FBD3EF5` FOREIGN KEY (`country_id`) REFERENCES `country` (`id`),
  CONSTRAINT `FKFC010D87F686E375` FOREIGN KEY (`movie_id`) REFERENCES `movie` (`id`)
) ENGINE=InnoDB DEFAULT CHARSET=utf8;
/*!40101 SET character_set_client = @saved_cs_client */;

--
-- Dumping data for table `movie_country`
--

LOCK TABLES `movie_country` WRITE;
/*!40000 ALTER TABLE `movie_country` DISABLE KEYS */;
INSERT INTO `movie_country` VALUES (1,1),(2,2),(3,3),(4,4),(5,1),(5,5),(6,6),(7,7),(8,8),(9,8),(9,9),(10,10),(10,11),(10,1),(11,12),(12,13),(13,13),(14,14),(14,15),(14,16),(14,17),(15,18),(16,11),(17,6),(17,19),(17,20),(18,21),(18,12),(18,22),(19,21),(20,13),(21,36),(22,25),(22,26),(23,27),(24,12),(25,9),(25,19),(25,1),(26,12),(26,21),(27,2),(28,27),(29,21),(30,16),(31,19),(32,19),(32,32),(33,15),(34,21),(35,2),(36,2),(37,19),(37,27),(38,34),(39,2),(40,13),(41,35),(41,8),(41,1),(42,12),(42,21),(43,21),(44,12),(44,21),(45,36),(46,21),(47,8),(48,8),(49,8),(50,8),(51,8),(52,21),(52,37),(53,6),(54,26),(54,1),(55,36),(56,38),(57,13),(57,20),(58,39),(59,40),(60,16),(60,19),(61,19),(62,1),(62,20),(62,41),(63,20),(63,13),(63,17),(64,13),(65,19),(66,6),(67,12),(67,21),(68,21),(68,1),(69,42),(69,10),(69,25),(69,26),(70,16),(70,19),(71,19),(71,35),(72,7),(73,13),(74,4),(75,21),(76,21),(77,36),(78,18),(79,7),(80,4),(81,15),(81,14),(82,1),(83,38),(84,21),(85,21),(86,4),(87,1),(87,5),(88,2),(89,19),(90,8),(91,8),(92,8),(93,8),(94,8),(95,8),(96,2),(97,21),(98,13),(99,21),(100,1),(100,35),(101,17),(102,13),(103,19),(104,1),(105,1),(106,44),(106,12),(106,38),(107,16),(108,1),(109,9),(110,46),(110,19),(110,9),(110,47),(110,48),(111,21),(112,6),(112,19),(113,42),(113,51),(113,21),(114,13),(115,21),(116,12),(116,21),(117,46),(118,13),(118,21),(118,12),(118,32),(119,12),(120,19),(121,1),(121,54),(121,19),(122,5),(122,1),(122,35),(123,8),(124,36),(125,26),(126,40),(126,55),(127,16),(128,1),(129,22),(130,4),(131,21),(132,6),(133,19),(134,12),(134,21),(135,12),(135,21),(136,55),(137,21),(138,2),(139,12),(139,21),(140,56),(140,1),(141,55),(142,7),(143,38),(143,1),(144,21),(145,7),(146,21),(147,12),(148,13),(149,38),(150,2),(151,38),(152,1),(153,12),(154,12),(155,19),(155,1),(156,57),(157,21),(157,55),(158,7),(159,44),(160,5),(161,8),(161,54),(162,8),(162,9),(163,5),(164,55),(164,5),(165,26),(166,59),(166,19),(167,1),(168,9),(168,8),(168,20),(169,8),(170,19),(171,1),(171,16),(172,9),(173,8),(174,8),(175,8),(176,17),(176,19),(176,2),(177,8),(177,55),(178,20),(179,21),(180,61),(181,57),(181,19),(181,62),(181,1),(182,12),(183,8),(184,8),(185,26),(186,21),(186,19),(187,21),(190,63),(191,8),(192,8),(193,54),(194,8),(195,8),(195,1),(196,26),(196,25),(199,59),(200,19),(200,16),(201,1),(202,21),(203,8),(204,8),(205,1),(205,19),(206,38),(207,8),(208,8),(209,8),(118,61),(118,34),(118,19),(118,36),(210,38),(211,21),(212,21),(212,11),(213,26),(214,19),(214,59),(214,17),(215,6),(215,64),(215,22),(216,48),(216,47),(216,65),(217,66),(218,1),(218,36),(219,1),(220,13),(221,8),(222,8),(223,8),(224,8),(225,8),(226,8),(227,63),(228,67),(228,38),(229,68),(229,19),(230,69),(231,62),(232,70),(232,19),(233,64),(234,71),(234,64),(234,72),(235,63),(236,16),(237,64),(238,73),(239,72),(239,74),(240,46),(241,72),(242,6),(243,14),(243,15),(244,72),(245,64),(245,27),(246,63),(247,11),(247,69),(248,44),(248,6),(249,69),(250,1),(251,38),(251,1),(252,38),(253,64),(254,19),(255,11),(256,8),(257,8),(258,8),(259,8),(260,8),(261,8),(262,22),(263,26),(264,20),(264,27),(264,6),(264,17),(265,69),(266,75),(266,76),(267,36),(268,63),(269,5),(269,1),(269,38),(270,63),(270,19),(271,13),(271,6),(271,64),(272,20),(272,64),(273,59),(274,36),(275,8),(275,19),(276,26),(276,1),(277,46),(277,19),(277,48),(277,47),(277,1),(278,6),(279,61),(280,9),(280,19),(281,59),(281,1),(281,19),(281,16),(281,5),(282,14),(283,67),(284,13),(285,77),(286,5),(286,69),(286,1),(287,65),(287,1),(287,47),(288,61),(289,54),(289,19),(290,1),(290,61),(291,8),(292,8),(293,8),(294,8),(295,8),(296,8),(297,54),(298,1),(299,10),(299,11),(299,69),(299,19),(300,36),(301,14),(301,15),(302,19),(302,78),(303,54),(304,66),(305,63),(306,73),(307,39),(307,19),(307,66),(308,1),(308,38),(309,36),(310,72),(311,8),(312,16),(312,19),(312,1),(313,79),(314,19),(315,64),(316,67),(317,25),(317,69),(318,6),(319,13),(320,72),(321,63),(322,19),(322,1),(323,67),(324,80),(324,19),(325,19),(325,1),(326,25),(326,1),(326,69),(327,81),(328,61),(329,72),(330,64),(331,16),(331,19),(331,1),(332,82),(332,8),(332,54),(333,73),(334,40),(334,1),(334,67),(335,7),(336,64),(337,26),(338,20),(338,66),(339,56),(340,9),(341,69),(341,1),(341,17),(341,20),(342,3),(342,19),(342,69),(343,69),(344,83),(345,69),(345,5),(346,67),(347,8),(348,9),(349,14),(350,73),(351,16),(351,19),(352,14),(352,15),(353,8),(354,16),(355,16),(355,69),(355,9),(355,19),(355,17),(356,69),(357,9),(357,19),(358,40),(358,26),(359,8),(360,8),(360,19),(360,5),(361,5),(361,1),(361,19),(361,59),(362,8),(363,8),(363,1),(363,19),(364,8),(364,19),(364,1),(365,64),(365,67),(366,8),(367,57),(367,1),(368,8),(369,8),(370,16),(370,19),(370,1),(372,8),(373,81),(374,67),(375,35),(375,78),(376,14),(377,3),(378,8),(379,81),(382,5),(383,8),(384,19),(384,13),(385,26),(386,26),(387,67),(388,39),(389,40),(390,38),(391,35),(392,26),(393,46),(394,67),(395,64),(395,26),(396,54),(397,26),(398,1),(398,19),(399,9),(400,64),(400,6),(400,13),(400,19),(401,8),(401,9),(380,8);
/*!40000 ALTER TABLE `movie_country` ENABLE KEYS */;
UNLOCK TABLES;

--
-- Table structure for table `movie_director`
--

DROP TABLE IF EXISTS `movie_director`;
/*!40101 SET @saved_cs_client     = @@character_set_client */;
/*!40101 SET character_set_client = utf8 */;
CREATE TABLE `movie_director` (
  `movie_id` bigint(20) NOT NULL,
  `director_id` bigint(20) NOT NULL,
  KEY `FKA8F75BBB372975A8` (`director_id`),
  KEY `FKA8F75BBBF686E375` (`movie_id`),
  CONSTRAINT `FKA8F75BBB372975A8` FOREIGN KEY (`director_id`) REFERENCES `person` (`id`),
  CONSTRAINT `FKA8F75BBBF686E375` FOREIGN KEY (`movie_id`) REFERENCES `movie` (`id`)
) ENGINE=InnoDB DEFAULT CHARSET=utf8;
/*!40101 SET character_set_client = @saved_cs_client */;

--
-- Dumping data for table `movie_director`
--

LOCK TABLES `movie_director` WRITE;
/*!40000 ALTER TABLE `movie_director` DISABLE KEYS */;
INSERT INTO `movie_director` VALUES (1,1),(2,4),(3,7),(4,11),(5,14),(5,15),(5,16),(6,19),(7,24),(8,28),(9,32),(10,34),(11,36),(12,40),(13,43),(14,47),(15,50),(16,52),(17,55),(18,56),(19,60),(20,65),(21,70),(22,73),(23,76),(24,60),(25,80),(26,60),(27,84),(28,85),(28,86),(29,90),(30,94),(31,95),(32,96),(33,97),(34,104),(35,108),(36,113),(37,119),(38,121),(39,126),(40,65),(41,134),(42,60),(43,60),(44,143),(45,146),(46,60),(47,150),(48,154),(48,155),(48,156),(49,157),(50,159),(50,160),(51,164),(52,165),(52,166),(53,170),(54,173),(55,176),(56,178),(57,182),(58,185),(59,188),(60,193),(61,196),(62,200),(63,205),(64,209),(65,212),(66,216),(67,60),(68,219),(69,222),(70,225),(71,227),(71,228),(72,232),(73,234),(74,236),(75,237),(76,88),(77,66),(78,241),(78,242),(79,246),(80,248),(81,251),(82,254),(83,260),(84,88),(85,264),(86,267),(87,272),(88,276),(89,277),(90,281),(91,282),(92,284),(93,287),(94,290),(95,295),(96,298),(97,302),(98,307),(99,60),(100,313),(101,316),(102,319),(103,323),(104,327),(105,331),(106,336),(107,340),(107,341),(108,328),(109,345),(110,350),(111,355),(112,359),(113,360),(114,362),(115,364),(116,60),(117,371),(118,372),(118,373),(119,376),(120,377),(121,380),(122,384),(122,385),(123,386),(124,66),(125,389),(126,392),(127,397),(128,400),(129,403),(130,404),(131,407),(132,410),(133,414),(134,60),(135,60),(136,415),(137,420),(138,424),(139,60),(140,429),(141,431),(141,432),(142,437),(143,438),(144,439),(145,443),(146,446),(147,450),(148,451),(149,456),(150,459),(151,462),(152,328),(153,469),(154,473),(155,476),(156,479),(157,483),(157,484),(158,488),(159,490),(160,494),(161,497),(162,295),(163,499),(164,504),(165,507),(166,511),(167,514),(168,515),(169,516),(170,520),(171,523),(171,524),(172,525),(172,526),(172,527),(172,528),(172,529),(172,530),(172,531),(172,532),(172,533),(172,534),(172,535),(173,539),(174,543),(175,548),(176,552),(177,556),(178,560),(179,469),(180,566),(181,571),(182,575),(183,580),(184,581),(185,582),(186,585),(187,586),(190,590),(191,591),(191,592),(192,593),(193,594),(194,598),(195,150),(196,601),(199,607),(200,608),(201,609),(202,613),(203,617),(204,618),(205,623),(206,627),(207,630),(208,154),(209,634),(210,636),(211,638),(212,639),(213,644),(214,647),(215,650),(216,655),(217,659),(218,663),(219,667),(220,671),(221,672),(222,675),(223,679),(224,683),(225,686),(226,689),(227,690),(228,695),(228,696),(229,700),(230,705),(231,709),(232,713),(233,717),(234,721),(235,725),(236,729),(237,717),(238,736),(239,744),(239,745),(239,746),(239,747),(239,748),(239,749),(239,750),(239,751),(239,752),(239,753),(239,754),(239,755),(239,756),(239,757),(240,762),(241,766),(242,770),(243,771),(244,775),(245,778),(246,782),(247,786),(248,791),(249,795),(250,667),(251,804),(252,438),(253,807),(253,808),(253,809),(254,814),(255,818),(256,821),(257,825),(258,828),(259,832),(260,834),(261,838),(262,843),(263,844),(263,845),(264,849),(265,850),(266,854),(266,855),(267,860),(268,864),(269,868),(270,872),(271,875),(272,877),(273,882),(274,886),(275,295),(276,891),(277,895),(278,898),(279,902),(280,907),(281,909),(282,912),(282,913),(283,914),(284,919),(285,923),(286,928),(286,929),(287,934),(288,939),(289,943),(290,155),(291,28),(292,953),(293,955),(294,959),(295,32),(296,963),(297,967),(298,972),(299,976),(299,977),(300,982),(301,983),(302,988),(303,989),(304,990),(305,995),(306,998),(307,999),(308,1004),(309,886),(310,1011),(311,1018),(312,1023),(313,1025),(314,1029),(315,1034),(316,1038),(317,1043),(318,1047),(319,1051),(320,1056),(321,1058),(322,1063),(323,1068),(324,1072),(325,909),(325,1073),(326,1079),(327,1083),(328,1087),(329,1092),(330,717),(331,1023),(332,1106),(333,1109),(334,1113),(335,1118),(336,1121),(337,1124),(338,1126),(339,1130),(340,530),(341,530),(342,1137),(343,1142),(344,1143),(345,1147),(346,1152),(347,539),(348,1160),(349,1165),(350,1169),(350,1170),(351,1171),(352,1175),(353,1178),(354,1179),(355,530),(356,530),(357,1184),(358,188),(359,1188),(359,1189),(360,1194),(361,909),(362,1197),(363,1201),(364,1203),(365,1207),(366,1210),(367,1214),(367,1215),(368,1216),(369,1220),(369,1221),(370,1023),(372,1225),(373,1230),(374,1234),(375,1237),(376,1243),(377,1248),(378,154),(379,1253),(382,1257),(383,1262),(384,1263),(385,1265),(386,1269),(386,1270),(387,1274),(388,1278),(389,1282),(390,1284),(391,1288),(392,1292),(393,1296),(394,1301),(395,1306),(395,1307),(396,380),(397,1314),(398,667),(399,530),(400,1322),(400,1323),(401,1327),(380,1333);
/*!40000 ALTER TABLE `movie_director` ENABLE KEYS */;
UNLOCK TABLES;

--
-- Table structure for table `moviebundle`
--

DROP TABLE IF EXISTS `moviebundle`;
/*!40101 SET @saved_cs_client     = @@character_set_client */;
/*!40101 SET character_set_client = utf8 */;
CREATE TABLE `moviebundle` (
  `id` bigint(20) NOT NULL AUTO_INCREMENT,
  `englishTitle` varchar(255) DEFAULT NULL,
  `originalTitle` varchar(255) DEFAULT NULL,
  PRIMARY KEY (`id`)
) ENGINE=InnoDB AUTO_INCREMENT=361 DEFAULT CHARSET=utf8;
/*!40101 SET character_set_client = @saved_cs_client */;

--
-- Dumping data for table `moviebundle`
--

LOCK TABLES `moviebundle` WRITE;
/*!40000 ALTER TABLE `moviebundle` DISABLE KEYS */;
INSERT INTO `moviebundle` VALUES (1,NULL,NULL),(2,NULL,NULL),(3,NULL,NULL),(4,NULL,NULL),(5,NULL,NULL),(6,NULL,NULL),(7,NULL,NULL),(8,'RoDays Shorts - Part 1','Scurtmetraje ZFR - Partea 1'),(9,NULL,NULL),(10,NULL,NULL),(11,NULL,NULL),(12,NULL,NULL),(13,NULL,NULL),(14,NULL,NULL),(15,NULL,NULL),(16,NULL,NULL),(17,NULL,NULL),(18,NULL,NULL),(19,NULL,NULL),(20,NULL,NULL),(21,NULL,NULL),(22,NULL,NULL),(23,NULL,NULL),(24,NULL,NULL),(25,NULL,NULL),(26,NULL,NULL),(27,NULL,NULL),(28,NULL,NULL),(29,NULL,NULL),(30,NULL,NULL),(31,NULL,NULL),(32,NULL,NULL),(33,NULL,NULL),(34,NULL,NULL),(35,NULL,NULL),(36,NULL,NULL),(37,NULL,NULL),(38,NULL,NULL),(39,NULL,NULL),(40,NULL,NULL),(41,NULL,NULL),(42,NULL,NULL),(43,NULL,NULL),(44,NULL,NULL),(45,NULL,NULL),(46,'RoDays Shorts - Part 2','Scurtmetraje ZFR - Partea 2'),(47,NULL,NULL),(48,'Oslo, August 31st','Oslo, 31. august'),(49,NULL,NULL),(50,'End of the Night','Yoru ga owaru basho'),(52,NULL,NULL),(53,NULL,NULL),(54,NULL,NULL),(55,NULL,NULL),(56,NULL,NULL),(57,NULL,NULL),(58,NULL,NULL),(59,NULL,NULL),(60,NULL,NULL),(61,NULL,NULL),(62,NULL,NULL),(63,NULL,NULL),(64,NULL,NULL),(65,NULL,NULL),(66,NULL,NULL),(67,NULL,NULL),(68,NULL,NULL),(69,NULL,NULL),(70,NULL,NULL),(71,NULL,NULL),(72,NULL,NULL),(73,NULL,NULL),(74,NULL,NULL),(75,NULL,NULL),(76,NULL,NULL),(77,NULL,NULL),(78,NULL,NULL),(79,NULL,NULL),(80,NULL,NULL),(81,NULL,NULL),(82,NULL,NULL),(83,NULL,NULL),(84,NULL,NULL),(85,'RoDays Shorts - Part 3','Scurtmetraje ZFR - Partea 3'),(86,NULL,NULL),(87,NULL,NULL),(88,'Teddy Bear','Teddy Bear'),(89,NULL,NULL),(90,NULL,NULL),(91,NULL,NULL),(92,NULL,NULL),(93,NULL,NULL),(94,NULL,NULL),(95,NULL,NULL),(96,NULL,NULL),(97,NULL,NULL),(98,NULL,NULL),(99,NULL,NULL),(100,NULL,NULL),(101,NULL,NULL),(102,NULL,NULL),(103,NULL,NULL),(104,NULL,NULL),(105,NULL,NULL),(106,NULL,NULL),(107,'Klip','Klip'),(108,NULL,NULL),(109,NULL,NULL),(110,NULL,NULL),(111,NULL,NULL),(112,NULL,NULL),(113,NULL,NULL),(114,NULL,NULL),(116,'Thursday Till Sunday','De jueves a domingo'),(117,'Kuma','Kuma'),(119,NULL,NULL),(120,NULL,NULL),(121,NULL,NULL),(122,NULL,NULL),(123,NULL,NULL),(124,NULL,NULL),(125,NULL,NULL),(126,NULL,NULL),(127,NULL,NULL),(128,NULL,NULL),(129,NULL,NULL),(130,NULL,NULL),(131,NULL,NULL),(132,NULL,NULL),(133,NULL,NULL),(134,NULL,NULL),(135,NULL,NULL),(136,NULL,NULL),(137,NULL,NULL),(138,NULL,NULL),(139,'Wetlands','Marécages'),(140,'Oslo, August 31st','Oslo, 31. august'),(142,NULL,NULL),(143,NULL,NULL),(144,NULL,NULL),(145,NULL,NULL),(146,NULL,NULL),(147,NULL,NULL),(148,NULL,NULL),(149,NULL,NULL),(150,NULL,NULL),(151,NULL,NULL),(152,NULL,NULL),(154,'Lena','Lena'),(156,'The Exchange','Hahithalfut'),(158,NULL,NULL),(159,NULL,NULL),(160,NULL,NULL),(161,NULL,NULL),(162,NULL,NULL),(163,NULL,NULL),(164,NULL,NULL),(165,NULL,NULL),(166,NULL,NULL),(167,'Everybody in Our Family','Toată lumea din familia noastră'),(169,NULL,NULL),(170,NULL,NULL),(171,NULL,NULL),(172,NULL,NULL),(173,NULL,NULL),(174,NULL,NULL),(176,'The Loneliest Planet','The Loneliest Planet'),(177,NULL,NULL),(178,'Shadows Shorts - Part 1','Scurtmetraje Umbre - Partea 1'),(179,'Shadows Shorts - Part 2','Scurtmetraje Umbre - Partea 2'),(180,NULL,NULL),(181,NULL,NULL),(182,NULL,NULL),(183,NULL,NULL),(184,NULL,NULL),(185,NULL,NULL),(186,NULL,NULL),(189,NULL,NULL),(190,NULL,NULL),(191,NULL,NULL),(192,NULL,NULL),(193,NULL,NULL),(194,NULL,NULL),(195,NULL,NULL),(196,NULL,NULL),(198,'Thursday Till Sunday','De jueves a domingo'),(199,NULL,NULL),(200,NULL,NULL),(201,NULL,NULL),(202,NULL,NULL),(203,NULL,NULL),(204,NULL,NULL),(205,NULL,NULL),(206,NULL,NULL),(207,'Romanian Days Short 1','ZFR Scurtmetraje 1'),(208,NULL,NULL),(209,NULL,NULL),(210,NULL,NULL),(211,NULL,NULL),(212,NULL,NULL),(213,NULL,NULL),(214,NULL,NULL),(215,NULL,NULL),(216,NULL,NULL),(217,NULL,NULL),(218,NULL,NULL),(219,NULL,NULL),(220,NULL,NULL),(221,NULL,NULL),(222,NULL,NULL),(223,NULL,NULL),(224,NULL,NULL),(225,NULL,NULL),(226,NULL,NULL),(227,NULL,NULL),(228,NULL,NULL),(229,NULL,NULL),(230,NULL,NULL),(231,NULL,NULL),(232,NULL,NULL),(233,NULL,NULL),(234,NULL,NULL),(235,NULL,NULL),(236,NULL,NULL),(237,'Romanian Days Short 2','ZFR Scurtmetraje 2'),(238,NULL,NULL),(239,NULL,NULL),(240,NULL,NULL),(241,NULL,NULL),(242,NULL,NULL),(243,NULL,NULL),(244,NULL,NULL),(245,NULL,NULL),(246,NULL,NULL),(247,NULL,NULL),(248,NULL,NULL),(249,NULL,NULL),(250,NULL,NULL),(251,NULL,NULL),(252,NULL,NULL),(253,NULL,NULL),(254,NULL,NULL),(255,NULL,NULL),(256,NULL,NULL),(257,NULL,NULL),(258,NULL,NULL),(259,NULL,NULL),(260,NULL,NULL),(261,NULL,NULL),(262,NULL,NULL),(263,NULL,NULL),(264,NULL,NULL),(265,NULL,NULL),(266,NULL,NULL),(267,'Romanian Days Short 3','ZFR Scurtmetraje 3'),(268,NULL,NULL),(269,NULL,NULL),(270,NULL,NULL),(271,NULL,NULL),(272,NULL,NULL),(273,NULL,NULL),(274,NULL,NULL),(275,NULL,NULL),(276,NULL,NULL),(277,NULL,NULL),(278,NULL,NULL),(279,NULL,NULL),(280,NULL,NULL),(281,NULL,NULL),(282,NULL,NULL),(283,NULL,NULL),(284,NULL,NULL),(285,NULL,NULL),(286,NULL,NULL),(287,NULL,NULL),(288,NULL,NULL),(289,NULL,NULL),(290,NULL,NULL),(291,NULL,NULL),(292,NULL,NULL),(293,NULL,NULL),(294,NULL,NULL),(295,NULL,NULL),(296,NULL,NULL),(297,NULL,NULL),(298,NULL,NULL),(299,NULL,NULL),(300,NULL,NULL),(301,NULL,NULL),(302,NULL,NULL),(303,NULL,NULL),(304,NULL,NULL),(305,NULL,NULL),(306,NULL,NULL),(307,NULL,NULL),(308,NULL,NULL),(309,NULL,NULL),(310,NULL,NULL),(311,'Péter Forgács Retrospective: El perro negro: stories from the Spanish Civil War / Free Fall','Péter Forgács Retrospective: El perro negro: stories from the Spanish Civil War / Free Fall'),(312,NULL,NULL),(313,NULL,NULL),(314,NULL,NULL),(315,NULL,NULL),(316,NULL,NULL),(317,NULL,NULL),(318,NULL,NULL),(319,NULL,NULL),(320,NULL,NULL),(321,NULL,NULL),(322,NULL,NULL),(323,NULL,NULL),(324,NULL,NULL),(325,'Péter Forgács Retrospective: Angelos\' Film / Miss Universe 1929 - Lisl Goldarbeiter. A queen in Wien','Péter Forgács Retrospective: Angelos\' Film / Miss Universe 1929 - Lisl Goldarbeiter. A queen in Wien'),(326,NULL,NULL),(327,NULL,NULL),(328,NULL,NULL),(329,NULL,NULL),(330,NULL,NULL),(331,NULL,NULL),(332,NULL,NULL),(333,NULL,NULL),(334,NULL,NULL),(335,NULL,NULL),(336,NULL,NULL),(337,NULL,NULL),(338,NULL,NULL),(339,'\"Paradise\" Trilogy','Trilogia \"Paradis\"'),(340,NULL,NULL),(341,NULL,NULL),(342,NULL,NULL),(343,NULL,NULL),(344,NULL,NULL),(345,NULL,NULL),(346,NULL,NULL),(347,NULL,NULL),(348,NULL,NULL),(349,NULL,NULL),(350,'Shadows Shorts 1','Shadows Shorts 1'),(351,'Shadows Shorts 2','Shadows Shorts 2'),(352,NULL,NULL),(353,NULL,NULL),(354,NULL,NULL),(355,NULL,NULL),(356,NULL,NULL),(357,NULL,NULL),(358,NULL,NULL),(359,NULL,NULL),(360,NULL,NULL);
/*!40000 ALTER TABLE `moviebundle` ENABLE KEYS */;
UNLOCK TABLES;

--
-- Table structure for table `moviebundle_constraint`
--

DROP TABLE IF EXISTS `moviebundle_constraint`;
/*!40101 SET @saved_cs_client     = @@character_set_client */;
/*!40101 SET character_set_client = utf8 */;
CREATE TABLE `moviebundle_constraint` (
  `movieBundle_id` bigint(20) NOT NULL DEFAULT '0',
  `userSchedule_id` bigint(20) NOT NULL DEFAULT '0',
  `priority` smallint(6) DEFAULT NULL,
  PRIMARY KEY (`movieBundle_id`,`userSchedule_id`),
  KEY `FK17CA3C8A470685B2` (`movieBundle_id`),
  KEY `FK17CA3C8A5E586A7F` (`userSchedule_id`),
  CONSTRAINT `FK17CA3C8A470685B2` FOREIGN KEY (`movieBundle_id`) REFERENCES `moviebundle_festivaledition_section` (`id`),
  CONSTRAINT `FK17CA3C8A5E586A7F` FOREIGN KEY (`userSchedule_id`) REFERENCES `userschedule` (`id`)
) ENGINE=InnoDB DEFAULT CHARSET=utf8;
/*!40101 SET character_set_client = @saved_cs_client */;

--
-- Dumping data for table `moviebundle_constraint`
--

LOCK TABLES `moviebundle_constraint` WRITE;
/*!40000 ALTER TABLE `moviebundle_constraint` DISABLE KEYS */;
/*!40000 ALTER TABLE `moviebundle_constraint` ENABLE KEYS */;
UNLOCK TABLES;

--
-- Table structure for table `moviebundle_festivaledition_section`
--

DROP TABLE IF EXISTS `moviebundle_festivaledition_section`;
/*!40101 SET @saved_cs_client     = @@character_set_client */;
/*!40101 SET character_set_client = utf8 */;
CREATE TABLE `moviebundle_festivaledition_section` (
  `id` bigint(20) NOT NULL AUTO_INCREMENT,
  `festivalEdition_id` bigint(20) DEFAULT NULL,
  `movieBundle_id` bigint(20) DEFAULT NULL,
  `section_id` bigint(20) DEFAULT NULL,
  PRIMARY KEY (`id`),
  KEY `FK80A07F5FA22D7015` (`movieBundle_id`),
  KEY `FK80A07F5FC50BBBED` (`festivalEdition_id`,`section_id`),
  CONSTRAINT `FK80A07F5FA22D7015` FOREIGN KEY (`movieBundle_id`) REFERENCES `moviebundle` (`id`),
  CONSTRAINT `FK80A07F5FC50BBBED` FOREIGN KEY (`festivalEdition_id`, `section_id`) REFERENCES `festivaledition_section` (`festivalEdition_id`, `section_id`)
) ENGINE=InnoDB AUTO_INCREMENT=361 DEFAULT CHARSET=utf8;
/*!40101 SET character_set_client = @saved_cs_client */;

--
-- Dumping data for table `moviebundle_festivaledition_section`
--

LOCK TABLES `moviebundle_festivaledition_section` WRITE;
/*!40000 ALTER TABLE `moviebundle_festivaledition_section` DISABLE KEYS */;
INSERT INTO `moviebundle_festivaledition_section` VALUES (1,1,1,1),(2,1,2,2),(3,1,3,3),(4,1,4,3),(5,1,5,3),(6,1,6,4),(7,1,7,5),(8,1,8,6),(9,1,9,3),(10,1,10,3),(11,1,11,7),(12,1,12,7),(13,1,13,8),(14,1,14,9),(15,1,15,4),(16,1,16,4),(17,1,17,8),(18,1,18,10),(19,1,19,11),(20,1,20,12),(21,1,21,3),(22,1,22,4),(23,1,23,10),(24,1,24,13),(25,1,25,10),(26,1,26,4),(27,1,27,8),(28,1,28,14),(29,1,29,9),(30,1,30,8),(31,1,31,8),(32,1,32,15),(33,1,33,4),(34,1,34,2),(35,1,35,2),(36,1,36,1),(37,1,37,3),(38,1,38,2),(39,1,39,11),(40,1,40,9),(41,1,41,10),(42,1,42,10),(43,1,43,8),(44,1,44,9),(45,1,45,10),(46,1,46,6),(47,1,47,16),(48,1,48,17),(49,1,49,16),(50,1,50,17),(52,1,52,9),(53,1,53,8),(54,1,54,16),(55,1,55,9),(56,1,56,4),(57,1,57,3),(58,1,58,3),(59,1,59,11),(60,1,60,14),(61,1,61,3),(62,1,62,10),(63,1,63,8),(64,1,64,9),(65,1,65,8),(66,1,66,8),(67,1,67,5),(68,1,68,7),(69,1,69,4),(70,1,70,19),(71,1,71,20),(72,1,72,12),(73,1,73,3),(74,1,74,5),(75,1,75,4),(76,1,76,3),(77,1,77,3),(78,1,78,3),(79,1,79,3),(80,1,80,16),(81,1,81,4),(82,1,82,3),(83,1,83,2),(84,1,84,1),(85,1,85,6),(86,1,86,2),(87,1,87,16),(88,1,88,17),(89,1,89,10),(90,1,90,14),(91,1,91,3),(92,1,92,7),(93,1,93,3),(94,1,94,16),(95,1,95,21),(96,1,96,14),(97,1,97,14),(98,1,98,21),(99,1,99,15),(100,1,100,20),(101,1,101,3),(102,1,102,20),(103,1,103,8),(104,1,104,7),(105,1,105,19),(106,1,106,10),(107,1,107,17),(108,1,108,7),(109,1,109,9),(110,1,110,8),(111,1,111,3),(112,1,112,1),(113,1,113,22),(114,1,114,12),(116,1,116,17),(117,1,117,17),(119,1,119,16),(120,1,120,16),(121,1,121,4),(122,1,122,9),(123,1,123,14),(124,1,124,10),(125,1,125,10),(126,1,126,11),(127,1,127,4),(128,1,128,2),(129,1,129,20),(130,1,130,16),(131,1,131,8),(132,1,132,5),(133,1,133,9),(134,1,134,23),(135,1,135,5),(136,1,136,10),(137,1,137,3),(138,1,138,1),(139,1,139,17),(140,1,140,17),(142,1,142,21),(143,1,143,10),(144,1,144,8),(145,1,145,8),(146,1,146,3),(147,1,147,19),(148,1,148,5),(149,1,149,17),(150,1,150,20),(151,1,151,22),(152,1,152,22),(154,1,154,17),(156,1,156,17),(158,1,158,13),(159,1,159,14),(160,1,160,14),(161,1,161,16),(162,1,162,13),(163,1,163,22),(164,1,164,22),(165,1,165,22),(166,1,166,20),(167,1,167,22),(169,1,169,10),(170,1,170,9),(171,1,171,3),(172,1,172,16),(173,1,173,22),(174,1,174,22),(176,1,176,17),(177,1,177,15),(178,1,178,18),(179,1,179,18),(180,1,180,9),(181,1,181,15),(182,1,182,22),(183,1,183,15),(184,1,184,14),(185,1,185,22),(186,1,186,14),(189,1,189,3),(190,1,190,9),(191,1,191,9),(192,1,192,9),(193,1,193,14),(194,1,194,22),(195,1,195,20),(196,1,196,20),(198,1,198,19),(199,2,199,24),(200,2,200,8),(201,2,201,8),(202,2,202,3),(203,2,203,14),(204,2,204,3),(205,2,205,25),(206,2,206,1),(207,2,207,22),(208,2,208,26),(209,2,209,3),(210,2,210,8),(211,2,211,4),(212,2,212,8),(213,2,213,20),(214,2,214,27),(215,2,215,3),(216,2,216,26),(217,2,217,9),(218,2,218,27),(219,2,219,3),(220,2,220,4),(221,2,221,3),(222,2,222,8),(223,2,223,4),(224,2,224,28),(225,2,225,9),(226,2,226,8),(227,2,227,26),(228,2,228,4),(229,2,229,20),(230,2,230,1),(231,2,231,25),(232,2,232,3),(233,2,233,3),(234,2,234,14),(235,2,235,4),(236,2,236,4),(237,2,237,22),(238,2,238,17),(239,2,239,23),(240,2,240,17),(241,2,241,17),(242,2,242,1),(243,2,243,4),(244,2,244,26),(245,2,245,29),(246,2,246,26),(247,2,247,9),(248,2,248,8),(249,2,249,3),(250,2,250,4),(251,2,251,22),(252,2,252,30),(253,2,253,3),(254,2,254,4),(255,2,255,29),(256,2,256,13),(257,2,257,31),(258,2,258,28),(259,2,259,20),(260,2,260,17),(261,2,261,3),(262,2,262,29),(263,2,263,3),(264,2,264,3),(265,2,265,8),(266,2,266,1),(267,2,267,22),(268,2,268,17),(269,2,269,14),(270,2,270,17),(271,2,271,17),(272,2,272,28),(273,2,273,29),(274,2,274,8),(275,2,275,29),(276,2,276,26),(277,2,277,3),(278,2,278,30),(279,2,279,3),(280,2,280,4),(281,2,281,8),(282,2,282,30),(283,2,283,9),(284,2,284,29),(285,2,285,29),(286,2,286,8),(287,2,287,20),(288,2,288,29),(289,2,289,9),(290,2,290,17),(291,2,291,3),(292,2,292,26),(293,2,293,17),(294,2,294,17),(295,2,295,17),(296,2,296,31),(297,2,297,29),(298,2,298,28),(299,2,299,29),(300,2,300,9),(301,2,301,27),(302,2,302,9),(303,2,303,13),(304,2,304,9),(305,2,305,20),(306,2,306,3),(307,2,307,8),(308,2,308,1),(309,2,309,8),(310,2,310,29),(311,2,311,32),(312,2,312,29),(313,2,313,14),(314,2,314,30),(315,2,315,8),(316,2,316,23),(317,2,317,22),(318,2,318,13),(319,2,319,28),(320,2,320,4),(321,2,321,23),(322,2,322,17),(323,2,323,22),(324,2,324,30),(325,2,325,32),(326,2,326,13),(327,2,327,3),(328,2,328,30),(329,2,329,22),(330,2,330,31),(331,2,331,22),(332,2,332,22),(333,2,333,22),(334,2,334,15),(335,2,335,22),(336,2,336,9),(337,2,337,22),(338,2,338,15),(339,2,339,9),(340,2,340,22),(341,2,341,28),(342,2,342,14),(343,2,343,8),(344,2,344,28),(345,2,345,9),(346,2,346,22),(347,2,347,14),(348,2,348,14),(349,2,349,14),(350,2,350,18),(351,2,351,18),(352,2,352,14),(353,2,353,14),(354,2,354,3),(355,2,355,20),(356,2,356,25),(357,2,357,32),(358,2,358,33),(359,2,359,13),(360,2,360,9);
/*!40000 ALTER TABLE `moviebundle_festivaledition_section` ENABLE KEYS */;
UNLOCK TABLES;

--
-- Table structure for table `moviebundle_movie`
--

DROP TABLE IF EXISTS `moviebundle_movie`;
/*!40101 SET @saved_cs_client     = @@character_set_client */;
/*!40101 SET character_set_client = utf8 */;
CREATE TABLE `moviebundle_movie` (
  `movieBundle_id` bigint(20) NOT NULL,
  `movie_id` bigint(20) NOT NULL,
  KEY `FK8A54E063F686E375` (`movie_id`),
  KEY `FK8A54E063A22D7015` (`movieBundle_id`),
  CONSTRAINT `FK8A54E063A22D7015` FOREIGN KEY (`movieBundle_id`) REFERENCES `moviebundle` (`id`),
  CONSTRAINT `FK8A54E063F686E375` FOREIGN KEY (`movie_id`) REFERENCES `movie` (`id`)
) ENGINE=InnoDB DEFAULT CHARSET=utf8;
/*!40101 SET character_set_client = @saved_cs_client */;

--
-- Dumping data for table `moviebundle_movie`
--

LOCK TABLES `moviebundle_movie` WRITE;
/*!40000 ALTER TABLE `moviebundle_movie` DISABLE KEYS */;
INSERT INTO `moviebundle_movie` VALUES (1,1),(2,2),(3,3),(4,4),(5,5),(6,6),(7,7),(9,10),(10,11),(11,12),(12,13),(13,14),(14,15),(15,16),(16,17),(17,18),(18,19),(19,20),(20,21),(21,22),(22,23),(23,24),(24,25),(25,26),(26,27),(27,28),(28,29),(29,30),(30,31),(31,32),(32,33),(33,34),(34,35),(35,36),(36,37),(37,38),(38,39),(39,40),(40,41),(41,42),(42,43),(43,44),(44,45),(45,46),(46,51),(46,50),(46,49),(46,48),(46,47),(47,52),(48,53),(49,54),(50,55),(52,57),(53,58),(54,59),(55,60),(56,61),(57,62),(58,63),(59,64),(60,65),(61,66),(62,67),(63,68),(64,69),(65,70),(66,71),(67,72),(68,73),(69,74),(70,75),(71,76),(72,77),(73,78),(74,79),(75,80),(76,81),(77,82),(78,83),(79,84),(80,85),(81,86),(82,87),(83,88),(84,89),(85,95),(85,94),(85,93),(85,92),(85,91),(85,90),(86,96),(87,97),(88,98),(89,99),(90,100),(91,101),(92,102),(93,103),(94,104),(95,105),(96,106),(97,107),(98,108),(99,109),(100,110),(101,111),(102,112),(103,113),(104,114),(105,115),(106,116),(107,117),(108,118),(109,119),(110,120),(111,121),(112,122),(113,123),(114,124),(116,126),(117,127),(119,129),(120,130),(121,131),(122,132),(123,133),(124,134),(125,135),(126,136),(127,137),(128,138),(129,139),(130,140),(131,141),(132,142),(133,143),(134,144),(135,145),(136,146),(137,147),(138,148),(139,149),(140,150),(142,152),(143,153),(144,154),(145,155),(146,156),(147,157),(148,158),(149,159),(150,160),(151,161),(152,162),(154,164),(156,166),(158,168),(159,169),(160,170),(161,171),(162,172),(163,173),(164,174),(165,175),(166,176),(167,177),(169,179),(170,180),(171,181),(172,182),(173,183),(174,184),(176,186),(177,187),(179,56),(180,190),(181,191),(182,192),(183,193),(184,194),(185,195),(186,196),(189,199),(190,200),(191,201),(192,202),(193,203),(194,204),(195,205),(196,206),(8,8),(8,9),(8,208),(8,207),(8,209),(179,128),(179,210),(179,211),(179,167),(179,150),(198,211),(178,212),(178,151),(178,125),(178,163),(178,165),(178,185),(140,53),(198,126),(48,212),(50,56),(88,210),(107,151),(116,125),(117,128),(139,165),(154,163),(156,167),(176,185),(167,178),(199,213),(200,214),(201,215),(202,216),(203,217),(204,218),(205,219),(206,220),(207,226),(207,225),(207,224),(207,223),(207,222),(207,221),(208,227),(209,228),(210,229),(211,230),(212,231),(213,232),(214,233),(215,234),(216,235),(217,236),(218,237),(219,238),(220,239),(221,240),(222,241),(223,242),(224,243),(225,244),(226,245),(227,246),(228,247),(229,248),(230,249),(231,250),(232,251),(233,252),(234,253),(235,254),(236,255),(237,261),(237,260),(237,259),(237,258),(237,257),(237,256),(238,262),(239,263),(240,264),(241,265),(242,266),(243,267),(244,268),(245,269),(246,270),(247,271),(248,272),(249,273),(250,274),(251,275),(252,276),(253,277),(254,278),(255,279),(256,280),(257,281),(258,282),(259,283),(260,284),(261,285),(262,286),(263,287),(264,288),(265,289),(266,290),(267,296),(267,295),(267,294),(267,293),(267,292),(267,291),(268,297),(269,298),(270,299),(271,300),(272,301),(273,302),(274,303),(275,304),(276,305),(277,306),(278,307),(279,308),(280,309),(281,310),(282,311),(283,312),(284,313),(285,314),(286,315),(287,316),(288,317),(289,318),(290,319),(291,320),(292,321),(293,322),(294,323),(295,324),(296,325),(297,326),(298,327),(299,328),(300,329),(301,330),(302,331),(303,332),(304,333),(305,334),(306,335),(307,336),(308,337),(309,338),(310,339),(311,341),(312,342),(313,343),(314,344),(315,345),(316,346),(317,347),(318,348),(319,349),(320,350),(321,351),(322,352),(323,353),(324,354),(325,356),(325,355),(326,357),(327,358),(328,359),(329,360),(330,361),(331,362),(332,363),(333,364),(334,365),(335,366),(336,367),(337,368),(338,369),(339,312),(339,331),(340,372),(341,373),(342,374),(343,375),(344,376),(345,377),(346,378),(347,379),(348,380),(349,381),(350,387),(350,386),(350,385),(350,384),(350,383),(350,382),(351,393),(351,392),(351,391),(351,390),(351,389),(351,388),(352,394),(353,395),(354,396),(355,397),(356,398),(357,399),(358,400),(359,401),(339,370),(360,370),(311,340);
/*!40000 ALTER TABLE `moviebundle_movie` ENABLE KEYS */;
UNLOCK TABLES;

--
-- Table structure for table `person`
--

DROP TABLE IF EXISTS `person`;
/*!40101 SET @saved_cs_client     = @@character_set_client */;
/*!40101 SET character_set_client = utf8 */;
CREATE TABLE `person` (
  `id` bigint(20) NOT NULL AUTO_INCREMENT,
  `name` varchar(255) DEFAULT NULL,
  PRIMARY KEY (`id`)
) ENGINE=InnoDB AUTO_INCREMENT=1337 DEFAULT CHARSET=utf8;
/*!40101 SET character_set_client = @saved_cs_client */;

--
-- Dumping data for table `person`
--

LOCK TABLES `person` WRITE;
/*!40000 ALTER TABLE `person` DISABLE KEYS */;
INSERT INTO `person` VALUES (1,'Jean-François Laguionie'),(2,'Leanne Letch'),(3,'Dario Ettia'),(4,'Amiel Courtin-Wilson'),(5,'Bülent Emin Yarar'),(6,'Ezgi Mola'),(7,'Onur Ünlü'),(8,'Gyu-ri Kim'),(9,'Jong-soo Kim'),(10,'Han Gi-Joong'),(11,'Juhn Jaihong'),(12,'Fiona Gordon'),(13,'Bruno Romy'),(14,'Dominique Abel'),(15,'Fiona Gordon'),(16,'Bruno Romy'),(17,'Jon Sigve Skard'),(18,'Silje Reinåmo'),(19,'Aleksander Nordaas'),(20,'Xu Fan'),(21,'Zhang Jingchu'),(22,'Li Chen'),(23,'Chen Daoming'),(24,'Feng Xiaogang'),(25,'Mădălina Craiu'),(26,'Dan Condurache'),(27,'Rodica Negrea'),(28,'Nicolae Constantin Tănase'),(29,'Jozsef Biro'),(30,'Csilla Varga'),(31,'Zoltan Tamasi'),(32,'Cecilia Felméri'),(33,'Carlos Vallarino'),(34,'Rodrigo Plá'),(35,'Chris New'),(36,'Andrew Haigh'),(37,'Lars Ranthe'),(38,'Lars Brygmann'),(39,'Malou Leth Reymann'),(40,'Martin Zandvliet'),(41,'Marijana Jankovic'),(42,'Nikolaj Lie Kaas'),(43,'Christoffer Boe'),(44,'Franz Weinhart'),(45,'Heinz Rüdiger'),(46,'Liepke Distel'),(47,'Peter Kerekes'),(48,'Taraneh  Alidoosti'),(49,'Saeed Changizian'),(50,'Mani Haghighi'),(51,'Shakti Urrutia'),(52,'David Michán'),(53,'Kristoffer Joner'),(54,'Vetle Qvenild Werring'),(55,'Pål Sletaune'),(56,'Philip Cox'),(57,'Kirk Douglas'),(58,'Laurence Olivier'),(59,'Jean Simmons'),(60,'Stanley Kubrick'),(61,'Mads Mikkelsen'),(62,'Stine Stengade'),(63,'Borivoj Navrátil'),(64,'Jana Plodková'),(65,'Christian Madsen'),(66,'Hitoshi Matsumoto'),(67,'David Quintero'),(68,'Luis Accinelli'),(69,'Lillian Tapia'),(70,'Hitoshi Matsumoto'),(71,'Hebe Duarte'),(72,'Nayra Calle Mamani'),(73,'Pablo Giorgelli'),(74,'Sam Keeley'),(75,'Vicky Joyce'),(76,'Rebecca Daly'),(77,'Peter Sellers'),(78,'George C. Scott'),(79,'Sterling Hayden'),(80,'Csak a Szél'),(81,'James Mason'),(82,'Shelley Winters'),(83,'Sue Lyon'),(84,'Paul China'),(85,'Sandra Jordan'),(86,'Gabriel Range'),(87,'Christopher Nolan'),(88,'Martin Scorsese'),(89,'James Cameron'),(90,'Christopher Kenneally'),(91,'David Rauchenberger'),(92,'Christine Kain'),(93,'Ursula Strauss'),(94,'Markus Schleinzer'),(95,'Philip Scheffner'),(96,'Jakob Preuss'),(97,'David Čálek'),(98,'Jason Vail'),(99,'Nicholas Wilder'),(100,'Sarah Schoofs'),(101,'Angie Bullaro'),(102,'Kirstianna Mueller'),(103,'Kaitlyn Mueller'),(104,'Elias'),(105,'Sam Neill'),(106,'Frances O\'Conner'),(107,'Sullivan Stapleton'),(108,'Daniel Nettheim'),(109,'Ozwald Boateng'),(110,'Daniel Clowes'),(111,'Peter Haskett'),(112,'Raymond Huffman'),(113,'Matthew Bate'),(114,'Aisling Loftus'),(115,'Andy Serkis'),(116,'Michael McElhatton'),(117,'Sharon Horgan'),(118,'Thomas Sangster'),(119,'Ian FitzGibbon'),(120,'Deannie Yip'),(121,'Ann Hui'),(122,'Rachael Blake'),(123,'Ewen Leslie'),(124,'Peter Carroll'),(125,'Chris Haywood'),(126,'Julia Leigh'),(127,'Lars Mikkelsen'),(128,'Sven Wollter'),(129,'Peaches Latrice Petersen'),(130,'Elio Germano'),(131,'Jennifer Ulrich'),(132,'Claudio Santamarina'),(133,'Monica Birladeanu'),(134,'Daniele Vicari'),(135,'Sehested Høeg'),(136,'Edward Singletary'),(137,'Marisa Berenson'),(138,'Patrick Magee'),(139,'Ralph Meeker'),(140,'Adolphe Menjou'),(141,'Ziggy Marley'),(142,'Jimmy Cliff'),(143,'Kevin Macdonald'),(144,'Fumi Nikaidô'),(145,'Tetsu Watanabe'),(146,'Sion Sono'),(147,'Frank Silvera'),(148,'Jamie Smith'),(149,'Irene Kane'),(150,'Tudor Giurgiu'),(151,'Irina Velcescu'),(152,'Bogdan Dumitrache'),(153,'Liliana Iorgulescu'),(154,'Iulia Rugină'),(155,'Eva Pervolovici'),(156,'Stanca Radu'),(157,'Dorian Boguță'),(158,'Valeria Cristia'),(159,'Ismail Jamaludin'),(160,'Dragoș Dulea'),(161,'Corneliu Ulici'),(162,'Paul Ipate'),(163,'Ionuţ Vişan'),(164,'Millo Simulov'),(165,'Julia Meltzer'),(166,'Laura Nix'),(167,'Anders Danielsen Lie'),(168,'Hans Olav Brenner'),(169,'Ingrid Olava'),(170,'August Joachim Trier'),(171,'Déborah François'),(172,'Joséphine Japy'),(173,'Dominik Moll'),(174,'Nami Komiyama'),(175,'Masayuki Shionoya'),(176,'Daisuke Miyazaki'),(177,'Crystal Lowe'),(178,'Kimani Ray Smith'),(179,'Gustav Hintze'),(180,'Victoria Carmen Sonne'),(181,'Anton Honik'),(182,'Simon Staho'),(183,'Martin A. Lee'),(184,'James S. Ketchum'),(185,'Martin Witz'),(186,'Sergio Hernández'),(187,'Viviana Herrera'),(188,'Sebastián Lelio'),(189,'Gabriela Hegedüs'),(190,'Martina Spitzer'),(191,'Claudia Martini'),(192,'Franziska Würzl'),(193,'Michal Kosakowski'),(194,'Magdalena Ritter'),(195,'Julita Witt'),(196,'Andreas Marschall'),(197,'Darine Hamzé'),(198,'Fadi Abi Samra'),(199,'Rodney El Haddad'),(200,'Danielle Arbid'),(201,'Sebastian Blyckert'),(202,'Yannick Diakite'),(203,'Sebastian Hegmar'),(204,'Abdiaziz Hilowle'),(205,'Ruben Östlund'),(206,'Anders W. Berthelsen'),(207,'Adriana Mascialino'),(208,'Sebastián Estevanez'),(209,'Ole Christian Madsen'),(210,'Jacob Matschenz'),(211,'Luna Mijovic'),(212,'Christian Petzold'),(213,'Andreas Cappelen'),(214,'Frank Dåbu'),(215,'Vebjørn Enger'),(216,'Arild Andresen'),(217,'Adam Baldwin'),(218,'Vincent D\'Onofrio'),(219,'Frederick Wiseman'),(220,'Jarlinsson Ramirez Reinoso'),(221,'Yor Jasbleidy Santos Torres'),(222,'Alejandro Landes'),(223,'Thomas Bengtsson'),(224,'Philippe Fatoux'),(225,'Daniel Moshel'),(226,'Luca Ragazzi'),(227,'Gustav Hofer'),(228,'Luca Ragazzi'),(229,'Andy Lau'),(230,'Nicholas Tse'),(231,'Jackie Chan'),(232,'Benny Chan'),(233,'Bob Marley'),(234,'Mads Brügger'),(235,'Kim Ha-neul'),(236,'Sang-hoon Ahn'),(237,'Tom Kalin'),(238,'Takaaki Nomi'),(239,'Sea Kumada'),(240,'Jun Kunimura'),(241,'Jafar Panahi'),(242,'Mojtaba Mirtahmasb'),(243,'Wang Qian-Yuan'),(244,'Qin Hailu'),(245,'Shin-Yeong Jang'),(246,'Zhang Meng'),(247,'Kim Donguk'),(248,'Seung-wook Byeon'),(249,'Martin Hangurbadžo'),(250,'Martina Kotlárová'),(251,'Martin Sulik'),(252,'Eric Elmosnino'),(253,'Aure Atika'),(254,'Julie Delpy'),(255,'Fellag'),(256,'Sophie Nélisse'),(257,'Émilien Néron'),(258,'Danielle Proulx'),(259,'Brigitte Poupart'),(260,'Philippe Falardeau'),(261,'Rory Culkin'),(262,'Lian Aiken'),(263,'Bill Sage'),(264,'Rebecca Thomas'),(265,'Kim Yun-seok'),(266,'Cho Seong-Ha'),(267,'Hong-jin Na'),(268,'Michel Blanc'),(269,'Zabou Breitman'),(270,'Laurent Stocker'),(271,'Sylvain Deblé'),(272,'Pierre Schöller'),(273,'Ben Mendelsohn'),(274,'Luke Ford'),(275,'Jacki Weaver'),(276,'David Michôd'),(277,'Hermine Huntgeburth'),(278,'Cristi Iacob'),(279,'Diana Dumitrescu'),(280,'Ion Grosu'),(281,'Cristina Jacob'),(282,'Radu Potcoavă'),(283,'Marius Manole'),(284,'Rodi Cotenescu'),(285,'Alistai Willis'),(286,'Leslie Warren'),(287,'Sebastian Cosor'),(288,'Goitein Gergely'),(289,'Porzsolt Erzsébet'),(290,'Bán Attila'),(291,'Tania Filip'),(292,'Clara Vodă'),(293,'Nataşa Raab'),(294,'Emilian Mârnea'),(295,'Adrian Sitaru'),(296,'Bob Adriaens'),(297,'Louise Harris'),(298,'Justin Kurzel'),(299,'Maz Jobrani'),(300,'Muatasem Mishal'),(301,'Binyomin Shtaynberger'),(302,'Joel Fendelman'),(303,'Elsebeth Steentoft'),(304,'Lamaiporn Sangmanee Hougaard'),(305,'David Winters'),(306,'Allan Mogensen'),(307,'Mads Matthiesen'),(308,'Colleen Gray'),(309,'Vince Edwards'),(310,'Cyril Collard'),(311,'Romane Bohringer'),(312,'Carlos López'),(313,'Cyril Collard'),(314,'Pertti Sveholm'),(315,'Timo Torikka'),(316,'Mika Kaurismäki'),(317,'Stephanie León'),(318,'Jakob Eklund'),(319,'Frederikke Aspöck'),(320,'Corinna Harfouch'),(321,'Sebastian Zimmler'),(322,'Picco von Groote'),(323,'Hans-Christian Schmid'),(324,'Emilia Derou-Bernal'),(325,'Laura Kpegli'),(326,'Salome Blechmans'),(327,'Djinn Carrénard'),(328,'Claude Lelouch'),(329,'Catherine Deneuve'),(330,'Lino Ventura'),(331,'Claude Lelouch'),(332,'Jon Thor Birgisson'),(333,'Orri P. Dyrason'),(334,'Georg Holm'),(335,'Kjartan Sveinsson'),(336,'Vincent Morisset'),(337,'Julian Rachlin'),(338,'John Malkovich'),(339,'Roger Moore'),(340,'Aleksey Igudesman'),(341,'Sebastian Leitner'),(342,'Anouk Aimée'),(343,'Jean Louis Trintignant'),(344,'Pierre Barouh'),(345,'Viktor Oszkár Nagy'),(346,'Milos Samolov'),(347,'Hristina Popovic'),(348,'Goran Jevtic'),(349,'Goran Navojec'),(350,'Srdjan Dragojevic'),(351,'Thure Lindhardt'),(352,'Zachary Booth'),(353,'Julianne Nicholson'),(354,'Souleymane Sy Savane'),(355,'Ira  Sachs'),(356,'Aksel Hennie'),(357,'Nikolaj Coster-Waldau'),(358,'Synnøve Macody Lund'),(359,'Morten Tyldum'),(360,'Juan Vallejo'),(361,'Kevin Alderman'),(362,'Kaspar Astrup Schröder'),(363,'Josh „Skreech” Sandoval'),(364,'Tristan Pattersen'),(365,'Shelley Duvall'),(366,'Danny Lloyd'),(367,'Isidora Simijonovic'),(368,'Vukašin Jasni'),(369,'Sanja Mikitišin'),(370,'Jovo Maksic'),(371,'Maja Miloš'),(372,'Christian Bonke'),(373,'Andreas Koefoed'),(374,'Carey Mulligan'),(375,'James  Badge Dale'),(376,'Steve McQueen'),(377,'Cyril Tuschi'),(378,'Anaïs Demoustier'),(379,'Joanna Kulig'),(380,'Malgorzata Szumowska'),(381,'Cecile de France'),(382,'Jérémie Renier'),(383,'Thomas Doret'),(384,'Jean-Pierre Dardenne'),(385,'Luc Dardenne'),(386,'Anca Hirte'),(387,'Montse German'),(388,'Armand Villen'),(389,'Pau Teixidor'),(390,'Emiliano Freifeld'),(391,'Paola Giannini'),(392,'Dominga  Sotomayor Castillo'),(393,'Nihal Koldaş'),(394,'Begum Akkaya'),(395,'Vedat Erincin'),(396,'Murathan Maslu'),(397,'Umut Dag'),(398,'Gaëlle Jeantet'),(399,'Daniel Schropffer'),(400,'Cyrille   Drevon'),(401,'Alekh Sangal'),(402,'Sudhir Pednekar'),(403,'Karan Gour'),(404,'Su-min Park'),(405,'Frances Fisher'),(406,'Kurt Fuller'),(407,'Jennifer Clary'),(408,'Malin Bjørhovde'),(409,'Henriette Steenstrup'),(410,'Jannicke  Systad Jacobsen'),(411,'Jeanette Hain'),(412,'Susanne Wolff'),(413,'Misel Maticevic'),(414,'Dominik Graf'),(415,'Jessica Gorter'),(416,'Ron Carrier'),(417,'Darren Lenz'),(418,'Bob Sentinella'),(419,'Piper Weiss'),(420,'Mark Jackson'),(421,'Greg Tait'),(422,'Lucas Yeeda'),(423,'Ngaire Pigram'),(424,'Brendan Fletcher'),(425,'Gary Lockwood'),(426,'William Sylvester'),(427,'Celine  Horwang'),(428,'Chanokporn Sayoungkul'),(429,'Pen-ek Ratanaruang'),(430,'Martine Fokkens'),(431,'Gabrielle Provaas'),(432,'Rob Schröder'),(433,'Carina Lau'),(434,'Li Bingbing'),(435,'Deng Chao'),(436,'Tony Leung'),(437,'Tsui Hark'),(438,'Denis Côté'),(439,'Josh Fox'),(440,'Ge You'),(441,'Wang Xueqi'),(442,'Huang Xiaoming'),(443,'Chen Kaige'),(444,'Frances O\'Connor'),(445,'Sam Robards'),(446,'Steven Spielberg'),(447,'Judi Dench'),(448,'Bill Nighy'),(449,'Penelope Wilton'),(450,'John Madden'),(451,'Esben Toft Jacobsen'),(452,'Pascale Bussières'),(453,'Gabriel Maillé'),(454,'Luc Picard'),(455,'François Papineau'),(456,'Guy Édoin'),(457,'Pauline Streatfield'),(458,'Anthony Littlechild'),(459,'Andrew Kavanagh'),(460,'Cliff Myers'),(461,'Dakota Roos-Adams'),(462,'Firas  Momani'),(463,'Fanny Ardant'),(464,'Mireille Audibert'),(465,'Geraldine Chaplin'),(466,'Malcolm McDowell'),(467,'Robert Altman'),(468,'Christiane Kubrick'),(469,'Jan Harlan'),(470,'Giorgio Armani'),(471,'Michael Bay'),(472,'Paul Bettany'),(473,'Varon Bonicos'),(474,'Paul Auster'),(475,'Peter Lindbergh'),(476,'Angelina Maccarone'),(477,'Nuno Lopes'),(478,'Rita Blanco'),(479,'João Canijo'),(480,'Seth Green'),(481,'Macaulay Culkin'),(482,'Diana Scanwid'),(483,'Fenton Bailey'),(484,'Randy Borbato'),(485,'Zhou Dongyu'),(486,'Dou Xiao'),(487,'Yu Xinbo'),(488,'Zhang Yimou'),(489,'Hilmar Gudjonsson'),(490,'Hafsteinn Gunnar Sigurðsson'),(491,'Gilles De Schryver'),(492,'Tom Audenaert'),(493,'Isabelle De Hertogh'),(494,'Geoffrey  Enthoven'),(495,'Vlad Ivanov'),(496,'Jamie Sives'),(497,'Anca Damian'),(498,'Marian Râlea'),(499,'Geraldo  Infuso'),(500,'Jeroen Willems'),(501,'Niels Gomperts'),(502,'Agata Buzek'),(503,'Lisa Smit'),(504,'Christophe Van Rompaey'),(505,'Jaroslaw Bielski'),(506,'Benito Sagredo'),(507,'Javier Chillon'),(508,'Sharon Tal'),(509,'Dov Navon'),(510,'Shirili Deshe'),(511,'Eran  Kolirin,'),(512,'Sarah Barzyk'),(513,'Elia Blanc'),(514,'Arnold de Parscau'),(515,'Judit Elek'),(516,'Dan Curean'),(517,'Stefan Kurt'),(518,'Eberhard Kirchberg'),(519,'Imogen Kogge'),(520,'Christoph Hochhäusler'),(521,'Hafsia Herzi'),(522,'Mohamed Fellag'),(523,'Antoine Delesvaux'),(524,'Joann Sfar'),(525,'András Jeles'),(526,'Ágnes Kocsis'),(527,'Ferenc Török'),(528,'Simon Szabó'),(529,'Márta Mészáros'),(530,'Péter Forgács'),(531,'László Siroki'),(532,'György Pálfi'),(533,'Bence Fliegauf'),(534,'András Salamon'),(535,'Miklós Jancsó'),(536,'Adrian Titieni'),(537,'Tudor Smoleanu'),(538,'Anca Florescu'),(539,'Dan Chișu'),(540,'Constantin Cojocaru'),(541,'Victoria Cociaş'),(542,'Costel Caşcaval'),(543,'Radu Gabrea'),(544,'Florin Piersic Jr.'),(545,'Cristian Ioan Gutău'),(546,'Daniel Popa'),(547,'Olimpia Melinte'),(548,'Florin Piersic Jr.'),(549,'Udo Kier'),(550,'Kym Jackson'),(551,'Peta Sergeant'),(552,'Timo Vuorensola'),(553,'Şerban Pavlu'),(554,'Mihaela Sîrbu'),(555,'Sofia Nicolaescu'),(556,'Radu Jude'),(557,'Fanny Risberg'),(558,'Michael Jansson'),(559,'Fanny Garanger'),(560,'Stefan Constantinescu'),(561,'Tom Cruise'),(562,'Woody Allen'),(563,'Olga  Dihovichnaya'),(564,'Sergei Golyudov'),(565,'Roman Merinov'),(566,'Angelina Nikonova'),(567,'Laura Soveral'),(568,'Ana Moreira'),(569,'Henrique Espírito Santo'),(570,'Carloto Cotta'),(571,'Miguel Gomes'),(572,'Olivia Colman'),(573,'Eddie Marsan'),(574,'Paul Popplewell'),(575,'Paddy Considine'),(576,'Áron Dimény'),(577,'George Mihăiţă'),(578,'Constantin Chiriac'),(579,'Răzvan Vasilescu'),(580,'Silviu Purcărete'),(581,'Ivana Mladenovic'),(582,'Pedro Pires'),(583,'Gael Garcia Bernal'),(584,'Bidzina Gujabidze'),(585,'Julia Loktev'),(586,'Todd Haynes'),(587,'Aris Servetalis'),(588,'Johnny Vekris'),(589,'Ariane Labed'),(590,'Giorgos Lanthimos'),(591,'Radu Muntean'),(592,'Alexandru Baciu'),(593,'Bogdan Ilie-Micu'),(594,'Konrad Szołajski'),(595,'Leopoldina Bălănuţă'),(596,'Radu Boruzescu'),(597,'George Calboreanu Jr.'),(598,'Mircea Veroiu și Dan Pița'),(599,'Robinson  Stévenin'),(600,'Andi Vasluianu'),(601,'Antonio Hernández'),(602,'Yaara Pelzig'),(603,'Michael Mushonov'),(604,'Menashe Noi'),(605,'Mor Keren'),(606,'Michael Aloni'),(607,'Nadav Lapid'),(608,'Michael Glawogger'),(609,'Jérôme de Missolz'),(610,'James Preston'),(611,'Dan Glenn'),(612,'Dalilah Rain'),(613,'Matthew W.  Mishory'),(614,'Ion Caramitru'),(615,'Maria Ploae'),(616,'George Constantin'),(617,'Nicolae Mărgineanu'),(618,'Alexandru Belc'),(619,'Guy Bedos'),(620,'Daniel Brühl'),(621,'Jane Fonda'),(622,'Claude Rich'),(623,'Stéphane Robelin'),(624,'Julie LeBreton'),(625,'Antoine Bertrand'),(626,'Dominic Philie'),(627,'Ken Scott'),(628,'Raluca Aprodu'),(629,'Cristina Cioran'),(630,'Andra Chiriac'),(631,'Ion Rusu'),(632,'Gloria Sauciuc'),(633,'Malvina Cservenschi'),(634,'Dan Cimpoeșu'),(635,'Jovanna Huguet'),(636,'Nicholas Humphries'),(637,'Dulcie Anne Rosales'),(638,'Grzegorz  Jonkajtys'),(639,'Francisco Ruiz Velasco'),(640,'Javier Cámara'),(641,'Cecilia Roth'),(642,'Lola Dueñas'),(643,'Raúl Arévalo'),(644,'Pedro Almodóvar'),(645,'Magdalena Kopp'),(646,'Rosa Kopp'),(647,'Nadav Schirman'),(648,'Liv Ullmann'),(649,'Ingmar Bergman'),(650,'Dheeraj Akolkar'),(651,'Alma Prica'),(652,'Olga Pakalovic'),(653,'Mijo Jurisic'),(654,'Mustafa Nadarevic'),(655,'Arsen Anton Ostojic'),(656,'Hristo Stoichkov'),(657,'Johan Cruyff'),(658,'Jose Carreras'),(659,'Borislav Kolev'),(660,'Rin Takanashi'),(661,'Tadashi Okuno'),(662,'Ryo Kase'),(663,'Abbas Kiarostami'),(664,'Juliette Binoche'),(665,'Charles Berling'),(666,'Edith Scob'),(667,'Olivier Assayas'),(668,'Angelina Cottrell'),(669,'Anna Hewlett'),(670,'Demos Murphy'),(671,'Daniel Joseph Borgman'),(672,'Andrei Creţulescu'),(673,'Rodica Lazăr'),(674,'Cristian Popa'),(675,'Luiza Pârvu'),(676,'Lucian Ifrim'),(677,'Ileana Puiu'),(678,'Gheorghe Ifrim'),(679,'Andrei Cohn'),(680,'Claudiu Oprea'),(681,'Alex Zob'),(682,'Adrian Dima'),(683,'Ioachim Ciobanu'),(684,'Toma Cuzin'),(685,'Maria Obretin'),(686,'Gheorghe Preda'),(687,'Gabriela Popescu'),(688,'Sergiu Costache'),(689,'Adrian Silişteanu'),(690,'Christos Karakepelis'),(691,'Melissa Leo'),(692,'Victoria Charkut'),(693,'Dave Clark'),(694,'Keith Leonard'),(695,'Brian M. Cassidy'),(696,'Melanie Shatzky'),(697,'Marc Rollinger'),(698,'Jordan Fox'),(699,'Christian Alfred Kahrer'),(700,'Angela Christlieb'),(701,'Barry Atsma'),(702,'Susan Visser'),(703,'Dario Levy'),(704,'Leonardo Ramirez'),(705,'Diederik Van Rooijen'),(706,'Alexander Laks'),(707,'Guccia Fiszman'),(708,'Alexander Liberman'),(709,'Alex Levy Heller'),(710,'Joseph Wairimu'),(711,'Olwenya Maina'),(712,'Nancy Wanjiku Karanja'),(713,'Tosh Gitonga'),(714,'Daniel Day-Lewis'),(715,'Saeed Jaffrey'),(716,'Roshan Seth'),(717,'Stephen Frears'),(718,'Dariel Arrechaga'),(719,'Anailín de la Rúa de la Torre'),(720,'Javier Núñez Florián'),(721,'Lucy Mulloy'),(722,'Dafnie Manousou'),(723,'Argiris Thanasoulas'),(724,'Angeliki Karistinou'),(725,'The Boy'),(726,'Giuliana Pachner'),(727,'Awad Elkish'),(728,'Christian Schmidt'),(729,'Peter Schreiner'),(730,'Gary Oldman'),(731,'Alfred Molina'),(732,'Vanessa Redgrave'),(733,'Lee Jung-jae'),(734,'Choi Min-Sik'),(735,'Hwang Jung-Min'),(736,'Park Hoon-jung'),(737,'Ingrid Bolsø Berdal'),(738,'Erik Aude'),(739,'Kyra Zagorsky'),(740,'Iván González'),(741,'Dallas Malloy'),(742,'Sarah Bonrepaux'),(743,'Lee Hardcastle'),(744,'Regia / Director: Kaare Andrews'),(745,'Angela Bettis'),(746,'Hélène Cattet'),(747,'Ernesto Díaz Espinoza'),(748,'Jason Eisener'),(749,'Bruno Forzani'),(750,'Adrián García Bogliano'),(751,'Xavier Gens'),(752,'Lee Hardcastle'),(753,'Noboru Iguchi'),(754,'Thomas Cappelen Malling'),(755,'Jorge Michel Grau'),(756,'Anders Morgenthaler'),(757,'Yoshih'),(758,'Gordan Kicic'),(759,'Uliks Fehmiu'),(760,'Rade Serbedzija'),(761,'Petar Bozovic'),(762,'Miroslav Terzic'),(763,'Patty Schemel'),(764,'Courtney Love Cobain'),(765,'Eric Erlandson'),(766,'P. David Ebersole'),(767,'Maria Bonnevie'),(768,'David Dencik'),(769,'Maria Heiskanen'),(770,'Sara Johnsen'),(771,'Mira Fornay'),(772,'Rose Wood'),(773,'Julie Atlas Muz'),(774,'Mat Fraser'),(775,'Beth B'),(776,'Zawe Ashton'),(777,'Alix Luka-Cain'),(778,'Carol Morley'),(779,'Vangelis Mourikis'),(780,'Stathis Stamoulakatos'),(781,'Maria Kallimani'),(782,'Yannis Economides'),(783,'Alberto Trujillo'),(784,'Luly Trueba'),(785,'Hugo Albores'),(786,'Sebastian Hoffman'),(787,'Jóhann G. Jóhannsson'),(788,'Ólafur Darri Ólafsson'),(789,'Björn Thors'),(790,'Stefán Hallur Stefánsson'),(791,'Baltasar Kormakur'),(792,'Rick Lens'),(793,'Loek Peters'),(794,'Susan Radder'),(795,'Boudewijn Koole'),(796,'Clément Métayer'),(797,'Lola Créton'),(798,'Felix Armand'),(799,'Carole Combes'),(800,'Melvil Poupaud'),(801,' Suzanne Clément'),(802,'Nathalie Baye'),(803,'Monia Chokri'),(804,'Xavier Dolan'),(805,'Pierrette Robitaille'),(806,'Marc-André Grondin'),(807,'Ludwig Berger'),(808,'Michael Powell'),(809,'Tim Whelan'),(810,'Tilman Strauß'),(811,'Thomas Schendel'),(812,'Niklas Kohrt'),(813,'Judith Rosmair'),(814,'Sven Halfar'),(815,'Ana Ofelia Murguía'),(816,'Damián Alcázar'),(817,'Marisol Centeno'),(818,'Kenya Marquez'),(819,'Mimi Brănescu'),(820,'Iulia Lumânare'),(821,'Liviu Săndulescu'),(822,'Hubert Truică'),(823,'Neagu Ionuţ'),(824,'Silviu Geamănu'),(825,'Răzvan Tache'),(826,'Andrei Mateiu'),(827,'Dan Lupu'),(828,'Andrei Tănase'),(829,'Ana Ularu'),(830,'Mihai Stănescu'),(831,'Andrei Pandele'),(832,'Anton Groves'),(833,'Maria Mitu'),(834,'Tudor Cristian Jurgiu'),(835,'Mărioara Balog'),(836,'Ileana Costea'),(837,'Sabina Oneţ'),(838,'Paula Oneţ'),(839,'Aida El-Kashef'),(840,'Neeraj Kabi'),(841,'Sohum Shah'),(842,'Faraz Khan'),(843,'Anand Gandhi'),(844,'Roger Gómez Farré'),(845,'Dani Resines Cunill'),(846,'Pernilla August'),(847,'Simon J Berger'),(848,'Sven Nordin'),(849,'Mikael Marcimain'),(850,'Michiel ten Horn'),(851,'Evelin Pang'),(852,'Margus Tabor'),(853,'Mait Malmsten'),(854,'Janno Põldma'),(855,'Heiki Ernits'),(856,'Kyoko Koizumi'),(857,'Yu Aoi'),(858,'Eiko Koike'),(859,'Sakura Ando'),(860,'Kiyoshi Kurosawa'),(861,'Michalis Oikonomou'),(862,'Katerina Mavrogeorgi'),(863,'Kathrin Suckfiel'),(864,'Zacharias Mavroeidis'),(865,'Matila Malliarakis'),(866,'Guillaume Gouix'),(867,'David Salles'),(868,'David Lambert'),(869,'Antonis Kafetzopoulos'),(870,'Christos Stergioglou'),(871,'Theodora Tzimou'),(872,'Filippos Tsitos'),(873,'Anwar Congo'),(874,'Herman Koto'),(875,'Joshua Oppenheimer'),(876,'Stephen \'Sugar\' Segerman'),(877,'Malik Bendjelloul'),(878,'Hadas Yaron'),(879,'Yiftach Klein'),(880,'Irit Sheleg'),(881,'Chaim Sharir'),(882,'Rama Burshtein'),(883,'Beat Takeshi'),(884,'Kippei Shiina'),(885,'Tomozaku Miura'),(886,'Takeshi Kitano'),(887,'Maribel Verdú'),(888,'Daniel Giménez Cacho'),(889,'Ángela Molina'),(890,'Macarena García'),(891,'Pablo Berger'),(892,'Leon Lucev'),(893,'Nebojsa Glogovac'),(894,'Nikola Rakocevic'),(895,'Srdan Golubovic'),(896,'Isabel Christine Andreasen'),(897,'Milla Olin'),(898,'Roar Uthaug'),(899,'Yana Troyanova'),(900,'Alexei Filimonov'),(901,'Olga Lapshina'),(902,'Vasily Sigarev'),(903,'Kerekes Krisztina'),(904,'Bogdán Zsolt'),(905,'Péter Hilda'),(906,'Tóth Attila'),(907,'Kincses Réka'),(908,'Adolf Eichmann'),(909,'Eyal Sivan'),(910,'Mariena Mirgova'),(911,'Roman Lacko'),(912,'Marek Šulík'),(913,'Jana Bučka'),(914,'Ron Fricke'),(915,'Gustav Dyekjær Giese'),(916,'Oscar Dyekjær Giese'),(917,'Roland Møller'),(918,'Lene Maria Christensen'),(919,'Michael Noer'),(920,'Nora Aunor'),(921,'Bembol Roco'),(922,'Mercedes Cabral'),(923,'Brilliante Mendoza'),(924,'Aurélia Poirier'),(925,'Django Schrevens'),(926,'Sam Louwyck'),(927,'Gill Vancompernolle'),(928,'Peter Brosens'),(929,'Jessica Woodworth'),(930,'Nazif Mujic'),(931,'Senada Alimanovic'),(932,'Semsa Mujic'),(933,'Sandra Mujic'),(934,'Danis Tanovic'),(935,'Franziska Petri'),(936,'Dejan Lilic'),(937,'Albina Dzhanabaeva'),(938,'Arturs Skrastins'),(939,'Kirill Serebrennikov'),(940,'Tommy Hol Ellingsen'),(941,'Leona Johansson'),(942,'Dany DeVero'),(943,'Michal Marczak'),(944,'Dinara Drukarova'),(945,'Marie-Isabelle Shteynmann'),(946,'Georges Babluani'),(947,'Radu Iacoban'),(948,'Chen Liang'),(949,'Vlad Logigan'),(950,'Alexandra Tarce'),(951,'Olimpiu Blaj'),(952,'Radu Lărgeanu'),(953,'Cristian Pascariu'),(954,'Maria Mitcu'),(955,'Claudiu Mitcu'),(956,'Costina Ciuciulică'),(957,'Doina Teodoru'),(958,'Bianca Buha'),(959,'Raia al Souliman'),(960,'Adina Cristescu'),(961,'Tania Popa'),(962,'Dana Voicu'),(963,'Bianca Rotaru'),(964,'Katarzyna Herman'),(965,'Tomasz Tyndyk'),(966,'Mirosław Zbrojewicz'),(967,'Tomasz Wasilewski'),(968,'Ludivine Anbérrée'),(969,'Marion Bottollier'),(970,'Ugo Broussot'),(971,'Anne-Marie Charles'),(972,'Cristi Puiu'),(973,'Malú Chouza'),(974,'Néstor Guzzini'),(975,'Joaquín Castiglioni'),(976,'Ana Guevara Pose'),(977,'Leticia Jorge Romero'),(978,'Moto Fuyuki'),(979,'Kazuha Komiya'),(980,'Haruka Uchimura'),(981,'Hide Miura'),(982,'Rikiya Imaizumi'),(983,'Adam Oľha'),(984,'Anişoara Morari'),(985,'Petru Roşcovan'),(986,'Nina Rabuş'),(987,'Valentin Aga'),(988,'Ana-Felicia Scutelnicu'),(989,'Jacek Bławut'),(990,'Svetoslav Stoyanov'),(991,'Yannis Papadopoulos'),(992,'Lila Baklesi'),(993,'Kleopatra Perraki'),(994,'Vangelis Kommatas'),(995,'Ektoras Lygizos'),(996,'Cho Min-soo'),(997,'Lee Jung-jin'),(998,'Kim Ki-duk'),(999,'Stefan Schwietert'),(1000,'Raven Adamson'),(1001,'Katie Coseni'),(1002,'Madeleine Bisson'),(1003,'Claire Mazerolle'),(1004,'Laurent Cantet'),(1005,'Toshiyuki Nishida'),(1006,'Tomokazu Miura'),(1007,'Angelica Huston'),(1008,'Andy Garcia'),(1009,'Stan Lee'),(1010,'Beau Bridges'),(1011,'Richard Goldgewicht'),(1012,'Roman Bulfinsky'),(1013,'George Aurelian'),(1014,'Dorina Demetrescu'),(1015,'Maria Ciucurescu'),(1016,'Iosef Kamen'),(1017,'Ion Constantiniu'),(1018,'Jean Mihail'),(1019,'Maria Hofstätter'),(1020,'Nabil Saleh'),(1021,'Natalija Baranova'),(1022,'René Rupnik'),(1023,'Ulrich Seidl'),(1024,'Victor Prada'),(1025,'Adrian Saba'),(1026,'Margarete Sieveking'),(1027,'Malte Sieveking'),(1028,'David Sieveking'),(1029,'David Sieveking'),(1030,'Ahmad Mufleh Alaeddine'),(1031,'Said Mufleh Alaeddine'),(1032,'Bassam ‘Abu Eyad’ Taha'),(1033,'Hoda Fleifel'),(1034,'Mahdi Fleifel'),(1035,'Paul Rudd'),(1036,'Emile Hirsch'),(1037,'Lance Legault'),(1038,'David Gordon Green'),(1039,'Leonel Arancibia'),(1040,'Roberto Cowal'),(1041,'Sofía Brito'),(1042,'Martín Cotari'),(1043,'Alejandro Fadel'),(1044,'Bjørn Floberg'),(1045,'Mads Ousdal'),(1046,'Pia Tjelta'),(1047,'Eva Sørhaug'),(1048,'Pilou Asbæk'),(1049,'Søren Malling'),(1050,'Dar Salim'),(1051,'Tobias Lindholm'),(1052,'Amy Acker'),(1053,'Alexis Denisof'),(1054,'Nathan Fillion'),(1055,'Fran Kranz'),(1056,'Joss Whedon'),(1057,'Giorgios Souxes'),(1058,'Elina Psykou'),(1059,'Aylin Tezel'),(1060,'Henrike von Kuick'),(1061,'Tómas Lemarquis'),(1062,'Godehard Giese'),(1063,'Pola Beck'),(1064,'Gina Piersanti'),(1065,'Jesse Cordasco'),(1066,'Richie Folio'),(1067,'Andrew McCord'),(1068,'Eliza Hittman'),(1069,'Waad Mohammed'),(1070,'Reem Abdullah'),(1071,'Abdullrahman Al Gohani'),(1072,'Haifaa al Mansour'),(1073,'Audrey Maurion'),(1074,'Julia Volpato'),(1075,'Pablo Sigal'),(1076,'Macarena del Corro'),(1077,'Diego Vegezzi'),(1078,'Tomás Mackinlay'),(1079,'Jazmín López'),(1080,'Philippe Avron'),(1081,'Jiri Sykora'),(1082,'Magda Vasaryova'),(1083,'Juraj Jakubisko'),(1084,'Oleg Garkusha'),(1085,'Iuri Matveev'),(1086,'Aleksandr Mosin'),(1087,'Alexei Balabanov'),(1088,'Bradley Corbet'),(1089,'Mati Diop'),(1090,'Constance Rousseau'),(1091,'Lila Salet'),(1092,'Antonio Campos'),(1093,'Albert Finney'),(1094,'Billie Whitelaw'),(1095,'Frank Finlay'),(1096,'Janice Rule'),(1097,'Melanie Lenz'),(1098,'Joseph Lorenz'),(1099,'Michael Thomas'),(1100,'Vivian Bartsch'),(1101,'Verena Lehbauer'),(1102,'Eszter Ónodi'),(1103,'Babett Jávor'),(1104,'Piroska Móga'),(1105,'Zsolt Bogdán'),(1106,'Krisztina Deák'),(1107,'Nam Yeon-woo'),(1108,'Yang Jo-a'),(1109,'Lee Don-Ku'),(1110,'Alfredo Castro'),(1111,'Luis Gnecco'),(1112,'Néstor Cantillana'),(1113,'Pablo Larraín'),(1114,'Xu Huanshan'),(1115,'Wu Tianming'),(1116,'Li Bin'),(1117,'Yan Bingyan'),(1118,'Zhang Yang'),(1119,'Andrew Kotting'),(1120,'Iain Sinclair'),(1121,'Andrew Kotting'),(1122,'Albert Casals'),(1123,'Anna Socias'),(1124,'Marcel Barrena'),(1125,'Tzvetanka Gosheva'),(1126,'Youlian Tabakov'),(1127,'Koramit Vajrasthira'),(1128,'Wanlop Rungkamjad'),(1129,'Nottapon Boonprakob'),(1130,'Nawapol Thamrongrattanaritt'),(1131,'Frank van der Heyden'),(1132,'Kirsten Landwehr'),(1133,'Milly Schloss'),(1134,'Defne Halman'),(1135,'Hakan Çimenser'),(1136,'Gizem Akman'),(1137,'Asli Özge'),(1138,'River Phoenix'),(1139,'Jonathan Pryce'),(1140,'Judy Davis'),(1141,'Rhonda Aldrich'),(1142,'George Sluizer'),(1143,'Aleksandr Dovzhenko'),(1144,'Sergio Herman'),(1145,'Annelies Pronker'),(1146,'Henk Jumelet'),(1147,'Willemiek Kluijfhout'),(1148,'James Balog'),(1149,'Svavar Jonatansson'),(1150,'Adam LeWinter'),(1151,'Louie Psihoyos'),(1152,'Jeff Orlowski'),(1153,'Ioana Flora'),(1154,'Mirela Oprişor'),(1155,'Anca Alexandru'),(1156,'János Kulka'),(1157,'Zsolt Nagy'),(1158,'Gabriella Hámori'),(1159,'Péter Scherer'),(1160,'Péter Bergendy'),(1161,'Marek Ťapák'),(1162,'Anna Javorkova'),(1163,'Stanislav Marisler'),(1164,'Ondrej Mlynarik'),(1165,'Marek Ťapák'),(1166,'Kim Kang-woo'),(1167,'Ryoo Seung-bum'),(1168,'Song Sae-byeok'),(1169,'Kim Ji-woon'),(1170,'Yim Pil-sung'),(1171,'Bert Ehgartner'),(1172,'Dorota Billa'),(1173,'Silvia Halusicova'),(1174,'Robin Horky'),(1175,'Iveta Grofova'),(1176,'Luminiţa Gheorghiu'),(1177,'Ilinca Goia'),(1178,'Călin Peter Netzer'),(1179,'Timo Novotny'),(1180,'Lisl Goldarbeiter'),(1181,'Helen Mirren'),(1182,'Martina Gedeck'),(1183,'Károly Eperjes'),(1184,'István Szabó'),(1185,'Paulina García'),(1186,'Diego Fontecilla'),(1187,'Fabiola Zamora'),(1188,'Titus Muntean'),(1189,'Xantus Gabor'),(1190,'Gerard Depardieu'),(1191,'Bogdan Iancu'),(1192,'Harvey Keitel'),(1193,'Laura Morante'),(1194,'Bogdan Dreyer'),(1195,'Ioana Anastasia Anton'),(1196,'Sînziana Nicola'),(1197,'Paul Negoescu'),(1198,'Dan Chiorean'),(1199,'Alin State'),(1200,'Crina Semciuc'),(1201,'Marian Crişan'),(1202,'Alexandru Czuli'),(1203,'Alexandra Gulea'),(1204,'Toby Jones'),(1205,'Sienna Miller'),(1206,'Imelda Staunton'),(1207,'Julian Jarrold'),(1208,'Tudor Aaron Istodor'),(1209,'Anastasia Dumitrescu'),(1210,'Alexandru Maftei'),(1211,'Cindy Scrash'),(1212,'João Rui Guerra da Mata'),(1213,'João Pedro Rodrigues'),(1214,'João Pedro Rodrigues'),(1215,'João Rui Guerra da Mata'),(1216,'Laura Căpăţână-Juller'),(1217,'Shen Xiaoming'),(1218,'Li Jianhua'),(1219,'Han Wenlong'),(1220,'Iulian Manuel Ghervas'),(1221,'Adina Popescu'),(1222,'Carmen Anton'),(1223,'Andrei Juvina'),(1224,'Justin Capră'),(1225,'Tom Wilson'),(1226,'Marian Bielik'),(1227,'Jana Belakova'),(1228,'Olga Salagova'),(1229,'Pavel Chrobak'),(1230,'Stefan Uher'),(1231,'Kris Kristofferson'),(1232,'Christopher Walken'),(1233,'Isabelle Huppert'),(1234,'Michael Cimino'),(1235,'Nadejda Arvinte'),(1236,'Svetlana Stavinschi'),(1237,'Maura Delpero'),(1238,'Attila Mokos'),(1239,'Miroslav Krobot'),(1240,'Béla Várady'),(1241,'Vladimír Obšil'),(1242,'Zuzana Mauréry'),(1243,'Mátyás Prikler'),(1244,'Gizem Erdem'),(1245,'Ibrahim Selim'),(1246,'Pinar Tore'),(1247,'Tugrul Tulek'),(1248,'Ramin Matin'),(1249,'Dragoş Bucur'),(1250,'Alexandru Papadopol'),(1251,'János Bán'),(1252,'Marián Labuda'),(1253,'Jirí Menzel'),(1254,'Matthias Shoenaerts'),(1255,'Peter Van Den Eede'),(1256,'Laura Verlinden'),(1257,'Tom Van Avermaet'),(1258,'Radu Nantu'),(1259,'Ştefan Crişan'),(1260,'Vali Ionescu'),(1261,'Daniel Gusu'),(1262,'Marius Roşu'),(1263,'Anja Struck'),(1264,'Pedro Lozano'),(1265,'Jose Luis Aleman'),(1266,'Marc Velasco'),(1267,'Noé Blancafort'),(1268,'Salvador Llós'),(1269,'Adrián Cardona'),(1270,'David Muñoz'),(1271,'Stephen Cardwell'),(1272,'Eric Scott Woods'),(1273,'Seth Michaels'),(1274,'Mick Davis'),(1275,'Phil Hayes'),(1276,'Max Marker'),(1277,'Francesca Tappa'),(1278,'Peter Volkart'),(1279,'Francisco Melo'),(1280,'Paloma Hoyos'),(1281,'Felipe Echeberria'),(1282,'Victor Uribe'),(1283,'Skyler Wexler'),(1284,'Jovanka Vuckovic'),(1285,'Federico Mariotti'),(1286,'Elisa Forti'),(1287,'Stefano Martinelli'),(1288,'Francesco Picone'),(1289,'Ana Conca'),(1290,'Alvaro Baguena'),(1291,'Jonathan D. Mellor'),(1292,'Alberto Evangelio'),(1293,'Minja Pekovic'),(1294,'Paul Ewing'),(1295,'Thad Monteiro'),(1296,'Andrej Boka'),(1297,'Vinny Appice'),(1298,'Joe Barresi'),(1299,'Brian Bell'),(1300,'Frank Black'),(1301,'David Grohl'),(1302,'Horia Colibăşanu'),(1303,'Sergei Bogomolov'),(1304,'Alexei Bolotov'),(1305,'Don Bowie'),(1306,'Pablo Iraburu'),(1307,'Migueltxo Molina'),(1308,'Andrzej Chyra'),(1309,'Mateusz Kosciuklewicz'),(1310,'Lukasz Simlat'),(1311,'Ricardo Darín'),(1312,'Luis Tosar'),(1313,'Eduardo Noriega'),(1314,'Cesc Gay'),(1315,'Édgar Ramírez'),(1316,'Alexander Scheer'),(1317,'Tibor Höfler'),(1318,'Pål Sverre Hagen'),(1319,'Anders Baasmo Christiansen'),(1320,'Tobias Santelmann'),(1321,'Gustaf Skarsgård'),(1322,'Joachim Rønning'),(1323,'Espen Sandberg'),(1324,'Gyöngyi Balogh'),(1325,'Ferenc Csomafáy'),(1326,'Nándor Bárdi'),(1327,'Bálint Zágoni'),(1328,'Margarethe Tiesel'),(1329,'Peter Kazungu'),(1330,'Inge Maux'),(1331,'Dunja Sowinetz'),(1332,'Helen Brugat'),(1333,'Dan Pița'),(1334,'Claudiu Bleonț'),(1335,'Petre Nicolae'),(1336,'Ecaterina Nazare');
/*!40000 ALTER TABLE `person` ENABLE KEYS */;
UNLOCK TABLES;

--
-- Table structure for table `section`
--

DROP TABLE IF EXISTS `section`;
/*!40101 SET @saved_cs_client     = @@character_set_client */;
/*!40101 SET character_set_client = utf8 */;
CREATE TABLE `section` (
  `id` bigint(20) NOT NULL AUTO_INCREMENT,
  `name` varchar(255) DEFAULT NULL,
  PRIMARY KEY (`id`)
) ENGINE=InnoDB AUTO_INCREMENT=34 DEFAULT CHARSET=utf8;
/*!40101 SET character_set_client = @saved_cs_client */;

--
-- Dumping data for table `section`
--

LOCK TABLES `section` WRITE;
/*!40000 ALTER TABLE `section` DISABLE KEYS */;
INSERT INTO `section` VALUES (1,'EducaTIFF'),(2,'Focus: Australia'),(3,'Supernova'),(4,'Shadows'),(5,'Focus: China'),(6,'Ro Days Shorts'),(7,'Focus: Denmark'),(8,'What\'s Up, Docs?'),(9,'No Limit'),(10,'100% Stanley Kubrick'),(11,'3x3 Ole Christian Madsen'),(12,'3x3 Hitoshi Matsumoto'),(13,'Hungarian Day'),(14,'Special Screenings'),(15,'HBO Day'),(16,'Gods and Men'),(17,'Competition'),(18,'Shadows Shorts'),(19,'Tribute Killer Films'),(20,'Unirii Square'),(21,'3x3 Claude Lelouch'),(22,'Romanian Days'),(23,'EcoTIFF'),(24,'Opening'),(25,'3x3 Olivier Assayas'),(26,'Focus: Greece'),(27,'3x3 Stephen Frears'),(28,'Focus: Slovakia'),(29,'This is the End'),(30,'Special Events'),(31,'3x3 Eyal Sivan'),(32,'Péter Forgács Retrospective'),(33,'Closing');
/*!40000 ALTER TABLE `section` ENABLE KEYS */;
UNLOCK TABLES;

--
-- Table structure for table `showing`
--

DROP TABLE IF EXISTS `showing`;
/*!40101 SET @saved_cs_client     = @@character_set_client */;
/*!40101 SET character_set_client = utf8 */;
CREATE TABLE `showing` (
  `id` bigint(20) NOT NULL AUTO_INCREMENT,
  `dateAndTime` datetime DEFAULT NULL,
  `venue_id` bigint(20) DEFAULT NULL,
  `movieBundleInFestival_id` bigint(20) DEFAULT NULL,
  PRIMARY KEY (`id`),
  KEY `FKDE7117A57FEFA715` (`venue_id`),
  KEY `FKDE7117A572E97975` (`movieBundleInFestival_id`),
  CONSTRAINT `FKDE7117A572E97975` FOREIGN KEY (`movieBundleInFestival_id`) REFERENCES `moviebundle_festivaledition_section` (`id`),
  CONSTRAINT `FKDE7117A57FEFA715` FOREIGN KEY (`venue_id`) REFERENCES `venue` (`id`)
) ENGINE=InnoDB AUTO_INCREMENT=702 DEFAULT CHARSET=utf8;
/*!40101 SET character_set_client = @saved_cs_client */;

--
-- Dumping data for table `showing`
--

LOCK TABLES `showing` WRITE;
/*!40000 ALTER TABLE `showing` DISABLE KEYS */;
INSERT INTO `showing` VALUES (1,'2012-06-01 11:00:00',1,1),(2,'2012-06-01 13:00:00',1,2),(3,'2012-06-01 15:30:00',1,3),(4,'2012-06-01 18:00:00',1,4),(5,'2012-06-01 21:00:00',1,5),(6,'2012-06-01 23:00:00',1,6),(7,'2012-06-01 10:00:00',2,7),(8,'2012-06-01 12:45:00',2,8),(9,'2012-06-01 15:00:00',2,9),(10,'2012-06-01 17:30:00',2,10),(11,'2012-06-01 20:00:00',2,11),(12,'2012-06-01 22:30:00',2,12),(13,'2012-06-01 10:00:00',3,13),(14,'2012-06-01 12:00:00',3,14),(15,'2012-06-01 14:30:00',3,15),(16,'2012-06-01 17:00:00',3,16),(17,'2012-06-01 19:30:00',3,17),(18,'2012-06-01 21:30:00',3,18),(19,'2012-06-01 15:00:00',4,19),(20,'2012-06-01 17:30:00',4,20),(21,'2012-06-01 20:00:00',4,21),(22,'2012-06-01 23:00:00',4,22),(23,'2012-06-01 14:30:00',5,23),(24,'2012-06-01 17:00:00',5,24),(25,'2012-06-01 19:30:00',5,25),(26,'2012-06-01 22:30:00',5,26),(27,'2012-06-01 17:15:00',6,27),(28,'2012-06-01 19:45:00',6,28),(29,'2012-06-01 22:45:00',6,29),(30,'2012-06-01 15:15:00',7,30),(31,'2012-06-01 17:45:00',7,31),(32,'2012-06-01 20:15:00',7,32),(33,'2012-06-01 22:30:00',7,33),(34,'2012-06-01 22:00:00',8,34),(35,'2012-06-01 22:00:00',9,35),(36,'2012-06-02 11:00:00',1,36),(37,'2012-06-02 13:00:00',1,37),(38,'2012-06-02 15:30:00',1,38),(39,'2012-06-02 17:30:00',1,39),(40,'2012-06-02 19:30:00',1,40),(41,'2012-06-02 22:15:00',1,41),(42,'2012-06-02 16:00:00',10,42),(43,'2012-06-02 18:00:00',10,43),(44,'2012-06-02 21:00:00',10,44),(45,'2012-06-02 10:00:00',2,45),(46,'2012-06-02 12:30:00',2,46),(47,'2012-06-02 15:00:00',2,47),(48,'2012-06-02 17:30:00',2,48),(49,'2012-06-02 20:00:00',2,49),(50,'2012-06-02 22:00:00',2,50),(52,'2012-06-02 10:00:00',3,52),(53,'2012-06-02 14:30:00',3,53),(54,'2012-06-02 17:00:00',3,54),(55,'2012-06-02 19:00:00',3,55),(56,'2012-06-02 21:30:00',3,56),(57,'2012-06-02 17:30:00',4,57),(58,'2012-06-02 20:00:00',4,58),(59,'2012-06-02 23:00:00',4,59),(60,'2012-06-02 14:30:00',5,60),(61,'2012-06-02 17:00:00',5,61),(62,'2012-06-02 19:30:00',5,62),(63,'2012-06-02 22:00:00',5,63),(64,'2012-06-02 17:15:00',6,64),(65,'2012-06-02 19:45:00',6,65),(66,'2012-06-02 22:45:00',6,66),(67,'2012-06-02 15:15:00',7,67),(68,'2012-06-02 17:45:00',7,68),(69,'2012-06-02 20:15:00',7,69),(70,'2012-06-02 22:30:00',7,70),(71,'2012-06-02 21:45:00',11,71),(72,'2012-06-02 22:00:00',8,72),(73,'2012-06-02 22:00:00',9,73),(74,'2012-06-02 18:00:00',12,74),(75,'2012-06-02 20:30:00',12,75),(76,'2012-06-03 11:00:00',1,76),(77,'2012-06-03 13:15:00',1,77),(78,'2012-06-03 15:30:00',1,78),(79,'2012-06-03 18:00:00',1,79),(80,'2012-06-03 20:30:00',1,80),(81,'2012-06-03 23:00:00',1,81),(82,'2012-06-03 16:00:00',10,82),(83,'2012-06-03 21:00:00',10,83),(84,'2012-06-03 10:00:00',2,84),(85,'2012-06-03 12:30:00',2,85),(86,'2012-06-03 15:00:00',2,66),(87,'2012-06-03 17:30:00',2,86),(88,'2012-06-03 20:00:00',2,87),(89,'2012-06-03 22:30:00',2,88),(90,'2012-06-03 10:00:00',3,89),(91,'2012-06-03 12:00:00',3,65),(92,'2012-06-03 14:30:00',3,90),(93,'2012-06-03 20:00:00',3,27),(94,'2012-06-03 22:30:00',3,22),(95,'2012-06-03 15:00:00',4,58),(96,'2012-06-03 17:30:00',4,91),(97,'2012-06-03 20:00:00',4,92),(98,'2012-06-03 23:00:00',4,93),(99,'2012-06-03 14:30:00',5,94),(100,'2012-06-03 17:15:00',5,1),(101,'2012-06-03 19:30:00',5,95),(102,'2012-06-03 22:15:00',5,96),(103,'2012-06-03 17:15:00',6,97),(104,'2012-06-03 19:45:00',6,11),(105,'2012-06-03 22:45:00',6,98),(106,'2012-06-03 15:15:00',7,99),(107,'2012-06-03 16:45:00',7,56),(108,'2012-06-03 19:30:00',7,100),(109,'2012-06-03 22:30:00',7,101),(110,'2012-06-03 21:45:00',11,102),(111,'2012-06-03 22:00:00',8,57),(112,'2012-06-03 22:00:00',9,103),(113,'2012-06-03 18:00:00',12,104),(114,'2012-06-03 20:30:00',12,105),(115,'2012-06-04 11:00:00',1,61),(116,'2012-06-04 13:00:00',1,26),(117,'2012-06-04 15:00:00',1,106),(118,'2012-06-04 18:00:00',1,107),(119,'2012-06-04 20:30:00',1,108),(120,'2012-06-04 22:30:00',1,109),(121,'2012-06-04 16:00:00',10,110),(122,'2012-06-04 18:30:00',10,111),(123,'2012-06-04 21:00:00',10,90),(124,'2012-06-04 10:00:00',2,112),(125,'2012-06-04 12:30:00',2,113),(126,'2012-06-04 15:00:00',2,114),(127,'2012-06-04 17:30:00',2,31),(129,'2012-06-04 20:00:00',2,116),(130,'2012-06-04 22:30:00',2,117),(132,'2012-06-04 10:00:00',3,119),(133,'2012-06-04 12:00:00',3,64),(134,'2012-06-04 14:30:00',3,120),(135,'2012-06-04 17:00:00',3,92),(136,'2012-06-04 22:00:00',3,121),(137,'2012-06-04 15:00:00',4,5),(138,'2012-06-04 17:30:00',4,19),(139,'2012-06-04 20:00:00',4,9),(140,'2012-06-04 23:00:00',4,122),(141,'2012-06-04 14:30:00',5,123),(142,'2012-06-04 16:30:00',5,124),(143,'2012-06-04 19:30:00',5,80),(144,'2012-06-04 22:15:00',5,125),(145,'2012-06-04 17:15:00',6,59),(146,'2012-06-04 19:45:00',6,126),(147,'2012-06-04 22:45:00',6,127),(148,'2012-06-04 15:15:00',7,128),(149,'2012-06-04 18:00:00',7,55),(150,'2012-06-04 20:15:00',7,12),(151,'2012-06-04 22:30:00',7,39),(152,'2012-06-04 21:45:00',11,129),(153,'2012-06-04 22:00:00',8,130),(154,'2012-06-04 18:00:00',12,131),(155,'2012-06-04 20:30:00',12,132),(156,'2012-06-05 11:00:00',1,133),(157,'2012-06-05 12:30:00',1,124),(158,'2012-06-05 18:00:00',1,134),(159,'2012-06-05 20:30:00',1,135),(160,'2012-06-05 23:30:00',1,96),(161,'2012-06-05 16:00:00',10,136),(162,'2012-06-05 19:00:00',10,137),(163,'2012-06-05 21:30:00',10,130),(164,'2012-06-05 10:00:00',2,138),(165,'2012-06-05 12:30:00',2,126),(166,'2012-06-05 15:00:00',2,139),(167,'2012-06-05 17:30:00',2,30),(169,'2012-06-05 20:00:00',2,140),(170,'2012-06-05 22:15:00',2,107),(172,'2012-06-05 10:00:00',3,104),(173,'2012-06-05 11:30:00',3,142),(174,'2012-06-05 15:30:00',3,29),(175,'2012-06-05 17:30:00',3,143),(176,'2012-06-05 20:00:00',3,144),(177,'2012-06-05 22:30:00',3,74),(178,'2012-06-05 15:00:00',4,145),(179,'2012-06-05 17:30:00',4,54),(180,'2012-06-05 20:00:00',4,114),(181,'2012-06-05 23:00:00',4,16),(182,'2012-06-05 14:30:00',5,123),(183,'2012-06-05 17:00:00',5,6),(184,'2012-06-05 19:00:00',5,146),(185,'2012-06-05 22:15:00',5,4),(186,'2012-06-05 17:15:00',6,53),(187,'2012-06-05 19:45:00',6,17),(188,'2012-06-05 22:45:00',6,15),(189,'2012-06-05 15:15:00',7,35),(190,'2012-06-05 17:45:00',7,52),(191,'2012-06-05 20:15:00',7,13),(192,'2012-06-05 22:30:00',7,82),(193,'2012-06-05 21:45:00',11,100),(194,'2012-06-05 22:00:00',8,147),(195,'2012-06-05 22:00:00',9,68),(196,'2012-06-05 18:00:00',12,148),(197,'2012-06-05 20:30:00',12,7),(198,'2012-06-06 11:30:00',1,93),(199,'2012-06-06 18:00:00',1,149),(200,'2012-06-06 20:30:00',1,98),(201,'2012-06-06 23:00:00',1,150),(202,'2012-06-06 16:00:00',10,95),(203,'2012-06-06 18:30:00',10,24),(204,'2012-06-06 20:45:00',10,125),(205,'2012-06-06 10:00:00',2,151),(206,'2012-06-06 12:00:00',2,21),(207,'2012-06-06 15:00:00',2,152),(209,'2012-06-06 17:30:00',2,154),(210,'2012-06-06 20:00:00',2,139),(212,'2012-06-06 23:00:00',2,156),(214,'2012-06-06 10:00:00',3,69),(215,'2012-06-06 12:15:00',3,20),(216,'2012-06-06 14:30:00',3,158),(217,'2012-06-06 20:30:00',3,159),(218,'2012-06-06 15:00:00',4,72),(219,'2012-06-06 17:30:00',4,12),(220,'2012-06-06 19:45:00',4,121),(221,'2012-06-06 12:30:00',5,160),(222,'2012-06-06 14:30:00',5,161),(223,'2012-06-06 17:00:00',5,2),(224,'2012-06-06 19:30:00',5,162),(225,'2012-06-06 21:30:00',5,136),(226,'2012-06-06 14:45:00',6,163),(227,'2012-06-06 17:30:00',6,47),(228,'2012-06-06 20:15:00',6,87),(229,'2012-06-06 22:45:00',6,35),(230,'2012-06-06 15:15:00',7,148),(231,'2012-06-06 17:45:00',7,14),(232,'2012-06-06 20:00:00',7,164),(233,'2012-06-06 22:30:00',7,165),(234,'2012-06-06 21:45:00',11,166),(235,'2012-06-06 22:00:00',8,167),(237,'2012-06-06 22:00:00',9,169),(238,'2012-06-06 18:00:00',12,108),(239,'2012-06-06 20:30:00',12,18),(240,'2012-06-07 11:00:00',1,122),(241,'2012-06-07 12:30:00',1,146),(242,'2012-06-07 15:30:00',1,151),(243,'2012-06-07 18:30:00',1,170),(244,'2012-06-07 21:00:00',1,171),(245,'2012-06-07 23:30:00',1,32),(246,'2012-06-07 16:00:00',10,172),(247,'2012-06-07 18:45:00',10,173),(248,'2012-06-07 22:00:00',10,23),(249,'2012-06-07 10:00:00',2,88),(250,'2012-06-07 12:30:00',2,174),(251,'2012-06-07 17:00:00',2,164),(253,'2012-06-07 19:30:00',2,176),(255,'2012-06-07 10:00:00',3,177),(256,'2012-06-07 19:15:00',3,105),(257,'2012-06-07 21:30:00',3,178),(258,'2012-06-07 23:30:00',3,179),(259,'2012-06-07 15:00:00',4,39),(260,'2012-06-07 17:30:00',4,83),(261,'2012-06-07 20:00:00',4,180),(262,'2012-06-07 22:00:00',4,142),(263,'2012-06-07 14:30:00',5,149),(264,'2012-06-07 22:15:00',5,79),(265,'2012-06-07 19:45:00',6,144),(266,'2012-06-07 22:15:00',6,181),(267,'2012-06-07 16:00:00',7,182),(268,'2012-06-07 20:15:00',7,158),(269,'2012-06-07 22:30:00',7,183),(270,'2012-06-07 21:45:00',11,150),(271,'2012-06-07 22:00:00',8,77),(272,'2012-06-07 22:00:00',9,99),(273,'2012-06-07 18:00:00',12,152),(274,'2012-06-07 20:30:00',12,67),(275,'2012-06-08 11:00:00',1,50),(276,'2012-06-08 13:30:00',1,161),(277,'2012-06-08 15:45:00',1,165),(278,'2012-06-08 18:00:00',1,184),(279,'2012-06-08 20:15:00',1,185),(280,'2012-06-08 22:45:00',1,186),(281,'2012-06-08 10:00:00',2,182),(282,'2012-06-08 14:30:00',2,154),(283,'2012-06-08 17:30:00',2,97),(284,'2012-06-08 20:00:00',2,156),(285,'2012-06-08 22:30:00',2,163),(286,'2012-06-08 10:00:00',3,8),(287,'2012-06-08 12:30:00',3,46),(288,'2012-06-08 16:30:00',3,28),(289,'2012-06-08 19:00:00',3,189),(290,'2012-06-08 22:00:00',3,128),(291,'2012-06-08 15:00:00',4,110),(292,'2012-06-08 17:30:00',4,11),(293,'2012-06-08 20:00:00',4,76),(294,'2012-06-08 22:15:00',4,190),(295,'2012-06-08 12:00:00',5,3),(296,'2012-06-08 14:30:00',5,191),(297,'2012-06-08 17:00:00',5,173),(298,'2012-06-08 20:30:00',5,170),(299,'2012-06-08 23:00:00',5,38),(300,'2012-06-08 19:15:00',6,169),(301,'2012-06-08 22:45:00',6,104),(302,'2012-06-08 13:00:00',7,120),(303,'2012-06-08 15:15:00',7,113),(304,'2012-06-08 17:45:00',7,119),(305,'2012-06-08 20:15:00',7,192),(306,'2012-06-08 22:30:00',7,109),(307,'2012-06-08 21:45:00',11,59),(308,'2012-06-08 22:00:00',8,49),(309,'2012-06-08 22:00:00',9,66),(310,'2012-06-08 18:00:00',12,126),(311,'2012-06-08 20:30:00',12,56),(312,'2012-06-09 11:00:00',1,162),(313,'2012-06-09 13:00:00',1,176),(314,'2012-06-09 15:45:00',1,147),(315,'2012-06-09 18:15:00',1,193),(316,'2012-06-09 20:30:00',1,71),(317,'2012-06-09 23:00:00',1,63),(318,'2012-06-09 10:00:00',2,85),(319,'2012-06-09 12:30:00',2,194),(320,'2012-06-09 14:15:00',2,117),(322,'2012-06-09 17:45:00',2,167),(323,'2012-06-09 20:30:00',2,189),(324,'2012-06-09 23:00:00',2,171),(325,'2012-06-09 11:00:00',3,174),(326,'2012-06-09 13:00:00',3,131),(327,'2012-06-09 18:00:00',3,70),(328,'2012-06-09 20:30:00',3,101),(329,'2012-06-09 22:30:00',3,33),(330,'2012-06-09 12:30:00',4,151),(331,'2012-06-09 15:00:00',4,152),(332,'2012-06-09 18:00:00',4,111),(333,'2012-06-09 20:00:00',4,89),(334,'2012-06-09 12:00:00',5,40),(335,'2012-06-09 14:30:00',5,134),(336,'2012-06-09 17:00:00',5,41),(337,'2012-06-09 20:30:00',5,78),(338,'2012-06-09 22:30:00',5,129),(339,'2012-06-09 19:45:00',6,10),(340,'2012-06-09 22:45:00',6,103),(341,'2012-06-09 13:00:00',7,159),(342,'2012-06-09 15:15:00',7,44),(343,'2012-06-09 17:45:00',7,45),(344,'2012-06-09 20:15:00',7,5),(345,'2012-06-09 22:30:00',7,135),(346,'2012-06-09 21:45:00',11,195),(347,'2012-06-09 22:00:00',8,43),(348,'2012-06-09 22:00:00',9,143),(349,'2012-06-09 18:00:00',12,68),(350,'2012-06-09 20:30:00',12,15),(351,'2012-06-10 11:00:00',1,58),(352,'2012-06-10 14:00:00',1,191),(353,'2012-06-10 17:45:00',1,94),(354,'2012-06-10 20:30:00',1,34),(355,'2012-06-10 22:30:00',1,25),(356,'2012-06-10 21:30:00',10,62),(357,'2012-06-10 10:00:00',2,19),(358,'2012-06-10 12:30:00',2,145),(359,'2012-06-10 18:30:00',2,91),(360,'2012-06-10 20:30:00',2,172),(361,'2012-06-10 22:30:00',2,57),(362,'2012-06-10 10:00:00',3,180),(363,'2012-06-10 12:00:00',3,73),(364,'2012-06-10 14:30:00',3,190),(365,'2012-06-10 17:00:00',3,192),(366,'2012-06-10 19:30:00',3,75),(367,'2012-06-10 22:00:00',3,127),(368,'2012-06-10 12:30:00',4,176),(369,'2012-06-10 15:30:00',4,154),(370,'2012-06-10 18:30:00',4,156),(371,'2012-06-10 21:00:00',4,88),(372,'2012-06-10 23:00:00',4,48),(373,'2012-06-10 12:00:00',5,149),(374,'2012-06-10 14:00:00',5,106),(375,'2012-06-10 17:00:00',5,37),(376,'2012-06-10 19:30:00',5,81),(377,'2012-06-10 22:15:00',5,133),(378,'2012-06-10 12:15:00',6,107),(379,'2012-06-10 14:45:00',6,116),(380,'2012-06-10 17:15:00',6,50),(381,'2012-06-10 19:45:00',6,117),(382,'2012-06-10 22:45:00',6,139),(383,'2012-06-10 13:00:00',7,194),(384,'2012-06-10 15:00:00',7,67),(385,'2012-06-10 22:00:00',7,42),(386,'2012-06-10 21:45:00',11,196),(387,'2012-06-10 22:00:00',8,86),(388,'2012-06-10 22:00:00',9,108),(389,'2012-06-10 18:00:00',12,135),(390,'2012-06-10 20:30:00',12,183),(392,'2012-06-07 22:30:00',2,198),(393,'2013-05-31 21:45:00',11,199),(394,'2013-05-31 11:00:00',1,200),(395,'2013-05-31 13:00:00',1,201),(396,'2013-05-31 15:30:00',1,202),(397,'2013-05-31 18:00:00',1,203),(398,'2013-05-31 20:30:00',1,204),(399,'2013-05-31 23:00:00',1,205),(400,'2013-05-31 10:00:00',2,206),(401,'2013-05-31 12:30:00',2,207),(402,'2013-05-31 15:00:00',2,208),(403,'2013-05-31 17:30:00',2,209),(404,'2013-05-31 19:30:00',2,210),(405,'2013-05-31 22:30:00',2,211),(406,'2013-05-31 10:00:00',3,212),(407,'2013-05-31 12:00:00',3,213),(408,'2013-05-31 14:30:00',3,214),(409,'2013-05-31 17:00:00',3,215),(410,'2013-05-31 19:30:00',3,216),(411,'2013-05-31 21:30:00',3,217),(412,'2013-05-31 16:00:00',10,218),(413,'2013-05-31 18:30:00',10,219),(414,'2013-05-31 21:00:00',10,220),(415,'2013-05-31 22:00:00',8,221),(416,'2013-05-31 22:00:00',9,222),(417,'2013-05-31 17:00:00',13,223),(418,'2013-05-31 19:30:00',13,224),(419,'2013-05-31 22:00:00',13,225),(420,'2013-05-31 17:30:00',7,226),(421,'2013-05-31 20:00:00',7,227),(422,'2013-05-31 22:30:00',7,228),(423,'2013-06-01 21:45:00',11,229),(424,'2013-06-01 11:00:00',1,230),(425,'2013-06-01 13:00:00',1,231),(426,'2013-06-01 15:30:00',1,232),(427,'2013-06-01 18:45:00',1,233),(428,'2013-06-01 21:00:00',1,234),(429,'2013-06-01 23:00:00',1,235),(430,'2013-06-01 10:00:00',2,236),(431,'2013-06-01 12:30:00',2,237),(432,'2013-06-01 15:00:00',2,238),(433,'2013-06-01 18:00:00',2,239),(434,'2013-06-01 19:30:00',2,240),(435,'2013-06-01 22:30:00',2,241),(436,'2013-06-01 10:00:00',3,242),(437,'2013-06-01 12:30:00',3,243),(438,'2013-06-01 17:30:00',3,244),(439,'2013-06-01 19:45:00',3,245),(440,'2013-06-01 22:00:00',3,246),(441,'2013-06-01 16:00:00',10,247),(442,'2013-06-01 19:00:00',10,248),(443,'2013-06-01 21:00:00',10,249),(444,'2013-06-01 22:00:00',8,250),(445,'2013-06-01 22:00:00',9,251),(446,'2013-06-01 21:30:00',14,252),(447,'2013-06-01 19:45:00',13,253),(448,'2013-06-01 22:00:00',13,254),(449,'2013-06-01 15:00:00',7,255),(450,'2013-06-01 17:30:00',7,256),(451,'2013-06-01 20:00:00',7,257),(452,'2013-06-01 22:30:00',7,258),(453,'2013-06-02 21:45:00',11,259),(454,'2013-06-02 11:00:00',1,260),(455,'2013-06-02 13:00:00',1,261),(456,'2013-06-02 15:30:00',1,262),(457,'2013-06-02 18:00:00',1,263),(458,'2013-06-02 20:00:00',1,264),(459,'2013-06-02 23:00:00',1,265),(460,'2013-06-02 10:00:00',2,266),(461,'2013-06-02 12:30:00',2,267),(462,'2013-06-02 15:00:00',2,268),(463,'2013-06-02 16:30:00',2,269),(464,'2013-06-02 20:00:00',2,270),(465,'2013-06-02 22:30:00',2,271),(466,'2013-06-02 10:00:00',3,272),(467,'2013-06-02 12:00:00',3,273),(468,'2013-06-02 14:30:00',3,249),(469,'2013-06-02 17:00:00',3,274),(470,'2013-06-02 19:00:00',3,275),(471,'2013-06-02 21:00:00',3,276),(472,'2013-06-02 16:00:00',10,277),(473,'2013-06-02 18:30:00',10,278),(474,'2013-06-02 21:30:00',10,279),(475,'2013-06-02 22:00:00',8,280),(476,'2013-06-02 22:00:00',9,281),(477,'2013-06-02 21:30:00',14,282),(478,'2013-06-02 15:00:00',13,201),(479,'2013-06-02 17:00:00',13,283),(480,'2013-06-02 19:45:00',13,245),(481,'2013-06-02 22:00:00',13,284),(482,'2013-06-02 15:00:00',7,285),(483,'2013-06-02 17:30:00',7,286),(484,'2013-06-02 20:00:00',7,244),(485,'2013-06-02 22:30:00',7,216),(486,'2013-06-03 21:45:00',11,287),(487,'2013-06-03 11:00:00',1,288),(488,'2013-06-03 13:30:00',1,289),(489,'2013-06-03 15:30:00',1,290),(490,'2013-06-03 18:00:00',1,226),(491,'2013-06-03 20:30:00',1,291),(492,'2013-06-03 23:00:00',1,220),(493,'2013-06-03 10:00:00',2,230),(494,'2013-06-03 12:00:00',2,276),(495,'2013-06-03 15:00:00',2,292),(496,'2013-06-03 17:30:00',2,293),(497,'2013-06-03 20:00:00',2,294),(498,'2013-06-03 22:30:00',2,295),(499,'2013-06-03 10:00:00',3,296),(500,'2013-06-03 12:00:00',3,227),(501,'2013-06-03 14:30:00',3,284),(502,'2013-06-03 17:00:00',3,233),(503,'2013-06-03 19:30:00',3,281),(504,'2013-06-03 22:00:00',3,297),(505,'2013-06-03 16:00:00',10,298),(506,'2013-06-03 18:30:00',10,299),(507,'2013-06-03 21:00:00',10,300),(508,'2013-06-03 22:00:00',8,301),(509,'2013-06-03 22:00:00',9,286),(510,'2013-06-03 17:00:00',13,302),(511,'2013-06-03 19:30:00',13,243),(512,'2013-06-03 17:15:00',6,303),(513,'2013-06-03 19:45:00',6,246),(514,'2013-06-03 22:15:00',6,204),(515,'2013-06-03 17:30:00',7,275),(516,'2013-06-03 20:00:00',7,210),(517,'2013-06-03 22:00:00',7,304),(518,'2013-06-04 21:45:00',11,305),(519,'2013-06-04 11:00:00',1,306),(520,'2013-06-04 13:15:00',1,229),(521,'2013-06-04 15:30:00',1,255),(522,'2013-06-04 18:00:00',1,307),(523,'2013-06-04 20:00:00',1,257),(524,'2013-06-04 23:00:00',1,225),(525,'2013-06-04 10:00:00',2,308),(526,'2013-06-04 12:15:00',2,264),(527,'2013-06-04 15:00:00',2,241),(528,'2013-06-04 17:30:00',2,309),(529,'2013-06-04 19:00:00',2,238),(530,'2013-06-04 22:30:00',2,260),(531,'2013-06-04 10:00:00',3,310),(532,'2013-06-04 12:00:00',3,266),(533,'2013-06-04 14:30:00',3,311),(534,'2013-06-04 17:30:00',3,285),(535,'2013-06-04 19:30:00',3,312),(536,'2013-06-04 22:00:00',3,228),(537,'2013-06-04 16:00:00',10,263),(538,'2013-06-04 18:30:00',10,313),(539,'2013-06-04 21:00:00',10,314),(540,'2013-06-04 22:00:00',8,219),(541,'2013-06-04 22:00:00',9,212),(542,'2013-06-04 17:00:00',13,262),(543,'2013-06-04 19:00:00',13,218),(544,'2013-06-04 21:15:00',13,232),(545,'2013-06-04 17:15:00',6,208),(546,'2013-06-04 19:45:00',6,231),(547,'2013-06-04 22:15:00',6,250),(548,'2013-06-04 17:30:00',7,203),(549,'2013-06-04 20:00:00',7,315),(550,'2013-06-04 22:30:00',7,205),(551,'2013-06-05 21:45:00',11,316),(552,'2013-06-05 11:00:00',1,215),(553,'2013-06-05 13:00:00',1,315),(554,'2013-06-05 15:00:00',1,317),(555,'2013-06-05 17:00:00',1,318),(556,'2013-06-05 19:15:00',1,319),(557,'2013-06-05 21:00:00',1,320),(558,'2013-06-05 23:00:00',1,223),(559,'2013-06-05 10:00:00',2,277),(560,'2013-06-05 12:30:00',2,240),(561,'2013-06-05 16:00:00',2,321),(562,'2013-06-05 20:30:00',2,268),(563,'2013-06-05 22:45:00',2,322),(564,'2013-06-05 10:00:00',3,239),(565,'2013-06-05 11:30:00',3,303),(566,'2013-06-05 14:30:00',3,256),(567,'2013-06-05 17:00:00',3,323),(568,'2013-06-05 19:30:00',3,324),(569,'2013-06-05 22:00:00',3,325),(570,'2013-06-05 16:00:00',10,265),(571,'2013-06-05 18:45:00',10,326),(572,'2013-06-05 20:45:00',10,327),(573,'2013-06-05 22:00:00',8,236),(574,'2013-06-05 22:00:00',9,328),(575,'2013-06-05 17:00:00',13,312),(576,'2013-06-05 19:30:00',13,297),(577,'2013-06-05 22:00:00',13,329),(578,'2013-06-05 17:15:00',6,308),(579,'2013-06-05 19:45:00',6,330),(580,'2013-06-05 22:15:00',6,306),(581,'2013-06-05 17:30:00',7,331),(582,'2013-06-05 20:00:00',7,332),(583,'2013-06-05 22:30:00',7,333),(584,'2013-06-06 21:45:00',11,323),(585,'2013-06-06 11:00:00',1,295),(586,'2013-06-06 13:00:00',1,294),(587,'2013-06-06 15:30:00',1,334),(588,'2013-06-06 19:00:00',1,335),(589,'2013-06-06 21:15:00',1,336),(590,'2013-06-06 23:30:00',1,202),(591,'2013-06-06 10:00:00',2,237),(592,'2013-06-06 12:30:00',2,270),(593,'2013-06-06 15:00:00',2,337),(594,'2013-06-06 17:15:00',2,338),(595,'2013-06-06 19:15:00',2,328),(596,'2013-06-06 21:00:00',2,293),(597,'2013-06-06 23:30:00',2,290),(598,'2013-06-06 10:00:00',3,339),(599,'2013-06-06 16:45:00',3,340),(600,'2013-06-06 19:30:00',3,341),(601,'2013-06-06 22:00:00',3,272),(602,'2013-06-06 16:00:00',10,253),(603,'2013-06-06 19:00:00',10,342),(604,'2013-06-06 22:00:00',8,211),(605,'2013-06-06 22:00:00',9,296),(606,'2013-06-06 17:00:00',13,343),(607,'2013-06-06 19:00:00',13,288),(608,'2013-06-06 22:00:00',13,299),(609,'2013-06-06 17:15:00',6,221),(610,'2013-06-06 19:15:00',6,344),(611,'2013-06-06 22:30:00',6,280),(612,'2013-06-06 19:30:00',7,345),(613,'2013-06-06 22:00:00',7,318),(614,'2013-06-07 21:45:00',11,213),(615,'2013-06-07 10:00:00',1,271),(616,'2013-06-07 12:30:00',1,323),(617,'2013-06-07 15:30:00',1,327),(618,'2013-06-07 18:15:00',1,346),(619,'2013-06-07 20:45:00',1,347),(620,'2013-06-07 23:00:00',1,252),(621,'2013-06-07 10:00:00',2,207),(622,'2013-06-07 12:15:00',2,348),(623,'2013-06-07 15:00:00',2,333),(624,'2013-06-07 17:30:00',2,322),(625,'2013-06-07 19:45:00',2,343),(626,'2013-06-07 21:30:00',2,298),(627,'2013-06-07 23:30:00',2,273),(628,'2013-06-07 10:00:00',3,331),(629,'2013-06-07 12:30:00',3,332),(630,'2013-06-07 16:30:00',3,349),(631,'2013-06-07 20:00:00',3,350),(632,'2013-06-07 21:45:00',3,351),(633,'2013-06-07 16:00:00',10,352),(634,'2013-06-07 18:30:00',10,353),(635,'2013-06-07 21:00:00',10,329),(636,'2013-06-07 22:00:00',8,248),(637,'2013-06-07 22:00:00',9,307),(638,'2013-06-07 17:00:00',13,335),(639,'2013-06-07 19:30:00',13,336),(640,'2013-06-07 22:00:00',13,354),(641,'2013-06-07 18:00:00',7,269),(642,'2013-06-07 22:00:00',7,310),(643,'2013-06-08 21:45:00',11,355),(644,'2013-06-08 11:00:00',1,251),(645,'2013-06-08 13:30:00',1,224),(646,'2013-06-08 16:00:00',1,304),(647,'2013-06-08 18:30:00',1,214),(648,'2013-06-08 21:00:00',1,259),(649,'2013-06-08 23:00:00',1,289),(650,'2013-06-08 10:00:00',2,267),(651,'2013-06-08 12:15:00',2,340),(652,'2013-06-08 14:30:00',2,344),(653,'2013-06-08 17:30:00',2,317),(654,'2013-06-08 19:30:00',2,345),(655,'2013-06-08 22:00:00',2,300),(656,'2013-06-08 23:59:00',2,235),(657,'2013-06-08 10:00:00',3,356),(658,'2013-06-08 16:30:00',3,330),(659,'2013-06-08 19:00:00',3,357),(660,'2013-06-08 22:30:00',3,254),(661,'2013-06-08 16:00:00',10,337),(662,'2013-06-08 18:30:00',10,354),(663,'2013-06-08 21:00:00',10,223),(664,'2013-06-08 22:00:00',8,320),(665,'2013-06-08 22:00:00',9,321),(666,'2013-06-08 17:00:00',13,316),(667,'2013-06-08 19:30:00',13,292),(668,'2013-06-08 22:00:00',13,217),(669,'2013-06-08 20:30:00',7,247),(670,'2013-06-09 21:45:00',11,358),(671,'2013-06-09 11:00:00',1,301),(672,'2013-06-09 13:00:00',1,290),(673,'2013-06-09 15:00:00',1,240),(674,'2013-06-09 18:00:00',1,287),(675,'2013-06-09 20:30:00',1,326),(676,'2013-06-09 23:00:00',1,209),(677,'2013-06-09 10:00:00',2,341),(678,'2013-06-09 12:00:00',2,238),(679,'2013-06-09 15:00:00',2,293),(680,'2013-06-09 17:30:00',2,322),(681,'2013-06-09 20:00:00',2,261),(682,'2013-06-09 22:30:00',2,270),(683,'2013-06-09 10:00:00',3,222),(684,'2013-06-09 12:15:00',3,258),(685,'2013-06-09 14:30:00',3,359),(686,'2013-06-09 17:00:00',3,200),(687,'2013-06-09 19:00:00',3,279),(688,'2013-06-09 22:00:00',3,352),(689,'2013-06-09 16:00:00',10,355),(690,'2013-06-09 18:30:00',10,291),(691,'2013-06-09 21:00:00',10,260),(692,'2013-06-09 22:00:00',8,274),(693,'2013-06-09 22:00:00',9,353),(694,'2013-06-09 17:00:00',13,241),(695,'2013-06-09 19:45:00',13,295),(696,'2013-06-09 22:00:00',13,319),(697,'2013-06-09 12:30:00',7,268),(698,'2013-06-09 15:00:00',7,294),(699,'2013-06-09 17:30:00',7,271),(700,'2013-06-09 20:00:00',7,334),(701,'2013-06-09 22:00:00',7,309);
/*!40000 ALTER TABLE `showing` ENABLE KEYS */;
UNLOCK TABLES;

--
-- Table structure for table `showing_constraint`
--

DROP TABLE IF EXISTS `showing_constraint`;
/*!40101 SET @saved_cs_client     = @@character_set_client */;
/*!40101 SET character_set_client = utf8 */;
CREATE TABLE `showing_constraint` (
  `showing_id` bigint(20) NOT NULL DEFAULT '0',
  `userSchedule_id` bigint(20) NOT NULL DEFAULT '0',
  `priority` smallint(6) DEFAULT NULL,
  PRIMARY KEY (`showing_id`,`userSchedule_id`),
  KEY `FK140BCE9762619C95` (`showing_id`),
  KEY `FK140BCE975E586A7F` (`userSchedule_id`),
  CONSTRAINT `FK140BCE975E586A7F` FOREIGN KEY (`userSchedule_id`) REFERENCES `userschedule` (`id`),
  CONSTRAINT `FK140BCE9762619C95` FOREIGN KEY (`showing_id`) REFERENCES `showing` (`id`)
) ENGINE=InnoDB DEFAULT CHARSET=utf8;
/*!40101 SET character_set_client = @saved_cs_client */;

--
-- Dumping data for table `showing_constraint`
--

LOCK TABLES `showing_constraint` WRITE;
/*!40000 ALTER TABLE `showing_constraint` DISABLE KEYS */;
/*!40000 ALTER TABLE `showing_constraint` ENABLE KEYS */;
UNLOCK TABLES;

--
-- Table structure for table `user`
--

DROP TABLE IF EXISTS `user`;
/*!40101 SET @saved_cs_client     = @@character_set_client */;
/*!40101 SET character_set_client = utf8 */;
CREATE TABLE `user` (
  `id` bigint(20) NOT NULL AUTO_INCREMENT,
  `emailAddress` varchar(255) DEFAULT NULL,
  `firstName` varchar(255) DEFAULT NULL,
  `lastName` varchar(255) DEFAULT NULL,
  `locale` varchar(255) DEFAULT NULL,
  PRIMARY KEY (`id`)
) ENGINE=InnoDB DEFAULT CHARSET=utf8;
/*!40101 SET character_set_client = @saved_cs_client */;

--
-- Dumping data for table `user`
--

LOCK TABLES `user` WRITE;
/*!40000 ALTER TABLE `user` DISABLE KEYS */;
/*!40000 ALTER TABLE `user` ENABLE KEYS */;
UNLOCK TABLES;

--
-- Table structure for table `user_role`
--

DROP TABLE IF EXISTS `user_role`;
/*!40101 SET @saved_cs_client     = @@character_set_client */;
/*!40101 SET character_set_client = utf8 */;
CREATE TABLE `user_role` (
  `user_id` bigint(20) NOT NULL,
  `role` varchar(255) NOT NULL,
  PRIMARY KEY (`user_id`,`role`),
  KEY `FK143BF46AD61976BF` (`user_id`),
  CONSTRAINT `FK143BF46AD61976BF` FOREIGN KEY (`user_id`) REFERENCES `user` (`id`)
) ENGINE=InnoDB DEFAULT CHARSET=utf8;
/*!40101 SET character_set_client = @saved_cs_client */;

--
-- Dumping data for table `user_role`
--

LOCK TABLES `user_role` WRITE;
/*!40000 ALTER TABLE `user_role` DISABLE KEYS */;
/*!40000 ALTER TABLE `user_role` ENABLE KEYS */;
UNLOCK TABLES;

--
-- Table structure for table `userschedule`
--

DROP TABLE IF EXISTS `userschedule`;
/*!40101 SET @saved_cs_client     = @@character_set_client */;
/*!40101 SET character_set_client = utf8 */;
CREATE TABLE `userschedule` (
  `id` bigint(20) NOT NULL AUTO_INCREMENT,
  `scheduleName` varchar(255) DEFAULT NULL,
  `festivalEdition_id` bigint(20) DEFAULT NULL,
  `lastUsed` datetime DEFAULT NULL,
  `user_id` bigint(20) DEFAULT NULL,
  `lastModified` datetime DEFAULT NULL,
  PRIMARY KEY (`id`),
  KEY `FKB26C3BA2A9538DD5` (`festivalEdition_id`),
  KEY `FKB26C3BA2D61976BF` (`user_id`),
  CONSTRAINT `FKB26C3BA2A9538DD5` FOREIGN KEY (`festivalEdition_id`) REFERENCES `festivaledition` (`id`),
  CONSTRAINT `FKB26C3BA2D61976BF` FOREIGN KEY (`user_id`) REFERENCES `user` (`id`)
) ENGINE=InnoDB DEFAULT CHARSET=utf8;
/*!40101 SET character_set_client = @saved_cs_client */;

--
-- Dumping data for table `userschedule`
--

LOCK TABLES `userschedule` WRITE;
/*!40000 ALTER TABLE `userschedule` DISABLE KEYS */;
/*!40000 ALTER TABLE `userschedule` ENABLE KEYS */;
UNLOCK TABLES;

--
-- Table structure for table `userschedule_showing`
--

DROP TABLE IF EXISTS `userschedule_showing`;
/*!40101 SET @saved_cs_client     = @@character_set_client */;
/*!40101 SET character_set_client = utf8 */;
CREATE TABLE `userschedule_showing` (
  `showing_id` bigint(20) NOT NULL DEFAULT '0',
  `userSchedule_id` bigint(20) NOT NULL DEFAULT '0',
  PRIMARY KEY (`showing_id`,`userSchedule_id`),
  KEY `FK4D8E27E862619C95` (`showing_id`),
  KEY `FK4D8E27E85E586A7F` (`userSchedule_id`),
  CONSTRAINT `FK4D8E27E85E586A7F` FOREIGN KEY (`userSchedule_id`) REFERENCES `userschedule` (`id`),
  CONSTRAINT `FK4D8E27E862619C95` FOREIGN KEY (`showing_id`) REFERENCES `showing` (`id`)
) ENGINE=InnoDB DEFAULT CHARSET=utf8;
/*!40101 SET character_set_client = @saved_cs_client */;

--
-- Dumping data for table `userschedule_showing`
--

LOCK TABLES `userschedule_showing` WRITE;
/*!40000 ALTER TABLE `userschedule_showing` DISABLE KEYS */;
/*!40000 ALTER TABLE `userschedule_showing` ENABLE KEYS */;
UNLOCK TABLES;

--
-- Table structure for table `usertoken`
--

DROP TABLE IF EXISTS `usertoken`;
/*!40101 SET @saved_cs_client     = @@character_set_client */;
/*!40101 SET character_set_client = utf8 */;
CREATE TABLE `usertoken` (
  `token` varchar(255) NOT NULL,
  `user_id` bigint(20) DEFAULT NULL,
  PRIMARY KEY (`token`),
  KEY `FK8B11A4CED61976BF` (`user_id`),
  CONSTRAINT `FK8B11A4CED61976BF` FOREIGN KEY (`user_id`) REFERENCES `user` (`id`)
) ENGINE=InnoDB DEFAULT CHARSET=utf8;
/*!40101 SET character_set_client = @saved_cs_client */;

--
-- Dumping data for table `usertoken`
--

LOCK TABLES `usertoken` WRITE;
/*!40000 ALTER TABLE `usertoken` DISABLE KEYS */;
/*!40000 ALTER TABLE `usertoken` ENABLE KEYS */;
UNLOCK TABLES;

--
-- Table structure for table `venue`
--

DROP TABLE IF EXISTS `venue`;
/*!40101 SET @saved_cs_client     = @@character_set_client */;
/*!40101 SET character_set_client = utf8 */;
CREATE TABLE `venue` (
  `id` bigint(20) NOT NULL AUTO_INCREMENT,
  `address` varchar(255) DEFAULT NULL,
  `name` varchar(255) DEFAULT NULL,
  PRIMARY KEY (`id`)
) ENGINE=InnoDB AUTO_INCREMENT=15 DEFAULT CHARSET=utf8;
/*!40101 SET character_set_client = @saved_cs_client */;

--
-- Dumping data for table `venue`
--

LOCK TABLES `venue` WRITE;
/*!40000 ALTER TABLE `venue` DISABLE KEYS */;
INSERT INTO `venue` VALUES (1,NULL,'Florin Piersic Cinema'),(2,NULL,'Victoria Cinema'),(3,NULL,'Arta Cinema'),(4,NULL,'Odeon Cineplex - 1'),(5,NULL,'Odeon Cineplex - 4'),(6,NULL,'Odeon Cineplex - 5'),(7,NULL,'Odeon Cineplex - 6'),(8,NULL,'Manastur Open Air'),(9,NULL,'French Institute Cluj'),(10,NULL,'Student Culture House'),(11,NULL,'Ursus Open Air'),(12,NULL,'Marasti Cinema'),(13,NULL,'Cinema City - 4'),(14,NULL,'Banffy Castle (Bonțida)');
/*!40000 ALTER TABLE `venue` ENABLE KEYS */;
UNLOCK TABLES;
/*!40103 SET TIME_ZONE=@OLD_TIME_ZONE */;

/*!40101 SET SQL_MODE=@OLD_SQL_MODE */;
/*!40014 SET FOREIGN_KEY_CHECKS=@OLD_FOREIGN_KEY_CHECKS */;
/*!40014 SET UNIQUE_CHECKS=@OLD_UNIQUE_CHECKS */;
/*!40101 SET CHARACTER_SET_CLIENT=@OLD_CHARACTER_SET_CLIENT */;
/*!40101 SET CHARACTER_SET_RESULTS=@OLD_CHARACTER_SET_RESULTS */;
/*!40101 SET COLLATION_CONNECTION=@OLD_COLLATION_CONNECTION */;
/*!40111 SET SQL_NOTES=@OLD_SQL_NOTES */;

-- Dump completed on 2013-05-26  3:07:34
