-- MySQL dump 10.13  Distrib 5.5.28, for Win64 (x86)
--
-- Host: localhost    Database: ffp
-- ------------------------------------------------------
-- Server version	5.5.28

/*!40101 SET @OLD_CHARACTER_SET_CLIENT=@@CHARACTER_SET_CLIENT */;
/*!40101 SET @OLD_CHARACTER_SET_RESULTS=@@CHARACTER_SET_RESULTS */;
/*!40101 SET @OLD_COLLATION_CONNECTION=@@COLLATION_CONNECTION */;
/*!40101 SET NAMES utf8 */;
/*!40103 SET @OLD_TIME_ZONE=@@TIME_ZONE */;
/*!40103 SET TIME_ZONE='+00:00' */;
/*!40014 SET @OLD_UNIQUE_CHECKS=@@UNIQUE_CHECKS, UNIQUE_CHECKS=0 */;
/*!40014 SET @OLD_FOREIGN_KEY_CHECKS=@@FOREIGN_KEY_CHECKS, FOREIGN_KEY_CHECKS=0 */;
/*!40101 SET @OLD_SQL_MODE=@@SQL_MODE, SQL_MODE='NO_AUTO_VALUE_ON_ZERO' */;
/*!40111 SET @OLD_SQL_NOTES=@@SQL_NOTES, SQL_NOTES=0 */;

--
-- Table structure for table `country`
--

DROP TABLE IF EXISTS `country`;
/*!40101 SET @saved_cs_client     = @@character_set_client */;
/*!40101 SET character_set_client = utf8 */;
CREATE TABLE `country` (
  `id` bigint(20) NOT NULL AUTO_INCREMENT,
  `name` varchar(255) DEFAULT NULL,
  PRIMARY KEY (`id`),
  UNIQUE KEY `name` (`name`)
) ENGINE=InnoDB AUTO_INCREMENT=64 DEFAULT CHARSET=utf8;
/*!40101 SET character_set_client = @saved_cs_client */;

--
-- Dumping data for table `country`
--

LOCK TABLES `country` WRITE;
/*!40000 ALTER TABLE `country` DISABLE KEYS */;
INSERT INTO `country` VALUES (25,'Argentina'),(2,'Australia'),(16,'Austria'),(5,'Belgium'),(51,'Bolivia'),(62,'Brazil'),(38,'Canada'),(40,'Chile'),(7,'China'),(42,'Colombia'),(48,'Croatia'),(15,'Czech Republic'),(13,'Denmark'),(17,'Finland'),(1,'France'),(19,'Germany'),(63,'Greece'),(34,'Hong Kong SAR China'),(9,'Hungary'),(44,'Iceland'),(22,'India'),(18,'Iran'),(27,'Ireland'),(59,'Israel'),(35,'Italy'),(36,'Japan'),(41,'Lebanon'),(11,'Mexico'),(6,'Norway'),(54,'Poland'),(57,'Portugal'),(8,'Romania'),(61,'Russia'),(46,'Serbia'),(14,'Slovakia'),(47,'Slovenia'),(4,'South Korea'),(26,'Spain'),(20,'Sweden'),(39,'Switzerland'),(37,'Syria'),(56,'Thailand'),(55,'The Netherlands'),(3,'Turkey'),(32,'Ukraine'),(12,'United Kingdom'),(21,'United States'),(10,'Uruguay');
/*!40000 ALTER TABLE `country` ENABLE KEYS */;
UNLOCK TABLES;

--
-- Table structure for table `festival`
--

DROP TABLE IF EXISTS `festival`;
/*!40101 SET @saved_cs_client     = @@character_set_client */;
/*!40101 SET character_set_client = utf8 */;
CREATE TABLE `festival` (
  `id` bigint(20) NOT NULL AUTO_INCREMENT,
  `englishAbbreviation` varchar(255) DEFAULT NULL,
  `englishName` varchar(255) DEFAULT NULL,
  `originalAbbreviation` varchar(255) DEFAULT NULL,
  `originalName` varchar(255) DEFAULT NULL,
  `url` varchar(255) DEFAULT NULL,
  PRIMARY KEY (`id`)
) ENGINE=InnoDB AUTO_INCREMENT=2 DEFAULT CHARSET=utf8;
/*!40101 SET character_set_client = @saved_cs_client */;

--
-- Dumping data for table `festival`
--

LOCK TABLES `festival` WRITE;
/*!40000 ALTER TABLE `festival` DISABLE KEYS */;
INSERT INTO `festival` VALUES (1,'TIFF','Transylvania International Film Festival','TIFF','Festivalul Internațional de Film Transilvania','http://tiff.ro/');
/*!40000 ALTER TABLE `festival` ENABLE KEYS */;
UNLOCK TABLES;

--
-- Table structure for table `festivaledition`
--

DROP TABLE IF EXISTS `festivaledition`;
/*!40101 SET @saved_cs_client     = @@character_set_client */;
/*!40101 SET character_set_client = utf8 */;
CREATE TABLE `festivaledition` (
  `id` bigint(20) NOT NULL AUTO_INCREMENT,
  `editionName` varchar(255) DEFAULT NULL,
  `editionNumber` int(11) DEFAULT NULL,
  `endDay` datetime DEFAULT NULL,
  `startDay` datetime DEFAULT NULL,
  `festival_id` bigint(20) DEFAULT NULL,
  PRIMARY KEY (`id`),
  KEY `FKEF1F7506C5A6011F` (`festival_id`),
  CONSTRAINT `FKEF1F7506C5A6011F` FOREIGN KEY (`festival_id`) REFERENCES `festival` (`id`)
) ENGINE=InnoDB AUTO_INCREMENT=2 DEFAULT CHARSET=utf8;
/*!40101 SET character_set_client = @saved_cs_client */;

--
-- Dumping data for table `festivaledition`
--

LOCK TABLES `festivaledition` WRITE;
/*!40000 ALTER TABLE `festivaledition` DISABLE KEYS */;
INSERT INTO `festivaledition` VALUES (1,'TIFF 2012',11,'2012-06-10 00:00:00','2012-06-01 00:00:00',1);
/*!40000 ALTER TABLE `festivaledition` ENABLE KEYS */;
UNLOCK TABLES;

--
-- Table structure for table `festivaledition_section`
--

DROP TABLE IF EXISTS `festivaledition_section`;
/*!40101 SET @saved_cs_client     = @@character_set_client */;
/*!40101 SET character_set_client = utf8 */;
CREATE TABLE `festivaledition_section` (
  `festivalEdition_id` bigint(20) NOT NULL DEFAULT '0',
  `section_id` bigint(20) NOT NULL DEFAULT '0',
  `sectionOrder` int(11) DEFAULT NULL,
  PRIMARY KEY (`festivalEdition_id`,`section_id`),
  KEY `FKD1720EFF229BC895` (`section_id`),
  KEY `FKD1720EFFA9538DD5` (`festivalEdition_id`),
  CONSTRAINT `FKD1720EFF229BC895` FOREIGN KEY (`section_id`) REFERENCES `section` (`id`),
  CONSTRAINT `FKD1720EFFA9538DD5` FOREIGN KEY (`festivalEdition_id`) REFERENCES `festivaledition` (`id`)
) ENGINE=InnoDB DEFAULT CHARSET=utf8;
/*!40101 SET character_set_client = @saved_cs_client */;

--
-- Dumping data for table `festivaledition_section`
--

LOCK TABLES `festivaledition_section` WRITE;
/*!40000 ALTER TABLE `festivaledition_section` DISABLE KEYS */;
INSERT INTO `festivaledition_section` VALUES (1,1,NULL),(1,2,NULL),(1,3,NULL),(1,4,NULL),(1,5,NULL),(1,6,NULL),(1,7,NULL),(1,8,NULL),(1,9,NULL),(1,10,NULL),(1,11,NULL),(1,12,NULL),(1,13,NULL),(1,14,NULL),(1,15,NULL),(1,16,NULL),(1,17,NULL),(1,18,NULL),(1,19,NULL),(1,20,NULL),(1,21,NULL),(1,22,NULL),(1,23,NULL),(1,24,NULL);
/*!40000 ALTER TABLE `festivaledition_section` ENABLE KEYS */;
UNLOCK TABLES;

--
-- Table structure for table `festivaledition_venue`
--

DROP TABLE IF EXISTS `festivaledition_venue`;
/*!40101 SET @saved_cs_client     = @@character_set_client */;
/*!40101 SET character_set_client = utf8 */;
CREATE TABLE `festivaledition_venue` (
  `festivalEdition_id` bigint(20) NOT NULL DEFAULT '0',
  `venue_id` bigint(20) NOT NULL DEFAULT '0',
  `venueOrder` int(11) DEFAULT NULL,
  PRIMARY KEY (`festivalEdition_id`,`venue_id`),
  KEY `FK626A39097FEFA715` (`venue_id`),
  KEY `FK626A3909A9538DD5` (`festivalEdition_id`),
  CONSTRAINT `FK626A39097FEFA715` FOREIGN KEY (`venue_id`) REFERENCES `venue` (`id`),
  CONSTRAINT `FK626A3909A9538DD5` FOREIGN KEY (`festivalEdition_id`) REFERENCES `festivaledition` (`id`)
) ENGINE=InnoDB DEFAULT CHARSET=utf8;
/*!40101 SET character_set_client = @saved_cs_client */;

--
-- Dumping data for table `festivaledition_venue`
--

LOCK TABLES `festivaledition_venue` WRITE;
/*!40000 ALTER TABLE `festivaledition_venue` DISABLE KEYS */;
/*!40000 ALTER TABLE `festivaledition_venue` ENABLE KEYS */;
UNLOCK TABLES;

--
-- Table structure for table `hibernate_sequence`
--

DROP TABLE IF EXISTS `hibernate_sequence`;
/*!40101 SET @saved_cs_client     = @@character_set_client */;
/*!40101 SET character_set_client = utf8 */;
CREATE TABLE `hibernate_sequence` (
  `next_val` bigint(20) DEFAULT NULL
) ENGINE=InnoDB DEFAULT CHARSET=utf8;
/*!40101 SET character_set_client = @saved_cs_client */;

--
-- Dumping data for table `hibernate_sequence`
--

LOCK TABLES `hibernate_sequence` WRITE;
/*!40000 ALTER TABLE `hibernate_sequence` DISABLE KEYS */;
INSERT INTO `hibernate_sequence` VALUES (12);
/*!40000 ALTER TABLE `hibernate_sequence` ENABLE KEYS */;
UNLOCK TABLES;

--
-- Table structure for table `movie`
--

DROP TABLE IF EXISTS `movie`;
/*!40101 SET @saved_cs_client     = @@character_set_client */;
/*!40101 SET character_set_client = utf8 */;
CREATE TABLE `movie` (
  `id` bigint(20) NOT NULL AUTO_INCREMENT,
  `description` longtext,
  `duration` time DEFAULT NULL,
  `englishTitle` varchar(255) DEFAULT NULL,
  `imdbId` varchar(255) DEFAULT NULL,
  `originalTitle` varchar(255) DEFAULT NULL,
  `year` varchar(255) DEFAULT NULL,
  PRIMARY KEY (`id`)
) ENGINE=InnoDB AUTO_INCREMENT=213 DEFAULT CHARSET=utf8;
/*!40101 SET character_set_client = @saved_cs_client */;

--
-- Dumping data for table `movie`
--

LOCK TABLES `movie` WRITE;
/*!40000 ALTER TABLE `movie` DISABLE KEYS */;
INSERT INTO `movie` VALUES (1,'Three different types of characters live in a painting that has been abandoned by its painter: The Alldunns, those fully painted, the Halfies, those lacking in color, and the Sketchies, who are not painted at all. Considering themselves as way superior to the others, the Alldunns drive the Halfies out and subjugate the Sketchies. Ramo, a young Alldunn in love with a Halfy, sides with the oppressed and sets out on a journey across frames to bring back the Painter.','01:16:00','The Painting','tt1891769','Le tableau','2011'),(2,'Dan is in love with Leanne. They were born on the same day, the 6th of November, 1960. They eat together. They live together. They steal together. When Dan\'s love is suddenly torn away from him, he is reduced to savagery...','01:44:00','Hail','tt1782453','Hail','2011'),(3,'Celal Tan is a well-respected constitutional law professor who lives in a provincial city and has two children from his first marriage. Many years after the death of his first wife, he married a woman much younger than him, a university student, whose life he has saved in some way. In the third year of their marriage, the extremely tragic story of Celal Tan and his family begins after a big crisis takes place in front of the whole family. While trying to hide the secret, the family falls into absurd and tragicomic situations. Regardless of all happenings, Celal Tan tries to keep the family together.','01:39:00','The Extremely Tragic Story of Celal Tan and His Family','tt2124186','Celal Tan ve Ailesinin Aşırı Acıklı Hikayesi','2011'),(4,'Poongsan, a young man with the eyes of an innocent child, crosses over North and South Korea to deliver the pain and longings of separated families. Even though this can cause him get shot, he takes the risk without any fear. One day, by a secret request by South Korean government agents he sneaks into North to bring over In-oak, the lover of a high-ranking North Korean defector. On their way to South Korea, they fall for each other while experiencing life-and-death situations together several times. But is there any chance for their love?','02:01:00','Poongsan','tt1773020','Poongsan','2011'),(5,'Dom works the night shift in a small hotel near the industrial sea port of Le Havre. One night, a woman arrives with no luggage and no shoes. Her name is Fiona. She tells Dom she is a fairy and grants him three wishes. Fiona makes two wishes come true then mysteriously disappears. Dom, who by then has fallen in love with Fiona, searches for her everywhere and eventually finds her in the psychiatric hospital where she has been interned.','01:33:00','The Fairy','tt1922645','La fée','2011'),(6,'Two crimes scene cleaners find a mythical creature in a concealed cellar. The creature never utters a word, unable to tell her tale herself, but the pieces of the puzzle soon come together: she\'s been kept down here for decades. And those who kept her captive want her back...','01:16:00','Thale','tt2112287','Thale','2012'),(7,'On a fateful night in the summer of 1976, Tangshan was hit by a powerful earthquake, measuring 7.8 on the Richter scale. Li Yuanni’s twin son and daughter were buried under the rubble. Li discovers that if she is to save either of the children, the other must die. In despair, the mother has to take the most difficult decision...','02:15:00','Aftershock','tt1393746','Aftershock','2010'),(8,'The old car of the family breaks down and Mara and her parents try to fix it so that they can get home. But more important than the broken engine becomes their relationship.  ','00:20:00','Blu','tt2207764','Blu','2011'),(9,'During a summer afternoon a person spills coffee on himself, another feeds pigeons, another kills a bee, another dies, another copies patterns, another listens to the radio, another makes a phone call, another... And something might connect them all...','00:19:00','Infinite Minutes','','Minute infinite','2011'),(10,'Agustín forgets things; he is aging and he knows it. María is never alone, she watches over everyone, sleeps very little and works too much; she’s increasingly overwhelmed. The relationship between two beings who love one another and at the same time get on each other’s nerves suddenly breaks up.','01:24:00','The Delay','tt1666318','La demora','2012'),(11,'On a Friday night after hanging out with his straight mates, Russell heads out to a nightclub, alone and on the pull. Just before closing, he meets Glen. And so begins a weekend—in bars and bedrooms, getting drunk and taking drugs, telling stories and having sex—that will resonate throughout their lives.','01:37:00','Weekend','tt1714210','Weekend','2011'),(12,'Opening in the seductive style of the sixties, A Funny Man uncovers the perennial loneliness that comedian Dirch Passer (Nikolaj Lie Kaas) has found himself in after a fast-tracked rise to fame. Dirch Passer was second-to-none on the Danish scene, in revue theatre and on film. He was in the league of Dean Martin, Lenny Bruce, Andy Kaufman. But he was also blinded by his own success, and he let down his family, his children, his best friend and not least himself in his efforts to be seen, understood and loved.','01:56:00','A Funny Man','tt1706596','Dirch','2011'),(13,'Bruno loves his wife Maxine, but his love and body are slowly undergoing a transformation. Something is beginning to stir inside him and there is nothing he can do to stop it. Because when you first delve into the dark side of love to find power, aggression and hatred, there is no turning back.','01:28:00','Beast','tt1572501','Beast','2011'),(14,'Documentary film about army cooks, about how everyday needs of thousands of armed stomachs affected victories and defeats of the statesmen. About field kitchen as a model of the world where food preparation becomes a fight strategy. A fight for great ideals standing on strong legs of the kitchen table. The film is based on eleven recipes of the cooks since the Second World War till the war in Chechnya, from France through Balkan to Russia.','01:28:00','Cooking History','tt1436000','Ako sa varia dejiny','2009'),(15,'A man and a woman drive through a war-torn mountain road in their SUV. The vehicle is stuffed with plastic bags full of cash. The man and the woman are giving the money away to the poor souls they encounter on the road. Is this a good-will mission? A game of honor and temptation? A psychotic gamble? As the car ploughs through the icy terrain, answers become increasingly elusive and tension is built up to an unbearable pitch.','01:40:00','Modest Reception','tt2245049','Paziraie sadeh','2012'),(16,'Daniel is a young man suffering from low self esteem, who is incapable of defending himself from the abuses of employers and of society in general. He is medicated with antidepressants to make his monotonous life more bearable; however, far from helping him, the medication worsens his condition with hallucinations and psychotic thoughts of vengeance that lead him to a state of total confusion.','01:14:00','Adverse Effects','tt1766027','Reacciones adversas','2011'),(17,'Anna and her 8-year old son, Anders, are on the run from Anders’ violent father. They move to a secret address in a giant apartment building. Anna is terrified that her ex-husband will find them and buys a babycall to make sure Anders is safe while he sleeps. But strange noises echoe in the babycall from elsewhere in the building. Anna overhears what she believes is the murder of a child. Meanwhile, Anders gets a mysterious, dark-haired friend who comes and goes as she wants. Does Anders’ friend know something about the sounds in the babycall? Why is there blood on Anders’ drawing? Are they still in danger?','01:36:00','Babycall','tt1595833','Babycall','2011'),(18,'The secrets of Kolkata are revealed by overweight dance obsessed intrepid detective Rajesh Ji. Mixing dance and hit songs with the harsh lives of clients, this original feature documentary provides an unprecedented look at modern India through the prism of crime.','01:50:00','The Bengali Detective','tt1787804','The Bengali Detective','2011'),(19,'Spartacus is a rebellious slave purchased by Lentulus, owner of a school for gladiators. For the entertainment of corrupt Roman senator Marcus Licinius Crassus, Batiatus\' gladiators are to stage a fight to the death. On the night before the event, the enslaved trainees are \"rewarded\" with female companionship. Spartacus\' companion for the evening is Varinia, a slave from Brittania. When Spartacus later learns that Varinia has been sold to Crassus, he leads 78 fellow gladiators in revolt.','02:41:00','Spartacus','tt0054331','Spartacus','1960'),(20,'The story of Christoffer and Maja\'s trip to the city of Prague - a beautiful, aging city, but also a city choked by a rigid and dated eastern-block mentality. Prague is the story of a distant, ever-absent father who, even after passing away, traumatizes all who have known him. And Prague is the story of a marriage on the verge of collapse, in which Christoffer wants one thing and Maja another. A story of an old love, constantly transformed; at once, rooted, fragile, vulnerable, forgotten and rediscovered. A marriage where secrets, one after the other, come bursting out of the closet.','01:32:00','Prague','tt0855975','Prag','2006'),(21,'Constantly caught in the middle of everyone\'s battles, Daisato finds his sincere efforts to keep the peace repeatedly belittled; he\'s divorced, his neighbors have covered his house in graffiti, and he gets nothing but dirty looks when he walks down the street. When we first meet Daisato, he is the subject of a television documentary. Though on the surface Daisato may seem completely unremarkable in all respects, it soon becomes apparent just how deceiving first impressions can be: he is a hulking superhuman crime fighter!','01:53:00','Big Man Japan','tt0997147','Dai - nihonjin','2007'),(22,'The motorway between Asunción del Paraguay and Buenos Aires. A truck driver must transport a woman he doesn’t know. The woman is not alone. She´s carrying a baby. There are 1500 kilometres ahead.','01:22:00','The Acacia Trees','tt1754078','Las acacias','2011'),(23,'A sleepwalker. A body. A family. A small community. Arlene is like a ghost in her life. She lives in a small town surrounded by field after field, woodlands and laneways to disappear down and never come back... One morning Arlene wakes in the woods beside the body of a young woman. Someone watches from the trees. The body is soon discovered and suspicion spreads through the community.','01:28:00','The Other Side of Sleep','tt1455825','The Other Side of Sleep','2011'),(24,'Famous black comedy about a group of war-eager military men who plan a nuclear apocalypse. Through a series of military and political accidents, two psychotic generals trigger an ingenious, irrevocable scheme to attack Russia\'s strategic targets with nuclear bombs. The brains behind the scheme belong to Dr. Strangelove, a wheelchair-bound nuclear scientist who has bizarre ideas about man\'s future.','01:35:00','Dr. Strangelove or: How I Learned to Stop Worrying and Love the Bomb','tt0057012','Dr. Strangelove or: How I Learned to Stop Worrying and Love the Bomb','1964'),(25,'Mari lives with her invalid father and two children in a shack in the woods outside the city. Their living conditions are modest, like their other Romani neighbors. For centuries, their “kind” has been commonly referred to as gypsies. Recently, more than ever, they must exist stealthily: five entire families in the area have already been murdered, gunned down in their own homes...','01:26:00','Just the Wind','tt2180335','Csak a szél','2012'),(26,'Humbert Humbert, a British professor of French literature, travels to small-town America for a teaching position. He allows himself to be swept into a relationship with Charlotte Haze, his widowed and sexually famished landlady, whom he marries in order that he might pursue the woman\'s 14-year-old flirtatious daughter, Lolita, with whom he has fallen hopelessly in love... Based on Vladimir Nabokov\'s novel of the same title.','02:32:00','Lolita','tt0056193','Lolita','1962'),(27,'A seedy bar-owner hires a mysterious Croatian to murder an acquaintance over an unpaid debt. The crime is carried out, but a planned double-crossing backfires and an innocent waitress suddenly becomes involved. Now a hostage in her own home, the young woman is driven to desperate measures for survival.','01:20:00','Crawl','tt1848832','Crawl','2011'),(28,'Little Matador follows the journey of three Mexican children struggling to become successful bullfighters. At 10, Michelito is already the star of the child bullfighting circuit: he has killed over 240 bulls. Will he become the youngest professional matador in the world - and with what price for his fierce ambition?','01:27:00','Little Matador','tt1784523','Little Matador','2012'),(29,'For almost one hundred years there was only one way to make a movie - with film. But over the last two decades a digital process has emerged to challenge photochemical filmmaking. Keanu Reeves interviews directors, cinematographers, film students, producers, as Side by Side examines all aspects of filmmaking, exploring what has been gained, what is lost, and what the future might bring.','01:39:00','Side By Side','tt2014338','Side By Side','2012'),(30,'Michael describes the last five months of 10-year-old Wolfgang and 35-year-old Michael\'s involuntary life together.','01:36:00','Michael','tt1906426','Michael','2011'),(31,'On June 29th, 1992 a farmer discovers two bodies in a corn field in the North East of Germany. Police enquiries lead to the fact that the dead men are Romanian citizens, shot by hunters during their attempt to cross the EU border. The hunters claim that they had mistaken the people for wild boar. Four years later, the trial begin. The verdict: not guilty. With Revision, a legally terminated crime case becomes the subject of a cinematic revision.','01:46:00','Revision','tt2203881','Revision','2012'),(32,'Donetsk is the coal-mining area of Ukraine. Here most people work for low wages in the run down mines, while others make a lot of money. No matter which side of the social divide you are on, coming from Donetsk you will almost certainly be an opponent of the Orange Revolution and a fan of the local football team, Shakhtar Donetsk. Billionaire Akhmetov invests heavily in the club, which is becoming a major European force during the season followed by the film. Yet this sporting success funded by an oligarch fortune only seems to highlight the wider social and political stagnation of the region. The outlook appears bleak...','01:29:00','The Other Chelsea: A Story from Donetsk','tt1813699','The Other Chelsea: A Story from Donetsk','2010'),(33,'The film portrays men and women of various ages, backgrounds, and professions who have discovered pleasure in different forms of physical pain. With intimate interviews and dramatic footage, this documentary dispels generally held myths and prejudices surrounding these widely practiced yet little-known forms of pleasure, while providing a glimpse into an alternative community. While intended for an adult audience, this film is not pornographic in nature.','01:22:00','Heaven Hell','tt1686904','Nebe Peklo','2010'),(34,'Something is missing in Tom\'s life. Every day he grows increasingly detached from those around him. His best friend Dan thinks he has the solution, a mysterious video he\'s got to see to believe. What Dan shows him leaves Tom unsettled, flooding his mind with disturbing images and desires, and binding the two friends together with its ugly secret.','01:30:00','Gut','tt1506459','Gut','2012'),(35,'Martin, a mercenary, is sent from Europe by a mysterious biotech company to the Tasmanian wilderness. His mission? To hunt for the last Tasmanian tiger.','01:42:00','The Hunter','tt1703148','The Hunter','2011'),(36,'When two friends tape-recorded the fights of their violently noisy neighbours, they accidently created one of the world\'s first \'viral\' pop-culture sensations. Exploring the blurred boudaries between privacy, art and exploitation, Shut Up Little Man! An Audio Misadventure is a darkly hilarious modern fable.','01:30:00','Shut Up Little Man! An Audio Misadventure','tt1766085','Shut Up Little Man! An Audio Misadventure','2011'),(37,'Donald is a different kind of superhero. In real life he is sick and feels like a peeled potato. But the 15-year-old has an outstanding talent to animate with pen and ink a dark world in which an invincible superhero battles a deadly nemesis and his sexy sidekick. But while Donald’s cartoon hero is unbreakable and unable to love, he himself is utterly breakable and bound for love. He learns of life through his unorthodox psychologist Adrian King, discovers love with the rebellious Shelly and makes peace with his parents while his time is running out. ','01:37:00','Death of a Superhero','tt1384927','Death of a Superhero','2011'),(38,'Based on real people and events. Chung Chun-Tao, or Ah Tao, was adopted in infancy. Her foster father died during the Japanese Occupation and her foster mother sent her away to work. Since her teenage years, Chung Chun-Tao has worked as an amah - a servant - for the Leung family. Known as Ah Tao, she has witnessed every aspect of the family’s life. Some members of the Leung family have passed away and some have emigrated. Now, after 60 years of service, she is looking after Roger, who works in the film industry and is the only family member left in Hong Kong. One day Roger comes home from work to find that Ah Tao has suffered a stroke...','01:58:00','A Simple Life','tt2008006','Tao jie','2011'),(39,'“You will go to sleep: you will wake up. It will be as if those hours never existed.” Death-haunted, quietly reckless, Lucy is a young university student who takes a job as a Sleeping Beauty. In the Sleeping Beauty Chamber old men seek an erotic experience that requires Lucy’s absolute submission. This unsettling task starts to bleed into Lucy’s daily life and she develops an increasing need to know what happens to her when she is asleep.','01:41:00','Sleeping Beauty','tt1588398','Sleeping Beauty','2011'),(40,'Kira and Mads have been married for some years when she is put away for two years in a mental institution. The movie begins when she returns to her home, her husband and their two kids. However, she is not fully recovered and doesn\'t know how to behave in the outside world. She also suspects Mads of having an affair. She causes several scandals, before she gets one final chance to do something right. The question is if their love is strong enough to overcome all these troubles.','01:33:00','Kira\'s Reason: A Love Story','tt0285280','En Kærlighedshistorie','2001'),(41,'The G8 summit was drawing to a close and, at the Diaz Pascoli School in Genoa which had been set up as a social forum for anti-globalisation protesters, the young people were in good spirits – in spite of the violent clashes with the police that had occurred during the previous days. Shortly after midnight, the police stormed the school and brutally attacked these young people for two hours until almost all of them ended up in hospital and were later taken to a detention centre. Told from different perspectives, the story describes the events of this day, sticking close to the heels of both perpetrators and targets, until the whole bloody truth is told.','02:07:00','Diaz: Don\'t Clean Up This Blood','tt1934234','Diaz: Don\'t Clean Up This Blood','2012'),(42,'After fighting with the Prussian army in the Seven Years\' War, young Irishman Raymond Barry flees Prussia and lives as gambler among Europe\'s elite. Wishing to climb higher on the social ladder, Barry soon meets the beautiful Lady Lyndon, marrying her for her fortune after her older titled husband dies. Her son Lord Bullingdon, however, despises the upstart Barry, and, regardless of how his mother may feel, sees to it that he will never be able to stake his claim to the entrenched aristocracy.','03:04:00','Barry Lyndon','tt0072684','Barry Lyndon','1975'),(43,'In the third year of World War I, the erudite but morally bankrupt French general Broulard orders his troops to seize the heavily fortified \"\"Ant Hill\"\" from the Germans. General Mireau knows that this action will be suicidal, but he will sacrfice his men to enhance his own reputation. Against his better judgment, Colonel Dax leads the charge, and the results are appalling...','01:28:00','Paths of Glory','tt0050825','Paths of Glory','1957'),(44,'Regarded as one of the most loved international icons of the 20th Century, Bob Marley\'s music and message of love and redemption are known throughout the world. His music transcends culture, language and creed and resonates around the world today as powerfully as when he was alive.','02:24:00','Marley','tt1183919','Marley','2012'),(45,'For junior high schooler Yuichi Sumida, his only wish in life is to become an ordinary and normal man. Having no big dream but hoping to live without bothering anybody. One night, however, he does something irreparable. Realising that he can never become the person he has always aspired to be, Sumida becomes obsessed with taking sanctions against potentially more evil people than him in society.','02:09:00','Himizu','tt1900893','Himizu','2011'),(46,'Stanley Kubrick\'s second feature film, Killer\'s Kiss was made on a budget of $40,000, all raised by Kubrick\'s relatives. The plot, told in an extended flashback, covers two days in the life of boxer Davy Gordon: he meets nightclub dancer Gloria, the two fall in love, and decide to make their futures somewhere other than New York City. But Gloria is lusted after by her ex-employer...','01:07:00','Killer\'s Kiss','tt0048254','Killer\'s Kiss','1955'),(47,'An all too common story in Romania. With his parents abroad for work, a boy from Cluj grows up with his grandmother. When the parents come home for Christmas, the kid needs their undivided attention...','00:15:00','Another Christmas','','Un alt Crăciun','2012'),(48,'Three different stories about three women of different ages - 30, 40 and 50 years - directed by three of Romania\'s most talented young directors.  ','00:25:00','30-40-50','','30-40-50','2012'),(49,'Ştefan is turning 18. His Dad decides this is the day for his son to ”become a man”, with all that entails. Only things do not go as planned and the father receives a life-changing lesson from his son.  ','00:36:00','From Now On','','De azi înainte','2012'),(50,'Fred, a passive aggressive husband, is confronted by his urge for revenge when his lifeless wife, Donna, accidentally destroys his prized possession. Once Donna leaves town, Fred starts planning his escape.  ','00:11:00','Donna Must Die!','','Donna Must Die!','2012'),(51,'A summer trip to the seaside among best friends.  ','00:24:00','Hello Kitty','','Hello Kitty','2012'),(52,'Houda al-Habash, a conservative Muslim preacher, founded a Qur\'an school for girls in Damascus, Syria when she was just 17 years old. Every summer, her female students immerse themselves in a rigorous study of Islam, in addition to their secular schooling. A surprising cultural shift is underway-women are claiming space within the mosque, a place historically dominated by men. Challenging tradition, Houda insists education for women is a form of worship. Using Qur\'anic teachings, she encourages her students to pursue higher education, jobs, and public lives, while remaining committed to an interpretation of Islam prioritizing women\'s role as wives and mothers. In a world rarely seen, The Light In Her Eyes tells the story of a leader who challenges the women of her community to live according to Islam, without giving up their dreams.','01:27:00','The Light in Her Eyes','tt2124188','The Light in Her Eyes','2011'),(53,'Anders will soon complete his drug rehabilitation in the countryside. As part of the program, he is allowed to go into the city for a job interview. But he takes advantage of the leave and stays on in the city, drifting around, meeting people he hasn\'t seen in a long while. Thirty-four-year-old Anders is smart, handsome and from a good family, but deeply haunted by all the opportunities he has wasted. He is still relatively young, but feels his life in many ways is already over. For the remainder of the day and long into the night, the ghosts of past mistakes will wrestle with the chance of love, the possibility of a new life.','01:35:00','Oslo, August 31st','tt1736633','Oslo, 31. august','2011'),(54,'Abandoned as a baby on the steps of a monastery and raised in strict Capuchin fashion, Ambrosio has become the most famous preacher. While large crowds from all over the country come to hear his mesmerizing sermons, he’s also bitterly envied for his success by certain fellow monks. Convinced of his virtue and righteousness, brother Ambrosio thinks he is immune to temptation... Until obscure events start terrorizing the monastery. Could they be connected to the unexpected arrival of Valerio, an apprentice monk who hides his disfigured face under a wax mask?','01:41:00','The Monk','tt1605769','Le moine','2011'),(55,'Akira was raised in an assassin family. One day, Akira unintentionally stepped into a old whorehouse. The prostitute he met there looked just like the beautiful girl he failed to kill 10 years ago. Akira\'s life becomes crooked since then...','01:19:00','End of the Night','tt1980106','Yoru ga owaru basho','2011'),(56,'A professional fighter risks his life to save a beautiful stranger in Hell’s kitchen.','00:18:00','Suffer','tt1924388','Suffer','2011'),(57,'Daniel, Lina, Stefan and Therese are sixteen years old. They are the best of friends and are on their way out for the night. It is a night like all others and yet a night like no other before. When the sun rises, their lives will be forever changed. Daniel is in love with Lina, but Lina is hopelessly in love with herself and rock star Niklas Ravn. Therese is willing to offer Stefan her virginity, but Stefan would rather come out of the closet - and come out to Daniel. But Daniel is much more interested in Therese...','01:30:00','Love is in the Air','tt1592556','Magi i luften','2011'),(58,'By coincidence rather then by design the swiss chemist Albert Hofmann makes a sensational discovery in the spring of 1943. He realizes that he is dealing with a powerful molecule that will have an impact not only on the scientific world. The Substance is an investigation into our troubled relation with LSD. Told from its beginnings until today.','01:30:00','The Substance: Albert Hofmann\'s LSD','tt2075352','The Substance: Albert Hofmann\'s LSD','2011'),(59,'Manuel is in jail in the south of Chile. During the earthquake of February 27th, 2010, the prison collapses. In the chaos, some inmates, including Manuel, manage to break out. He becomes a fugitive, lost in the middle of the catastrophe. When he returns home, he finds that it has been ravaged by a tsunami that has also taken the lives of his wife and his daughter. As he makes his way through the ravaged landscapes, he begins to delve deeper and deeper into his own inner devastation. This strange new-found freedom will lead him to some unexpected encounters, and bring him face to face with nature’s cruelty, pushing his existence to its limits.','01:22:00','The Year of the Tiger','tt2024396','El Año del Tigre','2011'),(60,'Since 1996 film director Michal Kosakowski has been asking people with different backgrounds about their murder fantasies. He offered them the chance to stage their fantasies as short films. The only condition was that they had to act in these films themselves, either as victims or perpetrators. More than a decade later, Kosakowski met these people again to ask them a few questions.','01:21:00','Zero Killed','tt2106766','Zero Killed','2012'),(61,'In the 70s Matteusz Gdula invented an acting method that was supposed to make every actor “shine”. Still, lots of his students die mysteriously and Gdula commits suicide. His method gets banned. The present day: Stella, an ambitious, but rather untalented drama student, gets accepted at the Matteusz Gdula school. When she bears witness to some strange occurrences, she gets drawn into the bizarre and deadly web that surrounds the dark secret of the school...','01:52:00','Masks','tt1941600','Masks','2011'),(62,'One evening in Beirut, Zoha and Mathieu meet. She’s a young Lebanese singer trying to free herself from her ex-husband’s stranglehold. He’s a French lawyer here on business who despite himself will be tracked down and suspected of spying. Over the course of ten days they will live a love story made of fear and desire, intrigue and violence. Beirut Hotel is a love story on the razor’s edge, a reflection of a country wavering between war and peace, where everything at any moment can spin out of control.','01:39:00','Beirut Hotel','tt2018043','Beyrouth hôtel','2011'),(63,'Ruben Östlund\'s third feature is a serious yet humorous study of human behaviour inspired by authentic cases in which groups of young boys robbed other children in central Göteborg. What was remarkable about the robberies was that they followed an elaborate role-play which tricked the victims without resort to violence or threats.','01:58:00','Play','tt1376717','Play','2011'),(64,'Anna has moved to Buenos Aires to live out her dream of being a sports agent and ends up falling for Argentina´s biggest football star. Instead of mailing the divorcee papers, her husband Christian flies out with his teenage son to deliver them in person, all the while secretly hoping to win back his wife and his life...','01:39:00','SuperClasico','tt1609492','SuperClásico','2011'),(65,'A big hospital on the outskirts of a small city in the middle of the Thuringian Forest. Here Johannes carries out his alternative national service. The head physician, a family friend, has recruited him. Johannes gets to know Ana. During the night of their first embrace, a sex offender escapes from the hospital. His flight and the police’s hectic search accompany the story of Johannes and Ana - a love story transcending boundaries, without a future.Beats Being Dead is part of the Dreileben project, consisting of three films which will be screened both on their own and in a marathon screening at Transylvania IFF.','01:28:00','Dreileben I: Beats Being Dead','tt1718776','Dreileben - etwas besseres als den tod','2011'),(66,'Part three in the Jarle Klepp trilogy based on Tore Renbergs successful novels. Company Orheim tells the story of teenager Jarle and his parents struggling to live together despite the father’s violence and alcoholism. Jarle finds his escape through music, political activism and chasing girls, but standing up for himself at home is a battle still to be fought.','01:44:00','Company Orheim','tt2226437','Kompani Orheim','2012'),(67,'Stanley Kubrick\'s return to filmmaking after a seven-year hiatus, this film crystallizes the experience of the Vietnam War by concentrating on a group of raw Marine volunteers. Based on Gustav Hasford\'s novel The Short Timers, the film\'s first half details the volunteers\' harrowing boot-camp training under the profane guidance of drill instructor Sgt. Hartman (R. Lee Ermey, a real-life drill instructor whose performance is one of the most terrifyingly realistic on record). Part two takes place in Nam, as seen through the eyes of the now thoroughly indoctrinated marines.','01:56:00','Full Metal Jacket','tt0093058','Full Metal Jacket','1987'),(68,'Celebrated documentary director Frederick Wiseman spent ten weeks with his camera exploring one of the most mythic places dedicated to women, Crazy Horse. This legendary Parisian cabaret club, founded in 1951 by Alain Bernardin, has become over the years the Parisian nightlife ‘must’ for any visitors, ranking alongside the Eiffel tower and the Louvre. The film takes us to the final curtain up, and the unveiling of the brand new show, Desir.','02:14:00','Crazy Horse','tt2043814','Crazy Horse','2011'),(69,'Confined to a universe that stretches only from bed to wheelchair, Porfirio - a man in diapers who sells call time on his cell phone in a faraway city on the outskirts of the Colombian Amazon - dreams that he can fly.','01:41:00','Porfirio','tt1774531','Porfirio','2011'),(70,'\"We meet digital natives from US, Sweden, China, Germany and France who successfully extended their real life into virtual reality. Fascinating and emotional glimpse into their world and their new perception of love, intimacy, friendship, sex and money.\"','01:27:00','Login 2 Life','tt2070729','Login 2 Life','2011'),(71,'Gustav and Luca must give up their apartment. Worn down like so many of his friends by precarious employment, Gustav wishes to move abroad, but Luca is unconvinced and seeks to understand the reasons for such widespread national entropy. The issue becomes the pretext for a six-month journey around Italy in an old Fiat 500 during which they compile the tales of those who chose to leave as well as those who decided to stay.','01:15:00','Italy: Love It, or Leave It','tt2049474','Italy: Love It, or Leave It','2011'),(72,'Overthrown by his deputy, Cao Man, young and arrogant warlord Hou Jie is forced to take refuge in Shaolin temple. He is filled with hatred, but he gradually comes to understand Buddhism and Shaolin\'s principles through study and practicing martial arts. He finds peace and enlightenment, becomes a monk and decides to mend his ways. Finally, in order to protect the temple, the monks and refugees, Hou and the Shaolin masters are forced to take a fiery stand against Cao and his army.','02:11:00','Shaolin','tt1533749','Shaolin','2011'),(73,'A strange, enigmatic and decadent white diplomat arrives in central Africa, looking like a mixture of Henry Stanley and Karl Lagerfeld. He has recently bought an ambassadorship and claims to be a do-good rich business man, who has come to spearhead a diplomatic mission. Officially he is there to start a factory that produces matches - this, to employ locals and teach how to make this simple piece of fire-making equipment. Unofficially he is really there to gain access to vast reserves of diamonds. The Ambassador is a genre-breaking, tragic comedy about the bizarre world of African diplomacy.','01:33:00','The Ambassador','tt2048877','Ambassadøren','2011'),(74,'One rainy night, a young blind woman named Soo-ah waits for a taxi on the streets. Just as when the taxi driver seems a bit too nice to her, the car bumps into something big. When Soo-ah comes back to herself, she senses the driver dragging and loading something in the trunk. He says it’s a dog but she knows that he’s keeping something from her. Later, Soo-ah will help the police to solve the case, but she has no idea that the driver was serial killer... Now he\'s ready to do anything in order to silence the witnesses.','01:51:00','Blind','tt2025506','Beul-la-in-deu','2011'),(75,'The true story of gay lovers Richard Loeb and Nathan Leopold Jr. who kidnapped and murdered a child in the early 1920s for kicks. The plot covers the months before the crime, the investigation, trial and final fate of the two men.','01:22:00','Swoon','tt0105508','Swoon','1992'),(76,'\"All the animals come out at night\" - and one of them is a cabby about to snap: insomniac ex-Marine Travis Bickle works the nightshift, driving his cab throughout New York City, wishing for a \"real rain\" to wash the \"scum\" off the neon-lit streets. Chronically alone, Travis cannot connect with anyone. Several encounters will make him take the decision to condition and arm himself for his imagined destiny, a violent mission. Palme d\'Or winner at Cannes 1976.','01:53:00','Taxi Driver','tt0075314','Taxi Driver','1976'),(77,'Kanjuro Nomi is an aging samurai who only has a scabbard. With a past that made him throw away his sword and refuse to fight, he now journeys to nowhere with Tae, his only daughter. Kanjuro becomes a wanted man for deserting his lord and is sentenced to a formidable task: he has to restore a smile to the sad prince who has lost his mother. He has thirty days to complete his assignment and he must commit seppuku if he fails. Will the samurai be able to save himself? ','01:43:00','Scabbard Samurai','tt1748278','Saya - zamurai','2010'),(78,'This clandestine documentary, shot partially on an iPhone and smuggled into France in a cake for a last-minute submission to Cannes, depicts the day-to-day life of acclaimed director Jafar Panahi during his house arrest in his Tehran apartment. While appealing his sentence - six years in prison and a 20 year ban from filmmaking - Panahi is seen talking to his family and lawyer on the phone, discussing his plight with Mojtaba Mirtahmasb and reflecting on the meaning of the art of filmmaking.','01:15:00','This is Not a Film','tt1667905','In film nist','2011'),(79,'Laid-off steelworker Chen Guilin tries to stay positive despite the problems he faces in his life, including a divorce. To give his daughter the opportunity to develop her talent at music, Chen decides to make a piano from scrap steel with the help of several loyal friends and colleagues from the now defunct steel factory. Despite the adversity around him, Chen seeks happiness and satisfaction in life.','01:59:00','The Piano in a Factory','tt1723118','Gang de qin','2010'),(80,'So-yeun is an animal groomer who works in a pet shop. One day, she gets stuck with a Persian cat named Silky when its owner suddenly dies. From then on, So-yeun is constantly haunted by a bobbed hair girl with green cat-like eyes who turns her life into a nightmare. So-yeun desperately seeks help from the people around, but no one listens to her. The presence of the girl and the sound of Silky\'s cries start to choke in around her life more and more. Not only that, people around So-yeun get killed one by one...','01:46:00','The Cat','tt1935094','Go-hyang-i: Jook-eum-eul Bo-neun Doo Gae-eui Noon','2011'),(81,'For 14-year-old Adam, the world of his poor Romany village has only two joys: boxing and Julka, a friend his same age. But after the violent death of his father, the boy experiences life’s harsher side: his mother remarries and his stepfather demands obedience without seeking to deserve Adam’s respect. Gradually everything the boy was attached to starts to fall apart around him and soon he will find himself in a situation for which there is only one solution.','01:40:00','Gypsy','tt1980935','Cigan','2011'),(82,'1979. Ten-year-old Albertine and all her relatives have gathered in the family house in Bretagne for their grandmother\'s birthday. All believe the Sky Lab, a piece of a NASA rocket, will fall on their head that summer. This reunion turns out to be a crazy week-end of revelations, love and singing...','01:53:00','Le Skylab','tt1638350','Le Skylab','2011'),(83,'After he learns the death of a sixth grade teacher, Bachir Lazhar, an Algerian refugee, propose himself as a substitute at the school\'s headmistress. ','01:34:00','Mr. Lazhar','tt2011971','Bichir Lazhar','2011'),(84,'Hugo is an orphan boy living in the walls of a train station in 1930s Paris. He learned to fix clocks and other gadgets from his father and uncle which he puts to use keeping the train station clocks running. The only thing that he has left that connects him to his dead father is an automaton that doesn\'t work without a special key which Hugo needs to find to unlock the secret he believes it contains...','02:06:00','Hugo','tt0970179','Hugo','2011'),(85,'Pregnant by music? On her 15th birthday, Rachel, a Mormon girl, discovers a forbidden rock music tape. Having never heard anything like it, she has a miraculous experience and three months later, claims to have had an immaculate conception from listening to the music. Her parents arrange a marriage, but Rachel runs away to the closest city, Las Vegas, to search for the man who sings on the tape...','01:36:00','Electrick Children','tt2139843','Electrick Children','2012'),(86,'Gu-nam is a cab driver who leads a pitiful life in Yanji City in Yanbian prefecture, a region between North Korea, China and Russia, where about 800,000 Korean-Chinese known as Joseonjok reside. His wife went to Korea to earn some money 6 months ago, but he hasn’t heard from her since. He plays mah-jong to make some extra cash, but his life only becomes more complicated and pathetic. One day he meets a hitman named Myun-ga and receives a proposal to turn his life around by repaying his debt, and reuniting with his wife. All for a price of one hit. But everything will go wrong...','02:16:00','The Yellow Sea','tt1230385','Hwanghae','2010'),(87,'The Minister for Transport, Bertrand Saint-Jean, is woken in the middle of the night by his personal private secretary. A bus has crashed into a ravine. He goes there, he has no choice. Thus begins the odyssey of a State official through an increasingly complex and hostile world. Speed, power struggles, chaos, economic crisis... In the frantic chain of events, one emergency replaces another. What sacrifices are men ready to accept? How long will they last in a State that devours those who serve it?','01:55:00','The Minister','tt1781843','L\'exercice de l\'État','2011'),(88,'Welcome to the jungle: the Melbourne underworld - the world of Animal Kingdom. Tensions are building between dangerous criminals and equally dangerous trigger-happy police. It’s the Wild West, played out on the city’s streets, with ordinary lives caught in the crossfire.','01:53:00','Animal Kingdom','tt1313092','Animal Kingdom','2010'),(89,'Tom Sawyer has nothing but pranks and mischief on his mind - much to the distress of his Aunt Polly, with whom he and his stepbrother Sid live in the little town of St. Petersburg on the Mississippi. Although he\'s a tough nut to crack, Polly has taken it upon herself to raise Tom to be a responsible, decent person. Luckily for Tom, he has a friend who loves adventures as much as he does, Huck Finn. Only one very exceptional girl manages to take Tom’s mind off of his gallivanting around with Huck: Becky Thatcher, the daughter of the new judge of St. Petersburg, who has just moved into town. Tom does everything possible to impress her with his \"heroic deeds\".','01:49:00','Tom Sawyer','tt1722484','Tom Sawyer','2011'),(90,'Three young people are forced to confront with unscrupulous and over-zealous custom officers from the border between Romania and The Moldavian Republic. A journey which should have been a simple routine becomes an absurd comedy.','00:34:00','In Godfather\'s Movie','','În film la Nașu\'','2012'),(91,'The big day has arrived for Andrei (13): he sets up a score with the neighborhood hotshot, his role-model when it comes to street life. Andrew’s father quickly finds out about it. He knows what to do in order to save his son. Even if this means confronting again the ghosts from his own past...','00:29:00','Daddy Rulz','','Tatăl meu e cel mai tare','2012'),(92,'Elegance, refinement and good taste. Breakfast included.  ','00:16:00','Grand Hotel Italia','','Grand Hotel Italia','2011'),(93,'\"I was walking along a path with two friends - the sun was setting - suddenly the sky turned blood red - I paused, feeling exhausted, and leaned on the fence - there was blood and tongues of fire above the blue-black fjord and the city - my friends walked on, and I stood there trembling with anxiety - and I sensed an infinite scream passing through nature.\" (Edvard Munch, 1893)','00:03:00','The Scream','','Țipătul','2012'),(94,'A lakeside love story with a twist.','00:07:00','Breath','','Breath','2011'),(95,'When she comes back home from a trip to Bucharest, the neighbours welcome Neli with stories about the trouble caused by the wild party her 17-year-old son Dan organized in her absence. Dan, however, has a different version.ând se întoarce acasă după o călătorie la Bucureşti, vecinii o întâmpină pe Neli cu poveştile despre hărmălaia provocată de petrecerea dată de fiul ei Dan cât a lipsit. Versiunea acestuia, în schimb, este diferită.  ','00:18:00','Houseparty','','Chefu’','2011'),(96,'When sixteen-year-old Jamie is introduced to a charismatic man, a friendship begins. As the relationship grows so do Jamie\'s suspicions, until he finds his world threatened by both his loyalty for, and fear of, his newfound father-figure John Bunting, Australia\'s most notorious serial killer.','01:59:00','The Snowtown Murders','tt1680114','The Snowtown Murders','2011'),(97,'As the son of the Imam of the local Brooklyn mosque, eleven year-old Daud has to juggle the high expectations of his father and his feelings of isolation and difference – even from his peers in the Muslim community. Daud inadvertently befriends a group of Jewish boys who mistake him as a fellow classmate at their orthodox school, in the neighboring Jewish community. A genuine friendship grows between Daud and Yoav, one of the Jewish boys, and his family. Unable to resist the joy of a camaraderie that he has never felt before, David, as he is known to the kids, is drawn into a complicated dilemma inspired by the best of intentions.','01:20:00','David','tt1753666','David','2011'),(98,'38 year-old Dennis is a painfully shy bodybuilder who still lives at home with his overbearing mother. When his socially awkward uncle marries a girl from Thailand, Dennis is inspired to go and do the same. Quickly thrown into the seedy underbelly of Thailand\'s sex tourism scene, he nearly gives up on finding a bride of his own. But when a visit to a local gym turns into an unexpected night on the town, Dennis finds that there may be hope for him yet.','01:32:00','Teddy Bear','tt1729226','Teddy Bear','2012'),(99,'The Killing was director Stanley Kubrick\'s first major film effort. Veteran criminal Johnny Clay plans one last big heist before settling down to a respectable marriage with Fay. Teaming with several cohorts, Johnny masterminds a racetrack robbery. The basic flaw is that all the crooks involved are losers and small-timers who find themselves in way over their heads despite their supposed cleverness...','01:25:00','The Killing','tt0049406','The Killing','1956'),(100,'Jean is young, gay, and promiscuous. Only after he meets one or two women, including Laura does he come to realize his bisexuality. Jean has to overcome a personal crisis (he is HIV-positive) and a tough choice between Laura and his male lover Samy. Special screening for the film\'s 20th anniversary!','02:06:00','Savage nights','tt0105032','Les nuits fauves','1992'),(101,'Ivar, Mitja and Torsti, three half brothers - all with different mothers - come together for the first time in many years to celebrate their father’s 70th birthday. In a hysterical and often funny outpour the past comes bubbling to the surface. Deep down the brothers all feel like they have failed in life - and all of the bad, they believe, rests firmly on the shoulders of their philandering and neglectful father.','01:30:00','Brothers','tt1754838','Veljekset','2011'),(102,'A desolate, windswept island. Stella and Oskar, a young couple, visit her father Nathan, who lives a lone life in the company of his labrador dog. Stella is pregnant and looking forward to the birth of her baby, but Oskar appears to be in doubt. When Oskar falls prey to Nathan\'s provocations and feels bewildered by the relationship between father and daughter, a clash between the two men is inevitable and Stella is caught in between.','01:13:00','Out of Bounds','tt1890445','Labrador','2011'),(103,'Marko is looking forward to a relatively quiet weekend in the small town where his parents live. But there’s news: his mother, who has been bipolar since Marko’s childhood, announces that a homeopathic treatment has made her feel better than ever. She’s decided to do away with her medication and is now looking forward to sharing the rest of her life with her husband. The decision will have consequences on all the other members of the family...','01:25:00','Home for the Weekend','tt2180587','Was bleibt','2012'),(104,'A manipulative Spanish teacher plays a dangerous game with a particularly rebellious male student and gets caught in her own trap. A young agnostic taking care of her invalid sister is forced to rethink her stance on religion. A Ghanaian-born photographer adopted by French diplomats leaves the choice of her next lover to fate. Djinn Carrénard\'s film asks: Do we choose to love? Do we choose to be loved?','02:13:00','Donoma','tt1653848','Donoma','2010'),(105,'From One Film to Another is a documentary which celebrates the work of highly venerated French auteur Claude Lelouch over the course of his half century long career in cinema. The documentary is a sequence of film clips and interviews, including behind-the-scenes of Lelouch\'s Academy Award-winning film, A Man and a Woman.','02:24:00','From one film to another','tt1906353','D\'un film à l\'autre','2011'),(106,'Director Vincent Morisset’s Inni is the second Sigur Rós live film following previous tour documentary Heima. Contrary to Heima, Inni is intimate and ruthless. Whereas Heimaportrayed Sigur Rós in the context of their Icelandic homeland, providing geographical, social and historical perspectives on their music, Inni\'s focus is entirely on the band performing. Heima’s kaleidoscopic richness has been replaced by a spare and almost monochromatic visuality that brings Sigur Rós close to its audience in an unseen manner.Inni is live at its purest.','01:14:00','Inni','tt2011232','Inni','2011'),(107,'The world famous violinst with a nose fetish, Julian Rachlin, takes over the town of Dubrovnik, Croatia, every year to organize a two week long classical music festival. His oldest friend, the violinist, composer and filmmaker Aleksey Igudesman offers to make a documentary film about the event, but things seem to go wrong pretty much from the start... Official homepage \"Noseland\": http://noselandthemovie.com/','01:20:00','Noseland','tt1784660','Noseland','2012'),(108,'  A man and a woman meet by accident on a Sunday evening at their childrens\' boarding school. Slowly they reveal themselves to each other, finding that each is a widow/widower. Each is slow to reveal anything personal, but hey become friends, then close friends, and then she reveals that she can\'t have a lover because, for her, her husband\'s memory is still too strong...','01:42:00','A Man and a Woman','tt0061138','Un homme et une femme','1966'),(109,'A close-up about the everyday life of refugees in a Hungarian refugee camp. Four languages, four home-sicknesses, four wounds, four fights. A chance for a fresh start in a foreign country. Lia, Ahmed, Bebe and Usama came to Hungary from different parts of the world: Georgia, Somalia, Ivory Coast and Lebanon and, if only for a brief period of time, became each others’ neighbours. All of them have left their homeland for different reasons. Caught Between Two Worlds is a dramatic journey into the depths of being a refugee.','01:07:00','Caught Between Two Worlds','tt1934310','Két világ közt','2011'),(110,'Turning transgression into a comedic principle, this turbulent farce that toys with clichés and stereotypes turned out to be an unexpected hit in Serbia. In The Parade a life-saving operation on a gangster’s pitbull terrier brings together two very different worlds: old school machismo meets gay obsession for interior design, as a number of former foes find themselves obliged to form a tenuous bond with a bunch of gay activists. This motley crew are sent on an impossible and probably suicidal mission to protect a fresh attempt to hold a Gay Pride parade from renewed and certain onslaught from nationalists and neo-Nazi organisations and make the event a success.','01:55:00','The Parade','tt1784575','Parada','2011'),(111,'Keep The Lights On chronicles the emotionally and sexually charged journey of two men. New York in the Nineties. Documentary filmmaker Erik and closeted lawyer Paul meet through a casual encounter and soon become a couple. They are risk takers-compulsive and fueled by sex. In an almost decade-long relationship defined by highs, lows and dysfunctional patterns, Erik struggles to negotiate his own boundaries and dignity and to be true to himself.','01:41:00','Keep the Lights On','tt2011953','Keep the Lights On','2012'),(112,'Roger is a man who seems to have it all: he is Norway\'s most successful Headhunter, married to the beautiful gallery-owner Diana, owns a magnificent villa - but living larger than he should. To keep up he is stealing art on the side. At a gallery opening, his wife introduces him to Clas Greve. Not only is he the perfect candidate for the CEO position of the GPS company Pathfinder that Roger is currently recruiting for; he is also in possession of a very valuable painting. Roger sees his chance to become financially independent, and starts planning his biggest hit ever.','01:40:00','Headhunters','tt1614989','Hodejegerne','2011'),(113,'More than ten thousand miners in southwestern Bolivia still excavate the slopes and tunnels of Cerro Rico, the richest silver field in mining history. Shot in iconic Potosí and in the surreal salt flats of Salar de Uyuni - where half of the world’s lithium reserves are still untapped - Cerro Rico offers a stark, unpared portrait of mining life in the highlands of South America, while raising issues of social and economic sustainability that have burdened these communities since colonial times.','01:30:00','Cerro rico, tierra rica','tt1954326','Cerro rico, tierra rica','2011'),(114,'The film is about the utterly fantastic and eccentric 80-year-old Japanese inventor responsible for 3,357 inventions, including the floppy disk. NakaMats is an unlikely character made for the movies, with his deadpan English and impeccable comic timing providing nonstop laughs. Utterly nutty, but also a paean to the spirit of human invention.','00:57:00','The Invention of Dr. Nakamats','tt1708535','Opfindelsen af Dr. Nakamats','2009'),(115,'A stylized portrait and a pop diary of a talented skater lost on the foreclosure landscape of empty pools and deserted houses, torn between a son he barely knows and his girlfriend, a nerd and a crack addict like himself. Against the backdrop of the American recession, in the stagnant suburbs of Fullerton, California, unable to hold a job, Josh “Skreech” Sandoval makes a last-ditch try at making it as a skater. His reflexes are rusty, though, and the fresh new entries aggressive. Just over twenty, Josh is considered a relic.','01:14:00','Dragonslayer','tt1633989','Dragonslayer','2011'),(116,'With wife Wendy and psychic son Danny in tow, frustrated writer Jack Torrance takes a job as the winter caretaker at the opulently Overlook Hotel so that he can write in peace. Before the Overlook is vacated, the manager informs Jack that a previous caretaker went crazy and slaughtered his family; Jack thinks it\'s no problem, but Danny\'s \"shining\" hints otherwise. Danny is plagued by more blood-soaked visions of the past, and a blocked Jack starts visiting the hotel bar for a few visions of his own. Frightened by her husband\'s behavior, Wendy soon discovers what the hotel has done to Jack...','02:22:00','The Shining','tt0081505','The Shining','1980'),(117,'Jasna is a beautiful girl in her mid-teens. Disillusioned by her life in a remote Serbian town with a dispirited mother and terminally ill father, she opposes everyone, including herself, and goes wild, experimenting with sex, drugs and simply killing time. But gradually, this desperate protest helps her come to terms with the painful reality.','01:40:00','Klip','tt1900908','Klip','2012'),(118,'Archive footage from 2000 shows how Slavik had his ultimate moment of glory with his former dance partner. That was the year this Ukrainian first became the World Latin American Dance Champion. A successful career seemed certain, but now 10 years have gone by, and Slavik stopped dancing a long while ago. His body is showing signs of age, but he is still aiming for a comeback. Together with Anna, his partner in dance and life, he wants one more chance to shine on the dance floor. But can Anna deal with her lover\'s temperamental and demanding nature? And will love get in the way? The film follows the duo all over the world as they travel to international dance competitions, rehearsals and hotel rooms.','01:18:00','Ballroom Dancer','tt2083141','Ballroom Dancer','2011'),(119,'Brandon is a 30-something man living in New York who is unable to manage his sex life. After his wayward younger sister moves into his apartment, Brandon\'s world spirals out of control. From director Steve McQueen (Hunger), Shame is a compelling and timely examination of the nature of need, how we live our lives and the experiences that shape us.','01:41:00','Shame','tt1723811','Shame','2011'),(120,'How the richest man Russia became its most famous prisoner. A documentary on the transformation of Mikhail Khodorkovsky - from a perfect socialist to a perfect capitalist and finally, in a Siberian prison, becoming a perfect martyr. Khodorkovky - the richest Russian, challenges President Putin. A fight of the titans begins. Putin warns him. But Khodorkovsky comes back to Russia - knowing that he will be imprisoned, once he returns. Why didn\'t Khodorkovsky stay in Exile with a couple of billions? Why did he come back?','01:51:00','Khodorkovsky','tt1733525','Khodorkovsky','2011'),(121,'Anne, a Paris-based mother of two and investigative journalist for Elle, is writing an article about university student prostitution. Her meetings with two fiercely independent young women, Alicja and Charlotte, are profound and unsettling, moving her to question her most intimate convictions about money, family and sex.','01:39:00','Elles','tt1549589','Elles','2011'),(122,'Cyril, almost 12, has only one plan: to find the father who left him temporarily in a children’s home. By chance he meets Samantha, who runs a hairdressing salon and agrees to let him stay with her at weekends. Cyril doesn’t recognize the love Samantha feels for him, a love he desperately needs to calm his rage.','01:27:00','The Kid With a Bike','tt1827512','Le gamin au vélo','2011'),(123,'Christian Orthodox nuns in a Romanian monastery call each other \"little mothers\". They have renounced earthly trappings to wed the eternal. \"God my sovereign, it is You I seek each and every morning. I hunger for You, and my body and soul tremble for You...\" This is a film about the most beautiful among them and her marriage to God.','01:26:00','Teodora Sinner','','Păcătoasa Teodora','2011'),(124,'A man wakes up alone in a white room with no windows or doors. When he presses a mysterious phallic protuberance that appears on the wall, a pink toothbrush materializes from nowhere, clattering to the floor and setting in motion a bizarre chain of events. Soon the imprisoned man is engaged in absurd and hilarious attempts to escape, releasing random objects from the walls and creating a life sized mouse trap game in which a rope, a toilet plunger and an earthenware jug full of sushi might just be the keys to his escape.','01:33:00','Symbol','tt1410261','Shinboru','2009'),(125,'Claudia, a ten-year-old girl, leaves with her family to spend the weekend out of town. During their car trip, they decide to take a short rest at an abandoned gas station. The appearance of a strange woman will reveal her true fate to Claudia.','00:15:00','Legend','tt2354187','Leyenda','2011'),(126,'It all begins on a Thursday when two children go on a holiday trip with their parents to the north of Chile. It all ends on a Sunday. Lucía and Manuel travel for the long weekend with their parents, Ana and Fernando. The couple has decided to break up but has previously promised their children to go to the north, so they decide to travel anyway. The journey slowly turns into a final goodbye. It’s a long route. The landscape’s loneliness and the car’s confinement begin to surface the troubles of the couple.','01:36:00','Thursday Till Sunday','tt1398991','De jueves a domingo','2012'),(127,'Fatma lives with her husband and six children in Vienna, trying to preserve the traditional values and the social prestige of her family. When Ayse, a 19-year-old girl from the Turkish countryside, is chosen to be married to Fatma’s son, a special friendship evolves between the two women. But soon this relationship is put to the test as the family has to face a difficult stroke of fate.','01:33:00','Kuma','2tt2215215','Kuma','2011'),(128,'At midnight, a man wakes up surrounded by strangers speaking a curious language, in the middle of a weird dinner which soon gets out of hand... A frightening drama which takes the form of a crazy puzzle, a dive into a strange world which resembles a nightmare!','00:15:00','CTIN!','tt1920882','CTIN!','2011'),(129,'Chhaya is a simple housewife who has an artistic bent of mind and a seemingly happy life with her husband Arvind. Money trickles in every month and life goes on for an unassuming Chhaya, until her eyes catch hold of an unfinished sculpture of the Hindu goddess Lakshmi. Her values and relationships as she knows them begin to decay day by day, surrendering to the clutches of an ugly obsession that feeds on her weaknesses and past disappointments. She must have the Lakshmi, as if to make up for all that she has yearned for in her life.','01:32:00','Corrode','tt1669648','Kshay','2011'),(130,'Park Duk-joon is an old man living by himself. Every night, he suffers from insomnia attacks brought on by disturbing flashes from his dark past. He tries in vain to pray and find solace in religion. His only friend is Mrs. Lee, a church elder who gives him weekly church bulletins. Mrs. Lee invites him to a testimonial at her church. Duk-joon is surprised to see the face of the speaker. He is Lim Gwang-han, Duk-joon’s former superior officer from his days as a police interrogator in the 80s. They meet for the first time in years, Gwang-han brings up Duk-joon’s painful past again. ','01:36:00','A Confession','','Gan-jeung','2010'),(131,'The Silent Thief is the chilling story of Brennan Marley, a drifter who threatens to destroy a family’s unity by systematically displacing their absent son, Mike Henderson. Hungry for acceptance and exceptionally cunning, Brennan rents a room from the Henderson family. During his stay, Brennan uses his manipulative prowess to ingratiate himself with each individual family member before Mike returns from college. As Brennan’s tactics become increasingly pernicious, psyches are driven to the breaking point and violence ensues.','01:44:00','The Silent Thief','tt1972803','The Silent Thief','2012'),(132,'Alma is a small-town teen with a big imagination. Horny and looking for love, she has only her lively imagination to ameliorate her frustratingly lonely and chaste life. A titillating yet awkward encounter with school heartthrob Artur promises to literally make Alma’s dreams come true, but she is instead shunned by her catty classmates and saddled with a particularly unkind nickname. Suddenly a social outcast, Alma is desperate to just move out of town and on with her life...','01:16:00','Turn Me On, Dammit!','tt1650407','Få meg på, for faen','2011'),(133,'Somewhere in the Thuringian Forest – a mythical region full of legends and superstition – a sex offender roams. Police psychologist Johanna is dispatched to Thuringia. She stays with her friend Vera and Vera’s husband Bruno, who have lived in this region for some time now. Old stories and old feelings surface. The two women come to realize that, ten years ago in Munich, they were both in love with the same man at the same time, without ever encountering each other. Don\'t Follow Me Around is part of the Dreileben project, consisting of three films which will be screened both on their own and in a marathon screening at Transylvania IFF.','01:29:00','Dreileben II:Don\'t Follow Me Around','tt1718777','Dreileben - komm mir nicht nach','2011'),(134,'The final work of legendary director Stanley Kubrick, who died within a week of completing the edit, stars Tom Cruise and Nicole Kidman, at the time Hollywood\'s most bankable celebrity couple. They are William and Alice Harford, a physician and a gallery manager who are wealthy, successful, and travel in a sophisticated social circle. A visit to a formal-dress party leads them into sexual temptation when William is drafted into helping a beautiful girl who has overdosed on drugs while Alice is charmed by a man bent on seduction.','02:39:00','Eyes Wide Shut','tt0120663','Eyes Wide Shut','1999'),(135,'Stanley Kubrick dissects the nature of violence in this darkly ironic adaptation of Anthony Burgess\'s novel. Classical music-loving Alex and his mates spend their nights getting high before embarking on ultraviolent rampages. After Alex is jailed for murdering a woman, he submits to the Ludovico behavior modification technique to earn his freedom; he\'s conditioned to abhor violence...','02:16:00','A Clockwork Orange','tt0066921','A Clockwork Orange','1971'),(136,'900 Days is a documentary about the Blockade of Leningrad during World War II. The film presents an emotional picture of the struggle of some survivors, whose personal memories tend to be overshadowed by the heroic myth held up by the authorities. That myth is in painful contrast with the horrific truth they were forbidden to mention all these years.','01:18:00','900 Days','tt2136691','900 Dagen','2011'),(137,'Loss. Isolation. Ambiguity. Can you trust your own senses? On a remote wooded island, a young woman becomes caretaker to an elderly man in a vegetative state. She has no cell signal, no Internet. Forced to meet the needs of a man who cannot respond, Joslyn vacillates between finding solace in his company and feeling fear and suspicion towards him. As the monotony of her daily routine starts to unravel, boundaries collapse and Joslyn struggles with sexuality, guilt and loss.','01:28:00','Without','tt1791687','Without','2011'),(138,'TJ arrives in Broome - a man on the run from himself. TJ’s quest to find the son he’s never known, takes him on a journey across the remote and stunning Kimberley landscape. On the road, TJ questions his life of violence. He meets a host of amazing characters who open up a way of life infused with music and community.','01:34:00','Mad Bastards','tt1787758','Mad Bastards','2010'),(139,'When a large black monolith is found beneath the surface of the moon, the reaction immediately is that it was deliberately buried by an alien intelligence. When the point of origin is confirmed as Jupiter, an expedition is sent in hopes of finding the source. When Dr. David Bowman discovers faults in the expeditionary spacecraft\'s communications system, he discovers more than he ever wanted to know.','02:21:00','2001: A Space Odyssey','tt0062622','2001: A Space Odyssey','1968'),(140,'Tul, a straight-laced cop, is blackmailed by a powerful politician and framed from a crime he did not commit. Disillusioned and vengeful, he is soon recruited to become a hitman for a shadowy group aimed at eliminating those who are above the law. But one day, Tul is shot in the head during an assignment. He wakes up after a three-month coma to find that he sees everything upside down, literally.','01:45:00','Headshot','tt1682186','Fon Tok Kuen Fah','2011'),(141,'Louise and Martine Fokkens are identical twins. For over 40 years they were working as prostitutes. They freed themselves from the control of their pimps, ran their own brothel, and set up the first informal trade union for prostitutes. Now they bid their farewells. A portrait of these remarkable women, as well as a history of the Red Light District in Amsterdam over the past fifty years.','01:20:00','Meet the Fokkens','tt2062989','Ouwehoeren','2011'),(142,'Before ascending the throne, Wu Zetian, China’s one and only female Empress Regnant, orders the construction of a tall Buddhist pagoda. Before the pagoda has been completed, two murders are committed. Wu orders Detective Dee to investigate the murders. His investigation proves to be filled with intrigue and suspense...','01:59:00','Detective Dee and the Mystery of the Phantom Flame','tt1123373','Detective Dee and the Mystery of the Phantom Flame','2010'),(143,'A drawing course, a safari park and a taxidermist’s workshop: three settings in which humans and animals meet. The focus of observation is on relationships of sight and perception: Bestiary unfolds like a filmic picture book about mutual observation, about peculiar perception. A contemplation of a stable imbalance, and of indefinable elements in the relationship between humans and animals.','01:12:00','Bestiaire','tt2125439','Bestiaire','2012'),(144,'It is happening all across America - rural landowners wake up one day to find a lucrative offer from an energy company wanting to lease their property. The reason? The company hopes to tap into a reservoir dubbed the \"Saudi Arabia of natural gas.\" Suddenly America finds itself on the precipice of becoming an energy superpower. Environment Day screening!','01:47:00','GasLand','tt1558250','GasLand','2010'),(145,'The Zhao family is framed for a treasonous plot by Tu\'an Gu, a nefarious minister. Cheng Ying, a doctor, sacrifices his own son to save the only child of the Zhaos. Set on revenge, he raises the Zhao orphan as his own. Cheng enrolls himself and the orphan in the service of Tu\'an. The day of revenge draws closer...','02:02:00','Sacrifice','tt1726738','Zhao shi gu er','2010'),(146,'A long-gestating project of director Stanley Kubrick, A.I. Artificial Intelligence passed to his friend Steven Spielberg after Kubrick\'s death. Haley Joel Osment stars as David, a robot of the future, when humans depend upon robotic assistance. The first robot designed to experience love, David is the \"son\" of Henry, an employee of the company that built the boy, and the grief-stricken Monica. David is meant to replace the couple\'s hopelessly comatose son, but when their natural child recovers, David is abandoned and sets out to become \"a real boy\" worthy of his mother\'s affection.','02:26:00','A.I. Artificial Intelligence','tt0212720','A.I. Artificial Intelligence','2001'),(147,'Enticed by advertisements for the newly restored Marigold Hotel and bolstered with visions of a life of leisure, a group of British retirees arrive in India to find the palace a shell of its former self. Though less luxurious than imagined, they are forever transformed by their shared experiences, discovering that life and love can begin again when you let go of the past.','02:04:00','The Best Exotic Marigold Hotel','tt1412386','The Best Exotic Marigold Hotel','2011'),(148,'Jonathan has always been happy to leave by himself towards his grandfather as his sister was too little to join him. But this summer Sophie is big enough to do that, unfortunately for Jonathan who is willing to do anything to get rid of his little sister. But as soon as he does that, he gets into trouble as Sophie is kidnapped by a giant bear. Jonathan has to find her before being too late but in order to do that he has to enter the forest...','01:15:00','The Great Bear','tt1381803','The Great Bear','2011'),(149,'Tragedy strikes a family in rural Canada struggling to keep their dairy farm from going under. The man of the family is killed in a freak accident leaving his wife as the sole caregiver looking after their rebellious teenage son who is dealing with his emerging sexuality. The relationship between mother and son is tested again when she seeks comfort in the arms of a stranger who arrives at the farm with questionable intent.','01:51:00','Wetlands','tt1555218','Marécages','2011'),(150,'Graduating year 12 students in formal attire, their parents and teachers, mill around the grounds a hall in the twilight. At first glance, it looks like the normal proceedings of a school formal, but as time goes on, the observation of uncanny moments hint that things may not be exactly as they seem.','00:08:00','At the Formal','tt1998180','At the Formal','2011'),(151,'On the surface, all is calm. In a dark and humid cavern, an abominable ceremony to which grotesque creatures devote themselves is interrupted by the arrival of an intruder.','00:09:00','The Adder\'s Bite','tt1671747','The Adder\'s Bite','2010'),(152,'Considered one of best titles in Claude Lelouch\'s career, Les Uns et les autres follows four families, with different nationalities but with the same passion for music. The various story lines cross each other time and again in different places and times, from Moscow to New York, Berlin and Paris.','02:53:00','Les uns et les autres','tt0083260','Les uns et les autres','1981'),(153,'Actor Malcolm McDowell, the star of A Clockwork Orange, talks about his life and career. The documentary also presents interviews featuring his friends, family, directors and co-stars.','01:26:00','O Lucky Malcolm!','tt0847187','O Lucky Malcolm!','2006'),(154,'A Man\'s Story profiles Ozwald Boateng, his design, his business, his personal life. Charismatic, glamorous, hard-working and very humanly flawed, Boateng’s personal and professional triumphs and set-backs are the fascinating heart of this film which is set against a back-drop of models, movie stars and fabulous locations. Boateng is also fascinating from a sociological perspective. As a black and heterosexual man he breaks the stereotypes of the fashion industry.','01:38:00','A Man\'s Story','tt1409772','A Man\'s Story','2010'),(155,'Breaker of taboos, icon, superstar and avant-gardist - to capture the person, the \"phenomenon\" Charlotte Rampling is a cinematic adventure that can only succeed by being as brave in doing so as she has been throughout her career. Staged in countless films and photographs as the classic \"object of desire\", The Look takes on her perspective, we see the world through her eyes. Far beyond anecdotic trivia or linear biography Rampling fearlessly fathoms the major questions of life with companions such as Peter Lindbergh and Paul Auster.','01:30:00','The Look','tt1922751','The Look','2011'),(156,'Márcia is a single mother with two children. She works as a cook and shares her house in the Lisbon suburbs with her sister, Ivete. One day, Cláudia, her daughter, tells her that she’s fallen in love with an older, married man. On meeting the man in question, Márcia realises that her family is in serious danger.','02:20:00','Blood of My Blood','tt1625155','Sangue do Meu Sangue','2011'),(157,'Michael  is a Midwestern teen determined to forget his past amidst the bright lights and throbbing house music of New York City\'s nightlife. Introduced to the club scene by his new friend James, Michael quickly becomes an event promoter himself, dreaming up bizarrely themed dance parties in such unlikely venues as fast-food restaurants and subway cars. But he orchestrates his own downfall when, stoned on designer drugs, he and accomplice Freez brutally murder their small-time dealer.','01:38:00','Party Monster','tt0320244','Party Monster','2003'),(158,'A beautifully innocent and melancholy love story takes place at the end of China\'s Cultural Revolution, over 30 years ago. Because her mother is branded a \"capitalist\", Jingqiu, a beautiful city girl, is sent to be \"re-educated\" through work in the countryside. She is housed with a group in a small village, where she meets Lao San, a young geologist, and is drawn to his responsible character. The two fall in love...','01:54:00','Under the Hawthorn Tree','tt1554523','Under the Hawthorn Tree','2010'),(159,'\"In the remote north of Iceland in the 1980s, Finnbogi and Alfred spend the summer painting lines on the winding roads that stretch out to the horizon. Soon the barren wilderness becomes a place of adventure, disaster and discovery, as both men find themselves at crossroads in their lives.\"','01:29:00','Either Way','tt2009643','Á annan veg','2011'),(160,'Three guys in their early twenties love wine and women but they are still virgins. Under the guise of a wine tour they embark on a journey to Spain hoping to have their first sexual experience. Nothing will stop them. Not even their handicaps: one is blind, the other is confined to a wheelchair and the third one is completely paralyzed.','01:55:00','Come as You Are','tt1753887','Hasta la Vista!','2011'),(161,'When Claudiu Crulic, a 33-years old Romanian in Poland, was arrested for a crime he didn’t commit, he became a pawn in a Kafkaesque miscarriage of justice and went on a hunger strike to protest his treatment in jail. The real story is by turns chilling and heartbreaking - Crulic himself “narrates” the film posthumously, his words voiced by Vlad Ivanov, star of such Romanian New Wave titles as Police, Adjective and 4 Months, 3 Weeks and 2 Days.','01:13:00','Crulic - The Path to Beyond','tt1996223','Crulic – drumul spre dincolo','2012'),(162,'Alex, in his mid-thirties, is a quite neurotic character. When his mother is hospitalized with a stroke, the caring son\'s life gets out of track. At the hospital he finds himself in a burlesque kind of human zoo full of unexpected characters and surprising events. Trying to manage the situation in between everybody\'s advice, he\'s becoming hypochondriac. While his mother seems to feel perfectly fine Alex is making his own set of mistakes - throughout with best intentions.','01:45:00','Best Intentions','tt1741694','Din dragoste cu cele mai bune intenții','2011'),(163,'A huntress wants to complete her collection of trophies.','00:13:00','The Peacock Eye','tt2004274','L\'oeil du paon','2010'),(164,'Lena is 17 and too shy, and too willing to give the guys what they want. All she wants is love, but the only thing she gets is sex. Until she meets Daan. Daan is cute, funny, sweet - the kind that only pretty girls are allowed to dream of. He suggests that she moves in with him and his dad Tom and Lena says yes. But she finds out then that Daan has been lying to her about what he really does all day and she begins to uncover a strength of character and willpower she never knew she had. She’s going to fight to preserve her paradise, even if it means destroying her own dream...','01:59:00','Lena','tt1642261','Lena','2011'),(165,'An astronaut returns to Earth after a fatal accident on a distant planet. When he discovers he has been the victim of a sinister plot, he decides to take vengeance on those responsible for the death of his family...','00:10:00','Decapoda Shock','tt2016886','Decapoda Shock','2011'),(166,'A man comes home at a time of day he’s never been home before. A time when the light hits it differently, when the humming of the fridge is the only audible sound. It seems to him that he has walked into the house of a stranger, empty and silent at a desolate midday hour. A man comes home and walks into his life at a time he’s never been inside it, observing it with the eyes of the child he once was. And, once again, it is filled with mystery and magical hideouts. The corridors, the passageways, the boiler rooms. A man observes his own life from the outside. But is this life still truly his own?','01:34:00','The Exchange','tt1441368','Hahithalfut','2011'),(167,'A little boy is having dinner with his family and imagines his father, mother and sister as he would like them to be, before coming back to a sad reality.  ','00:09:00','Tommy','tt2066140','Tommy','2011'),(168,'Kathleen travels to Ceausescu\'s Romania for the first time since finding refuge in Ireland as a child escaping the Holocaust. Her traumatic memories and the deceit of her husband with her sister push her over the edge.','01:38:00','Retrace','tt1510942','Vissatérés','2011'),(169,'In the labyrinth of water and reeds that make up Romania’s Danube Delta lies Europe’s largest wetland. A lost paradise and home to a vast diversity of animals and plants. The most recent arrivals are horses, who over 20 years ago were released to roam free. Through the eyes of Ivan, a young village boy, Gone Wild explores the hierarchy, conflicts and triumphs of the now thriving herds.','01:28:00','Gone Wild','','Gone Wild','2012'),(170,'Frank Molesch, convicted of murder, takes advantage of an opportunity to flee. He hides out in a forest. But the isolation and the knowledge he’s being hunted by police change him, and fear starts to get to him. The police use everything they’ve got to try to find him – but it’s a detective on sick leave who gets closest to the truth... One Minute of Darknessis part of the Dreileben project, consisting of three films which will be screened both on their own and in a marathon screening at Transylvania IFF.','01:30:00','Dreileben III: One Minute of Darkness','tt1718775','Dreileben - eine minute dunkel','2011'),(171,'Algiers, the 1920s. Rabbi Sfar lives with his daughter Zlabya, a noisy parrot and a mischievous cat who devours the parrot and starts talking, but only tells lies. The rabbi wants to keep it at bay. But the cat, who is madly in love with Zlabya, will do anything to stay by her side...','01:40:00','The Rabbi\'s Cat','tt1355638','Le Chat du rabbin','2011'),(172,'Bela Tarr, the famous Hungarian director, has produced the anthology film Hungary 2011together with 11 local filmmakers. The film is an outcry in a country where the right wing government is increasingly restricting cultural and film work.','01:15:00','Hungary 2011','tt2255881','Magyarország 2011','2012'),(173,'Chasing Rainbows is a story about the illusion of becoming rich in Romania. In a country where stories of striking it rich are everywhere, anyone thinks such a thing is not only possible, but it’s easily achievable. The storyline follows two destinies: one is of a young couple that could have gotten rich and the other is of a man who, because of his lack of knowledge when it comes to modern technology, gets fooled by e-mail spam.','01:47:00','Chasing Rainbows','tt1872167','Și caii sunt verzi pe pereți','2012'),(174,'A three-part historical documentary that accurately describes – based on testimonials, documents, re-enactments and archive images - the last three days of Elena and Nicolae Ceauşescu, before their execution on Christmas Day in 1989.','01:30:00','Three Days till Christmas (The Last Days in the Life of Elena and Nicolae Ceauşescu)','','Ultimele zile din viaţa Elenei şi a lui Nicolae Ceauşescu','2012'),(175,'Two hitmen wait for their next target in an empty apartment. The hours go by. Little by little, they start losing their patience and their temper. Pretty soon, they may even lose their lives. Killing time can be a deadly affair.','01:39:00','Killing Time','tt2354139','Killing Time','2012'),(176,'Unknown to the world, at the end of 1945, a group of scientists from the Nazi fortress of New Swabia in the Antarctic escaped in space rockets to the dark side of the moon. Here, in complete isolation from the rest of the world in a sublunary military base known as the ‘Black Sun’, a cosmic Nazi Armada of UFOs is being constructed with the intention of subjugating the world’s population. It’s 2018, and mission ‘meteor Blitzkrieg’ begins. The Nazis land in New York - but secret agent Renate has her own plans...','01:33:00','Iron Sky','tt1034314','Iron Sky','2012'),(177,'Marius is a divorced man in his late thirties. His ex-wife, Otilia, remarried with an accountant. Their 5 years old daughter, Sofia, lives with her mother, causing Marius a deep frustration. According to the law, Marius can spend with his daughter only a limited amount of time. The day Marius goes to take his daughter in a short holiday to the seaside, he finds out that his ex-wife is not at home and he is told that his daughter is sick. He doesn’t believe it and tries to take Sofia by force...','01:47:00','Everybody in Our Family','tt2202607','Toată lumea din familia noastră','2012'),(178,'Maja is exchanging kinky messages on her mobile phone from the bathtub while her husband and daughter are impatiently waiting for her to have a family dinner. ','00:15:00','Family Dinner','tt2258347','Middag med familjen','2012'),(179,'Narrated by Tom Cruise, the documentary goes through each one of Stanley Kubrick\'s films and talks to various participants about their memories of working with the director, such as Arthur C. Clarke, Nicole Kidman, Jack Nicholson, Malcolm McDowell and Steven Spielberg.','02:22:00','Stanley Kubrick: A Life in Pictures','tt0278736','Stanley Kubrick: A Life in Pictures','2001'),(180,'Marina, an upper-crust social worker with a doting husband and an enviable downtown apartment, is suddenly transformed into a bizarre twilight version of herself when she is raped by three policemen. When she finally meets the initiator of the dramatic event, she decides to use her professional skills - she is a psychologist - instead of common weapons.','01:45:00','Twilight Portrait','tt2043962','Portret v sumerkakh','2011'),(181,'A temperamental old woman, her Cape Verdean maid and a neighbour devoted to social causes live on the same floor of a Lisbon apartment building. When the old lady dies, the other two learn of an episode from her past: a tale of love and crime set in an Africa straight from the world of adventure films.','01:50:00','Tabu','tt2153963','Tabu','2012'),(182,'Tyrannosaur is the story of Joseph, a man plagued by violence and a rage that is driving him to self-destruction. As Joseph\'s life spirals into turmoil a chance of redemption appears in the form of Hannah, a Christian charity shop worker. Their relationship develops to reveal that Hannah is hiding a secret of her own with devastating results on both of their lives.','01:32:00','Tyrannosaur','tt1204340','Tyrannosaur','2011'),(183,'Somewhere in Palilula tells the story of Serafim, a young doctor assigned on short-term at the hospital in Palilula, a little town lost somewhere on the map of the country, following the death of the previous pediatrician, Pantelică. Serafim gradually adapts to this world of drunkennes, feasting and orgy and ends up, unexpectedly, to belong here.  ','02:25:00','Somewhere in Palilula','tt2332881','Undeva la Palilula','2012'),(184,'After years behind bars, three young men are released from prison. Among them is Alex, a captivating figure who charismatically addresses his past with a disturbingly blasé attitude toward violence, women, and guilt. Offering a rare peek into contemporary Roma culture, the three ex-cons try to reconcile the outside world with the gray-shaded areas of morality with which they struggle.','01:17:00','Turn Off the Lights','tt2294923','Turn Off the Lights','2012'),(185,'The fragmented violence of war seen through the eyes of a General on his deathbed. A mind accustomed to a life on the battlefield surrenders to a stream of consciousness, mixing death, brutality, and finally, one last gesture of hope.','00:11:00','Hope','tt1964780','Hope','2011'),(186,'Alex and Nica are young, in love and engaged to be married. The summer before their wedding, they are backpacking in the Caucasus Mountains in Georgia. The couple hire a local guide to lead them on a camping trek, and the three set off into a stunning wilderness. Walking for hours, they trade anecdotes and play games to pass the time. Until a momentary misstep changes everything...','01:53:00','The Loneliest Planet','tt1695405','The Loneliest Planet','2011'),(187,'HBO Miniseries’ Mildred Pierce brings to life the memorable character introduced in James M. Cain’s classic 1941 novel. The five-part drama offers an intimate portrait of a uniquely independent woman who finds herself newly divorced during the Depression years, as she struggles to carve out a new life for herself and her family. The story explores Mildred’s unreasonable devotion to her daughter, Veda, as well as the complex relationships she shares with the men in her life. Marathon-screening at Transylvania IFF.','05:36:00','Mildred Pierce','tt1492030','Mildred Pierce','2011'),(190,'A nurse, a paramedic, a gymnast and her coach have formed a service for hire. They stand in for dead people by appointment, hired by the relatives, friends or colleagues of the deceased. The company is called Alps. Their leader, the paramedic, calls himself Mont Blanc. Although Alps members operate under a discipline regime demanded by their leader, the nurse does not.','01:33:00','Alps','tt1859446','Alpeis','2011'),(191,'Visiting Room follows the stories of some prisoners found in different prisons across the country, who have found their life partner during their sentence time. Our intention was to talk to the people found in the special situation of being deprived of freedom, to whom love becomes a substitute for freedom and represents maybe their only hope for a better future. (Radu Muntean, Alexandru Baciu)','01:09:00','Visiting Room','tt2140645','Vorbitor','2011'),(192,'One hot July morning, Mihai jumps in the saddle of his trusted friend, Doyle, says goodbye to friends and loved ones, and embarks himself on the longest journey. He thought about going when he heard someone mentioning Mongolia in a phone conversation with a friend. In four months, if good God shows him grace, go all the way to Mongolia and back, around 26,000 kilometres.','02:53:00','A Dream\'s Merchant','','Un gând, un vis, Doyle... și-un pix','2012'),(193,'The story of father Ksawery Knotz, a charismatic Catholic monk, family counsellor, author of bestselling books, and speaker during retreats for couples - many on sex. Some of Polish catholics practice religion in a very dogmatic way and their lives are organized in accordance with religious practices and so they try to combine their sexuality and teaching of the Church.','00:51:00','And God Created Sex','','I bóg stworzł seks','2011'),(194,'The movie is an adaptation from the works of Ion Agârbiceanu, with action set in the vicinity of the gold mines in the Apuseni mountains, at the beginning of the 20th century. Two stories are being unfold, one of a widow who’s working hard in a desperate attempt to save her dying daughter, and the other of two wanderer singers who kidnap a bride from her wedding. Special screening for the film\'s 40th anniversary!','01:30:00','Stone wedding','tt0069033','Nunta de piatră','1972'),(195,'1992, the small town of Muscel, Romania. The state-owned ARO car factory has just gone bankrupt and will be privatized in a week. The buyer is a French company who announces to the workers that they will convert the plant into a... snail cannery. George, the union leader, desperately looking for a solution, has a crazy idea.','01:30:00','Of Snails and Men','tt2078586','Despre oameni și melci','2012'),(196,'Victor gets to Paris to join his family around their seriously ill father, Max. As the chance of selling the family business begins to cause trouble, Victor is desperately asked for help by Max. What seems in the beginning mere delusions of an old man begins to show traces of some sort of secret that is troubling Max\'s last days... Tribute screening for Geraldine Chaplin!','02:05:00','The City of No Limits','tt0311072','En la ciudad sin limites','2002'),(199,'Yaron is one of an elite group of police officers working in an anti-terrorist unit in the Israeli police force. He and his fellow officers are the ultimate defence against the \"Arab enemy\". Yaron loves the unit and its male camaraderie. He also loves his wife, who is soon to give birth. His encounter with a radical, violent group turns his life upside down, confronting him not only with the Israeli class war but also his own inner conflicts.','01:45:00','Policeman','tt1978447','Ha-shoter','2011'),(200,'A cinematic triptych on prostitution: three countries, three languages, three religions. Thailand, Bangladesh and Mexico. In worlds where the most intimate act has become a commodity, these women have physically and emotionally experienced everything that can happen between a man and a woman. For this they have always received money, but it has not made their lives rich in anything but stories. ','01:50:00','Whores\' Glory','tt1327628','Whores\' Glory','2011'),(201,'Legendary seventy’s French rock critic Yves Adrien becomes an obsession of a young counterculture group. Music from yesterday and today pave a revolutionary road through the generational collision.','01:37:00','Kids of Today','tt1954379','Des jeunes gens modernes','2011'),(202,'Joshua Tree, 1951 is an intimate portrait of James Dean on the cusp of achieving notoriety as both a great actor and an American icon. Set primarily in the early 1950s and focusing on Dean\'s experiences as an up-and-coming actor in Los Angeles, the film is a series of revealing vignettes that blend biographical and fictionalized elements to present a pivotal moment in a remarkable life.','01:33:00','Joshua Tree, 1951: A Portrait of James Dean','tt1705113','Joshua Tree, 1951: A Portrait of James Dean','2011'),(203,'Biopic about the life and career of the famous Romanian painter Ştefan Luchian. Special screening in honour of Ion Caramitru, winner of the Excellency Award of the 11th edition of the Transylvania International Film Festival.','01:40:00','Ștefan Luchian','tt0137219','Ștefan Luchian','1981'),(204,'Four cities, former pillars of the socialist industrial Golden Era; one labour day of some women in today’s Capitalist Romania.','01:13:00','8th of March','','8 martie','2012'),(205,'Five close friends, five different characters: Claude, who has always loved women; Annie and Jean, the unlikely couple, he a political activist, she bourgeois and conventional; and Jeanne and Albert, the feminist and the bon vivant. Five longtime friends, five different problems with growing old: Claude’s heart has now grown far weaker than his flaming passion; Jean is denied his humanitarian commitment because his insurance company doesn’t want to take the risk; Annie wants to win back her grandchildren with an expensive garden pool; Jeanne conceals a serious illness; and Albert doesn’t notice that his memory is playing tricks on him. Their solution: moving in together!','01:36:00','And If We All Lived Together','tt1674057','Et si on vivait tous ensemble?','2011'),(206,'At 42, David lives the life of an irresponsible adolescent. He coasts through life with minimal effort and maintains a complicated relationship with Valerie, a young policewoman. Just as she tells him she\'s pregnant, David\'s past resurfaces. Twenty years earlier, he began providing sperm to a fertility clinic in exchange for money. He discovers he\'s the father of 533 children, 142 of whom have filed a class action lawsuit to determine the identity of their biological father, known only by the pseudonym Starbuck. What will David do?','01:43:00','Starbuck','tt1756750','Starbuck','2011'),(207,'Aldea, a tabloid photographer, follows a soap opera star. Seen through the camera lens, Liza seems to be more than just a beautiful woman on TV. She has something that moves the man stalking her from a distance and this makes him face his conscience.  ','00:14:00','Reflex','tt2149113','Reflex','2011'),(208,'It\'s December 31st. In Sink, they are planning the New Year\'s Eve Party. At home, the guests are planning a new start, another end or they are thinking about the same dreams that may come true... next year.','00:37:00','Sink','','Sink','2011'),(209,'A man lying on the sidewalk: a curiosity, an easy prey or a reason of compassion?','00:15:00','Vă e rău?','','Vă e rău?','2011'),(210,'A side-show ringmaster presents a captive mermaid, and underestimates her terrifying power.','00:07:00','The Little Mermaid','tt2062673','The Little Mermaid','2011'),(211,'A distinctive dystopian vision where humans utterly depend on bio-mechanical alteration to withstand the deteriorating climate.','00:15:00','The 3rd Letter','tt1565060','The 3rd Letter','2010'),(212,'Years after an incident of apocalyptic proportions a scientist is dropped at one of the many doomed cities to a do check of the current status. Shortly after, he lost all contact. After many years he receive a rescue signal and has to go on a dangerous trip through the city to reach the rescue team.','00:09:00','Abandoned','tt1828944','Abandoned','2011');
/*!40000 ALTER TABLE `movie` ENABLE KEYS */;
UNLOCK TABLES;

--
-- Table structure for table `movie_actor`
--

DROP TABLE IF EXISTS `movie_actor`;
/*!40101 SET @saved_cs_client     = @@character_set_client */;
/*!40101 SET character_set_client = utf8 */;
CREATE TABLE `movie_actor` (
  `movie_id` bigint(20) NOT NULL,
  `actor_id` bigint(20) NOT NULL,
  KEY `FKCA96282635B61A9F` (`actor_id`),
  KEY `FKCA962826F686E375` (`movie_id`),
  CONSTRAINT `FKCA96282635B61A9F` FOREIGN KEY (`actor_id`) REFERENCES `person` (`id`),
  CONSTRAINT `FKCA962826F686E375` FOREIGN KEY (`movie_id`) REFERENCES `movie` (`id`)
) ENGINE=InnoDB DEFAULT CHARSET=utf8;
/*!40101 SET character_set_client = @saved_cs_client */;

--
-- Dumping data for table `movie_actor`
--

LOCK TABLES `movie_actor` WRITE;
/*!40000 ALTER TABLE `movie_actor` DISABLE KEYS */;
INSERT INTO `movie_actor` VALUES (2,2),(2,3),(3,5),(3,6),(4,8),(4,9),(4,10),(5,12),(5,13),(6,17),(6,18),(7,20),(7,21),(7,22),(7,23),(8,25),(8,26),(8,27),(9,29),(9,30),(9,31),(10,33),(11,35),(12,37),(12,38),(12,39),(13,41),(13,42),(14,44),(14,45),(14,46),(15,48),(15,49),(16,51),(17,53),(17,54),(19,57),(19,58),(19,59),(20,61),(20,62),(20,63),(20,64),(21,66),(21,67),(21,68),(21,69),(22,71),(22,72),(23,74),(23,75),(24,77),(24,78),(24,79),(26,81),(26,82),(26,83),(29,87),(29,88),(29,89),(30,91),(30,92),(30,93),(34,98),(34,99),(34,100),(34,101),(34,102),(34,103),(35,105),(35,106),(35,107),(36,109),(36,110),(36,111),(36,112),(37,114),(37,115),(37,116),(37,117),(37,118),(38,120),(39,122),(39,123),(39,124),(39,125),(40,62),(40,127),(40,128),(40,129),(41,130),(41,131),(41,132),(41,133),(42,135),(42,136),(42,137),(42,138),(43,139),(43,140),(44,141),(44,142),(45,144),(45,145),(46,147),(46,148),(46,149),(48,151),(48,152),(48,153),(50,157),(50,158),(51,161),(51,162),(51,163),(53,167),(53,168),(53,169),(54,171),(54,172),(55,174),(55,175),(56,177),(57,179),(57,180),(57,181),(58,183),(58,184),(59,186),(59,187),(60,189),(60,190),(60,191),(60,192),(61,194),(61,195),(62,197),(62,198),(62,199),(63,201),(63,202),(63,203),(63,204),(64,206),(64,207),(64,208),(65,210),(65,211),(66,213),(66,214),(66,215),(67,217),(67,218),(69,220),(69,221),(70,223),(70,224),(71,226),(72,229),(72,230),(72,231),(73,234),(74,235),(77,238),(77,239),(77,240),(79,243),(79,244),(79,245),(80,247),(81,249),(81,250),(82,252),(82,253),(83,255),(83,256),(83,257),(83,258),(83,259),(85,261),(85,262),(85,263),(86,265),(86,266),(87,268),(87,269),(87,270),(87,271),(88,273),(88,274),(88,275),(90,278),(90,279),(90,280),(92,283),(93,285),(93,286),(94,288),(94,289),(95,291),(95,292),(95,293),(95,294),(96,296),(96,297),(97,299),(97,300),(97,301),(98,303),(98,304),(98,305),(98,306),(99,308),(99,309),(100,310),(100,311),(100,312),(101,314),(101,315),(102,317),(102,318),(103,320),(103,321),(103,322),(104,324),(104,325),(104,326),(105,328),(105,329),(105,330),(106,332),(106,333),(106,334),(106,335),(107,337),(107,338),(107,339),(108,342),(108,343),(108,344),(110,346),(110,347),(110,348),(110,349),(111,351),(111,352),(111,353),(111,354),(112,356),(112,357),(112,358),(114,361),(115,363),(116,365),(116,366),(117,367),(117,368),(117,369),(117,370),(119,374),(119,375),(121,378),(121,379),(122,381),(122,382),(122,383),(124,66),(124,67),(124,68),(124,69),(125,387),(125,388),(126,227),(126,390),(126,391),(127,393),(127,394),(127,395),(127,396),(128,398),(128,399),(129,401),(129,402),(131,405),(131,406),(132,408),(132,409),(133,411),(133,412),(133,413),(137,416),(137,417),(137,418),(137,419),(138,421),(138,422),(138,423),(139,425),(139,426),(140,427),(140,428),(141,430),(142,229),(142,433),(142,434),(142,435),(142,436),(145,440),(145,441),(145,442),(146,444),(146,445),(147,447),(147,448),(147,449),(149,452),(149,453),(149,454),(149,455),(150,457),(150,458),(151,460),(151,461),(152,463),(152,464),(152,465),(153,466),(153,467),(153,468),(154,470),(154,471),(154,472),(155,474),(155,475),(156,477),(156,478),(157,480),(157,481),(157,482),(158,485),(158,486),(158,487),(159,489),(160,491),(160,492),(160,493),(161,495),(161,496),(162,152),(162,293),(162,498),(164,500),(164,501),(164,502),(164,503),(165,505),(165,506),(166,508),(166,509),(166,510),(167,512),(167,513),(170,517),(170,518),(170,519),(171,521),(171,522),(173,536),(173,537),(173,538),(174,540),(174,541),(174,542),(175,544),(175,545),(175,546),(175,547),(176,549),(176,550),(176,551),(177,553),(177,554),(177,555),(178,557),(178,558),(178,559),(179,60),(179,561),(179,562),(180,563),(180,564),(180,565),(181,567),(181,568),(181,569),(181,570),(182,572),(182,573),(182,574),(183,576),(183,577),(183,578),(183,579),(186,583),(186,584),(190,587),(190,588),(190,589),(194,595),(194,596),(194,597),(195,599),(195,600),(195,133),(199,602),(199,603),(199,604),(199,605),(199,606),(202,610),(202,611),(202,612),(203,614),(203,615),(203,616),(205,619),(205,620),(205,465),(205,621),(205,622),(206,624),(206,625),(206,626),(207,283),(207,628),(207,629),(208,631),(208,632),(208,633),(44,233),(210,635),(211,637);
/*!40000 ALTER TABLE `movie_actor` ENABLE KEYS */;
UNLOCK TABLES;

--
-- Table structure for table `movie_country`
--

DROP TABLE IF EXISTS `movie_country`;
/*!40101 SET @saved_cs_client     = @@character_set_client */;
/*!40101 SET character_set_client = utf8 */;
CREATE TABLE `movie_country` (
  `movie_id` bigint(20) NOT NULL,
  `country_id` bigint(20) NOT NULL,
  KEY `FKFC010D87F686E375` (`movie_id`),
  KEY `FKFC010D878FBD3EF5` (`country_id`),
  CONSTRAINT `FKFC010D878FBD3EF5` FOREIGN KEY (`country_id`) REFERENCES `country` (`id`),
  CONSTRAINT `FKFC010D87F686E375` FOREIGN KEY (`movie_id`) REFERENCES `movie` (`id`)
) ENGINE=InnoDB DEFAULT CHARSET=utf8;
/*!40101 SET character_set_client = @saved_cs_client */;

--
-- Dumping data for table `movie_country`
--

LOCK TABLES `movie_country` WRITE;
/*!40000 ALTER TABLE `movie_country` DISABLE KEYS */;
INSERT INTO `movie_country` VALUES (1,1),(2,2),(3,3),(4,4),(5,1),(5,5),(6,6),(7,7),(8,8),(9,8),(9,9),(10,10),(10,11),(10,1),(11,12),(12,13),(13,13),(14,14),(14,15),(14,16),(14,17),(15,18),(16,11),(17,6),(17,19),(17,20),(18,21),(18,12),(18,22),(19,21),(20,13),(21,36),(22,25),(22,26),(23,27),(24,12),(25,9),(25,19),(25,1),(26,12),(26,21),(27,2),(28,27),(29,21),(30,16),(31,19),(32,19),(32,32),(33,15),(34,21),(35,2),(36,2),(37,19),(37,27),(38,34),(39,2),(40,13),(41,35),(41,8),(41,1),(42,12),(42,21),(43,21),(44,12),(44,21),(45,36),(46,21),(47,8),(48,8),(49,8),(50,8),(51,8),(52,21),(52,37),(53,6),(54,26),(54,1),(55,36),(56,38),(57,13),(57,20),(58,39),(59,40),(60,16),(60,19),(61,19),(62,1),(62,20),(62,41),(63,20),(63,13),(63,17),(64,13),(65,19),(66,6),(67,12),(67,21),(68,21),(68,1),(69,42),(69,10),(69,25),(69,26),(70,16),(70,19),(71,19),(71,35),(72,7),(73,13),(74,4),(75,21),(76,21),(77,36),(78,18),(79,7),(80,4),(81,15),(81,14),(82,1),(83,38),(84,21),(85,21),(86,4),(87,1),(87,5),(88,2),(89,19),(90,8),(91,8),(92,8),(93,8),(94,8),(95,8),(96,2),(97,21),(98,13),(99,21),(100,1),(100,35),(101,17),(102,13),(103,19),(104,1),(105,1),(106,44),(106,12),(106,38),(107,16),(108,1),(109,9),(110,46),(110,19),(110,9),(110,47),(110,48),(111,21),(112,6),(112,19),(113,42),(113,51),(113,21),(114,13),(115,21),(116,12),(116,21),(117,46),(118,13),(118,21),(118,12),(118,32),(119,12),(120,19),(121,1),(121,54),(121,19),(122,5),(122,1),(122,35),(123,8),(124,36),(125,26),(126,40),(126,55),(127,16),(128,1),(129,22),(130,4),(131,21),(132,6),(133,19),(134,12),(134,21),(135,12),(135,21),(136,55),(137,21),(138,2),(139,12),(139,21),(140,56),(140,1),(141,55),(142,7),(143,38),(143,1),(144,21),(145,7),(146,21),(147,12),(148,13),(149,38),(150,2),(151,38),(152,1),(153,12),(154,12),(155,19),(155,1),(156,57),(157,21),(157,55),(158,7),(159,44),(160,5),(161,8),(161,54),(162,8),(162,9),(163,5),(164,55),(164,5),(165,26),(166,59),(166,19),(167,1),(168,9),(168,8),(168,20),(169,8),(170,19),(171,1),(171,16),(172,9),(173,8),(174,8),(175,8),(176,17),(176,19),(176,2),(177,8),(177,55),(178,20),(179,21),(180,61),(181,57),(181,19),(181,62),(181,1),(182,12),(183,8),(184,8),(185,26),(186,21),(186,19),(187,21),(190,63),(191,8),(192,8),(193,54),(194,8),(195,8),(195,1),(196,26),(196,25),(199,59),(200,19),(200,16),(201,1),(202,21),(203,8),(204,8),(205,1),(205,19),(206,38),(207,8),(208,8),(209,8),(118,61),(118,34),(118,19),(118,36),(210,38),(211,21),(212,21),(212,11);
/*!40000 ALTER TABLE `movie_country` ENABLE KEYS */;
UNLOCK TABLES;

--
-- Table structure for table `movie_director`
--

DROP TABLE IF EXISTS `movie_director`;
/*!40101 SET @saved_cs_client     = @@character_set_client */;
/*!40101 SET character_set_client = utf8 */;
CREATE TABLE `movie_director` (
  `movie_id` bigint(20) NOT NULL,
  `director_id` bigint(20) NOT NULL,
  KEY `FKA8F75BBB372975A8` (`director_id`),
  KEY `FKA8F75BBBF686E375` (`movie_id`),
  CONSTRAINT `FKA8F75BBB372975A8` FOREIGN KEY (`director_id`) REFERENCES `person` (`id`),
  CONSTRAINT `FKA8F75BBBF686E375` FOREIGN KEY (`movie_id`) REFERENCES `movie` (`id`)
) ENGINE=InnoDB DEFAULT CHARSET=utf8;
/*!40101 SET character_set_client = @saved_cs_client */;

--
-- Dumping data for table `movie_director`
--

LOCK TABLES `movie_director` WRITE;
/*!40000 ALTER TABLE `movie_director` DISABLE KEYS */;
INSERT INTO `movie_director` VALUES (1,1),(2,4),(3,7),(4,11),(5,14),(5,15),(5,16),(6,19),(7,24),(8,28),(9,32),(10,34),(11,36),(12,40),(13,43),(14,47),(15,50),(16,52),(17,55),(18,56),(19,60),(20,65),(21,70),(22,73),(23,76),(24,60),(25,80),(26,60),(27,84),(28,85),(28,86),(29,90),(30,94),(31,95),(32,96),(33,97),(34,104),(35,108),(36,113),(37,119),(38,121),(39,126),(40,65),(41,134),(42,60),(43,60),(44,143),(45,146),(46,60),(47,150),(48,154),(48,155),(48,156),(49,157),(50,159),(50,160),(51,164),(52,165),(52,166),(53,170),(54,173),(55,176),(56,178),(57,182),(58,185),(59,188),(60,193),(61,196),(62,200),(63,205),(64,209),(65,212),(66,216),(67,60),(68,219),(69,222),(70,225),(71,227),(71,228),(72,232),(73,234),(74,236),(75,237),(76,88),(77,66),(78,241),(78,242),(79,246),(80,248),(81,251),(82,254),(83,260),(84,88),(85,264),(86,267),(87,272),(88,276),(89,277),(90,281),(91,282),(92,284),(93,287),(94,290),(95,295),(96,298),(97,302),(98,307),(99,60),(100,313),(101,316),(102,319),(103,323),(104,327),(105,331),(106,336),(107,340),(107,341),(108,328),(109,345),(110,350),(111,355),(112,359),(113,360),(114,362),(115,364),(116,60),(117,371),(118,372),(118,373),(119,376),(120,377),(121,380),(122,384),(122,385),(123,386),(124,66),(125,389),(126,392),(127,397),(128,400),(129,403),(130,404),(131,407),(132,410),(133,414),(134,60),(135,60),(136,415),(137,420),(138,424),(139,60),(140,429),(141,431),(141,432),(142,437),(143,438),(144,439),(145,443),(146,446),(147,450),(148,451),(149,456),(150,459),(151,462),(152,328),(153,469),(154,473),(155,476),(156,479),(157,483),(157,484),(158,488),(159,490),(160,494),(161,497),(162,295),(163,499),(164,504),(165,507),(166,511),(167,514),(168,515),(169,516),(170,520),(171,523),(171,524),(172,525),(172,526),(172,527),(172,528),(172,529),(172,530),(172,531),(172,532),(172,533),(172,534),(172,535),(173,539),(174,543),(175,548),(176,552),(177,556),(178,560),(179,469),(180,566),(181,571),(182,575),(183,580),(184,581),(185,582),(186,585),(187,586),(190,590),(191,591),(191,592),(192,593),(193,594),(194,598),(195,150),(196,601),(199,607),(200,608),(201,609),(202,613),(203,617),(204,618),(205,623),(206,627),(207,630),(208,154),(209,634),(210,636),(211,638),(212,639);
/*!40000 ALTER TABLE `movie_director` ENABLE KEYS */;
UNLOCK TABLES;

--
-- Table structure for table `moviebundle`
--

DROP TABLE IF EXISTS `moviebundle`;
/*!40101 SET @saved_cs_client     = @@character_set_client */;
/*!40101 SET character_set_client = utf8 */;
CREATE TABLE `moviebundle` (
  `id` bigint(20) NOT NULL AUTO_INCREMENT,
  `englishTitle` varchar(255) DEFAULT NULL,
  `originalTitle` varchar(255) DEFAULT NULL,
  PRIMARY KEY (`id`)
) ENGINE=InnoDB AUTO_INCREMENT=200 DEFAULT CHARSET=utf8;
/*!40101 SET character_set_client = @saved_cs_client */;

--
-- Dumping data for table `moviebundle`
--

LOCK TABLES `moviebundle` WRITE;
/*!40000 ALTER TABLE `moviebundle` DISABLE KEYS */;
INSERT INTO `moviebundle` VALUES (1,NULL,NULL),(2,NULL,NULL),(3,NULL,NULL),(4,NULL,NULL),(5,NULL,NULL),(6,NULL,NULL),(7,NULL,NULL),(8,'RoDays Shorts - Part 1','Scurtmetraje ZFR - Partea 1'),(9,NULL,NULL),(10,NULL,NULL),(11,NULL,NULL),(12,NULL,NULL),(13,NULL,NULL),(14,NULL,NULL),(15,NULL,NULL),(16,NULL,NULL),(17,NULL,NULL),(18,NULL,NULL),(19,NULL,NULL),(20,NULL,NULL),(21,NULL,NULL),(22,NULL,NULL),(23,NULL,NULL),(24,NULL,NULL),(25,NULL,NULL),(26,NULL,NULL),(27,NULL,NULL),(28,NULL,NULL),(29,NULL,NULL),(30,NULL,NULL),(31,NULL,NULL),(32,NULL,NULL),(33,NULL,NULL),(34,NULL,NULL),(35,NULL,NULL),(36,NULL,NULL),(37,NULL,NULL),(38,NULL,NULL),(39,NULL,NULL),(40,NULL,NULL),(41,NULL,NULL),(42,NULL,NULL),(43,NULL,NULL),(44,NULL,NULL),(45,NULL,NULL),(46,'RoDays Shorts - Part 2','Scurtmetraje ZFR - Partea 2'),(47,NULL,NULL),(48,'Oslo, August 31st','Oslo, 31. august'),(49,NULL,NULL),(50,'End of the Night','Yoru ga owaru basho'),(52,NULL,NULL),(53,NULL,NULL),(54,NULL,NULL),(55,NULL,NULL),(56,NULL,NULL),(57,NULL,NULL),(58,NULL,NULL),(59,NULL,NULL),(60,NULL,NULL),(61,NULL,NULL),(62,NULL,NULL),(63,NULL,NULL),(64,NULL,NULL),(65,NULL,NULL),(66,NULL,NULL),(67,NULL,NULL),(68,NULL,NULL),(69,NULL,NULL),(70,NULL,NULL),(71,NULL,NULL),(72,NULL,NULL),(73,NULL,NULL),(74,NULL,NULL),(75,NULL,NULL),(76,NULL,NULL),(77,NULL,NULL),(78,NULL,NULL),(79,NULL,NULL),(80,NULL,NULL),(81,NULL,NULL),(82,NULL,NULL),(83,NULL,NULL),(84,NULL,NULL),(85,'RoDays Shorts - Part 3','Scurtmetraje ZFR - Partea 3'),(86,NULL,NULL),(87,NULL,NULL),(88,'Teddy Bear','Teddy Bear'),(89,NULL,NULL),(90,NULL,NULL),(91,NULL,NULL),(92,NULL,NULL),(93,NULL,NULL),(94,NULL,NULL),(95,NULL,NULL),(96,NULL,NULL),(97,NULL,NULL),(98,NULL,NULL),(99,NULL,NULL),(100,NULL,NULL),(101,NULL,NULL),(102,NULL,NULL),(103,NULL,NULL),(104,NULL,NULL),(105,NULL,NULL),(106,NULL,NULL),(107,'Klip','Klip'),(108,NULL,NULL),(109,NULL,NULL),(110,NULL,NULL),(111,NULL,NULL),(112,NULL,NULL),(113,NULL,NULL),(114,NULL,NULL),(116,'Thursday Till Sunday','De jueves a domingo'),(117,'Kuma','Kuma'),(119,NULL,NULL),(120,NULL,NULL),(121,NULL,NULL),(122,NULL,NULL),(123,NULL,NULL),(124,NULL,NULL),(125,NULL,NULL),(126,NULL,NULL),(127,NULL,NULL),(128,NULL,NULL),(129,NULL,NULL),(130,NULL,NULL),(131,NULL,NULL),(132,NULL,NULL),(133,NULL,NULL),(134,NULL,NULL),(135,NULL,NULL),(136,NULL,NULL),(137,NULL,NULL),(138,NULL,NULL),(139,'Wetlands','Marécages'),(140,'Oslo, August 31st','Oslo, 31. august'),(142,NULL,NULL),(143,NULL,NULL),(144,NULL,NULL),(145,NULL,NULL),(146,NULL,NULL),(147,NULL,NULL),(148,NULL,NULL),(149,NULL,NULL),(150,NULL,NULL),(151,NULL,NULL),(152,NULL,NULL),(154,'Lena','Lena'),(156,'The Exchange','Hahithalfut'),(158,NULL,NULL),(159,NULL,NULL),(160,NULL,NULL),(161,NULL,NULL),(162,NULL,NULL),(163,NULL,NULL),(164,NULL,NULL),(165,NULL,NULL),(166,NULL,NULL),(167,'Everybody in Our Family','Toată lumea din familia noastră'),(169,NULL,NULL),(170,NULL,NULL),(171,NULL,NULL),(172,NULL,NULL),(173,NULL,NULL),(174,NULL,NULL),(176,'The Loneliest Planet','The Loneliest Planet'),(177,NULL,NULL),(178,'Shadows Shorts - Part 1','Scurtmetraje Umbre - Partea 1'),(179,'Shadows Shorts - Part 2','Scurtmetraje Umbre - Partea 2'),(180,NULL,NULL),(181,NULL,NULL),(182,NULL,NULL),(183,NULL,NULL),(184,NULL,NULL),(185,NULL,NULL),(186,NULL,NULL),(189,NULL,NULL),(190,NULL,NULL),(191,NULL,NULL),(192,NULL,NULL),(193,NULL,NULL),(194,NULL,NULL),(195,NULL,NULL),(196,NULL,NULL),(198,'Thursday Till Sunday','De jueves a domingo');
/*!40000 ALTER TABLE `moviebundle` ENABLE KEYS */;
UNLOCK TABLES;

--
-- Table structure for table `moviebundle_constraint`
--

DROP TABLE IF EXISTS `moviebundle_constraint`;
/*!40101 SET @saved_cs_client     = @@character_set_client */;
/*!40101 SET character_set_client = utf8 */;
CREATE TABLE `moviebundle_constraint` (
  `movieBundle_id` bigint(20) NOT NULL DEFAULT '0',
  `userSchedule_id` bigint(20) NOT NULL DEFAULT '0',
  `priority` smallint(6) DEFAULT NULL,
  PRIMARY KEY (`movieBundle_id`,`userSchedule_id`),
  KEY `FK17CA3C8A470685B2` (`movieBundle_id`),
  KEY `FK17CA3C8A5E586A7F` (`userSchedule_id`),
  CONSTRAINT `FK17CA3C8A470685B2` FOREIGN KEY (`movieBundle_id`) REFERENCES `moviebundle_festivaledition_section` (`id`),
  CONSTRAINT `FK17CA3C8A5E586A7F` FOREIGN KEY (`userSchedule_id`) REFERENCES `userschedule` (`id`)
) ENGINE=InnoDB DEFAULT CHARSET=utf8;
/*!40101 SET character_set_client = @saved_cs_client */;

--
-- Dumping data for table `moviebundle_constraint`
--

LOCK TABLES `moviebundle_constraint` WRITE;
/*!40000 ALTER TABLE `moviebundle_constraint` DISABLE KEYS */;
/*!40000 ALTER TABLE `moviebundle_constraint` ENABLE KEYS */;
UNLOCK TABLES;

--
-- Table structure for table `moviebundle_festivaledition_section`
--

DROP TABLE IF EXISTS `moviebundle_festivaledition_section`;
/*!40101 SET @saved_cs_client     = @@character_set_client */;
/*!40101 SET character_set_client = utf8 */;
CREATE TABLE `moviebundle_festivaledition_section` (
  `id` bigint(20) NOT NULL,
  `festivalEdition_id` bigint(20) DEFAULT NULL,
  `movieBundle_id` bigint(20) DEFAULT NULL,
  `section_id` bigint(20) DEFAULT NULL,
  PRIMARY KEY (`id`),
  KEY `FK80A07F5FA22D7015` (`movieBundle_id`),
  KEY `FK80A07F5FC50BBBED` (`festivalEdition_id`,`section_id`),
  CONSTRAINT `FK80A07F5FA22D7015` FOREIGN KEY (`movieBundle_id`) REFERENCES `moviebundle` (`id`),
  CONSTRAINT `FK80A07F5FC50BBBED` FOREIGN KEY (`festivalEdition_id`, `section_id`) REFERENCES `festivaledition_section` (`festivalEdition_id`, `section_id`)
) ENGINE=InnoDB DEFAULT CHARSET=utf8;
/*!40101 SET character_set_client = @saved_cs_client */;

--
-- Dumping data for table `moviebundle_festivaledition_section`
--

LOCK TABLES `moviebundle_festivaledition_section` WRITE;
/*!40000 ALTER TABLE `moviebundle_festivaledition_section` DISABLE KEYS */;
INSERT INTO `moviebundle_festivaledition_section` VALUES (1,1,1,1),(2,1,2,2),(3,1,3,3),(4,1,4,3),(5,1,5,3),(6,1,6,4),(7,1,7,5),(8,1,8,6),(9,1,9,3),(10,1,10,3),(11,1,11,7),(12,1,12,7),(13,1,13,8),(14,1,14,9),(15,1,15,4),(16,1,16,4),(17,1,17,8),(18,1,18,10),(19,1,19,11),(20,1,20,12),(21,1,21,3),(22,1,22,4),(23,1,23,10),(24,1,24,13),(25,1,25,10),(26,1,26,4),(27,1,27,8),(28,1,28,14),(29,1,29,9),(30,1,30,8),(31,1,31,8),(32,1,32,15),(33,1,33,4),(34,1,34,2),(35,1,35,2),(36,1,36,1),(37,1,37,3),(38,1,38,2),(39,1,39,11),(40,1,40,9),(41,1,41,10),(42,1,42,10),(43,1,43,8),(44,1,44,9),(45,1,45,10),(46,1,46,6),(47,1,47,16),(48,1,48,17),(49,1,49,16),(50,1,50,17),(52,1,52,9),(53,1,53,8),(54,1,54,16),(55,1,55,9),(56,1,56,4),(57,1,57,3),(58,1,58,3),(59,1,59,11),(60,1,60,14),(61,1,61,3),(62,1,62,10),(63,1,63,8),(64,1,64,9),(65,1,65,8),(66,1,66,8),(67,1,67,5),(68,1,68,7),(69,1,69,4),(70,1,70,19),(71,1,71,20),(72,1,72,12),(73,1,73,3),(74,1,74,5),(75,1,75,4),(76,1,76,3),(77,1,77,3),(78,1,78,3),(79,1,79,3),(80,1,80,16),(81,1,81,4),(82,1,82,3),(83,1,83,2),(84,1,84,1),(85,1,85,6),(86,1,86,2),(87,1,87,16),(88,1,88,17),(89,1,89,10),(90,1,90,14),(91,1,91,3),(92,1,92,7),(93,1,93,3),(94,1,94,16),(95,1,95,21),(96,1,96,14),(97,1,97,14),(98,1,98,21),(99,1,99,15),(100,1,100,20),(101,1,101,3),(102,1,102,20),(103,1,103,8),(104,1,104,7),(105,1,105,19),(106,1,106,10),(107,1,107,17),(108,1,108,7),(109,1,109,9),(110,1,110,8),(111,1,111,3),(112,1,112,1),(113,1,113,22),(114,1,114,12),(116,1,116,17),(117,1,117,17),(119,1,119,16),(120,1,120,16),(121,1,121,4),(122,1,122,9),(123,1,123,14),(124,1,124,10),(125,1,125,10),(126,1,126,11),(127,1,127,4),(128,1,128,2),(129,1,129,20),(130,1,130,16),(131,1,131,8),(132,1,132,5),(133,1,133,9),(134,1,134,23),(135,1,135,5),(136,1,136,10),(137,1,137,3),(138,1,138,1),(139,1,139,17),(140,1,140,17),(142,1,142,21),(143,1,143,10),(144,1,144,8),(145,1,145,8),(146,1,146,3),(147,1,147,19),(148,1,148,5),(149,1,149,17),(150,1,150,20),(151,1,151,22),(152,1,152,22),(154,1,154,17),(156,1,156,17),(158,1,158,13),(159,1,159,14),(160,1,160,14),(161,1,161,16),(162,1,162,13),(163,1,163,22),(164,1,164,22),(165,1,165,22),(166,1,166,20),(167,1,167,22),(169,1,169,10),(170,1,170,9),(171,1,171,3),(172,1,172,16),(173,1,173,22),(174,1,174,22),(176,1,176,17),(177,1,177,15),(178,1,178,18),(179,1,179,18),(180,1,180,9),(181,1,181,15),(182,1,182,22),(183,1,183,15),(184,1,184,14),(185,1,185,22),(186,1,186,14),(189,1,189,3),(190,1,190,9),(191,1,191,9),(192,1,192,9),(193,1,193,14),(194,1,194,22),(195,1,195,20),(196,1,196,24),(198,1,198,19);
/*!40000 ALTER TABLE `moviebundle_festivaledition_section` ENABLE KEYS */;
UNLOCK TABLES;

--
-- Table structure for table `moviebundle_movie`
--

DROP TABLE IF EXISTS `moviebundle_movie`;
/*!40101 SET @saved_cs_client     = @@character_set_client */;
/*!40101 SET character_set_client = utf8 */;
CREATE TABLE `moviebundle_movie` (
  `movieBundle_id` bigint(20) NOT NULL,
  `movie_id` bigint(20) NOT NULL,
  KEY `FK8A54E063F686E375` (`movie_id`),
  KEY `FK8A54E063A22D7015` (`movieBundle_id`),
  CONSTRAINT `FK8A54E063A22D7015` FOREIGN KEY (`movieBundle_id`) REFERENCES `moviebundle` (`id`),
  CONSTRAINT `FK8A54E063F686E375` FOREIGN KEY (`movie_id`) REFERENCES `movie` (`id`)
) ENGINE=InnoDB DEFAULT CHARSET=utf8;
/*!40101 SET character_set_client = @saved_cs_client */;

--
-- Dumping data for table `moviebundle_movie`
--

LOCK TABLES `moviebundle_movie` WRITE;
/*!40000 ALTER TABLE `moviebundle_movie` DISABLE KEYS */;
INSERT INTO `moviebundle_movie` VALUES (1,1),(2,2),(3,3),(4,4),(5,5),(6,6),(7,7),(9,10),(10,11),(11,12),(12,13),(13,14),(14,15),(15,16),(16,17),(17,18),(18,19),(19,20),(20,21),(21,22),(22,23),(23,24),(24,25),(25,26),(26,27),(27,28),(28,29),(29,30),(30,31),(31,32),(32,33),(33,34),(34,35),(35,36),(36,37),(37,38),(38,39),(39,40),(40,41),(41,42),(42,43),(43,44),(44,45),(45,46),(46,51),(46,50),(46,49),(46,48),(46,47),(47,52),(48,53),(49,54),(50,55),(52,57),(53,58),(54,59),(55,60),(56,61),(57,62),(58,63),(59,64),(60,65),(61,66),(62,67),(63,68),(64,69),(65,70),(66,71),(67,72),(68,73),(69,74),(70,75),(71,76),(72,77),(73,78),(74,79),(75,80),(76,81),(77,82),(78,83),(79,84),(80,85),(81,86),(82,87),(83,88),(84,89),(85,95),(85,94),(85,93),(85,92),(85,91),(85,90),(86,96),(87,97),(88,98),(89,99),(90,100),(91,101),(92,102),(93,103),(94,104),(95,105),(96,106),(97,107),(98,108),(99,109),(100,110),(101,111),(102,112),(103,113),(104,114),(105,115),(106,116),(107,117),(108,118),(109,119),(110,120),(111,121),(112,122),(113,123),(114,124),(116,126),(117,127),(119,129),(120,130),(121,131),(122,132),(123,133),(124,134),(125,135),(126,136),(127,137),(128,138),(129,139),(130,140),(131,141),(132,142),(133,143),(134,144),(135,145),(136,146),(137,147),(138,148),(139,149),(140,150),(142,152),(143,153),(144,154),(145,155),(146,156),(147,157),(148,158),(149,159),(150,160),(151,161),(152,162),(154,164),(156,166),(158,168),(159,169),(160,170),(161,171),(162,172),(163,173),(164,174),(165,175),(166,176),(167,177),(169,179),(170,180),(171,181),(172,182),(173,183),(174,184),(176,186),(177,187),(179,56),(180,190),(181,191),(182,192),(183,193),(184,194),(185,195),(186,196),(189,199),(190,200),(191,201),(192,202),(193,203),(194,204),(195,205),(196,206),(8,8),(8,9),(8,208),(8,207),(8,209),(179,128),(179,210),(179,211),(179,167),(179,150),(198,211),(178,212),(178,151),(178,125),(178,163),(178,165),(178,185),(140,53),(198,126),(48,212),(50,56),(88,210),(107,151),(116,125),(117,128),(139,165),(154,163),(156,167),(176,185),(167,178);
/*!40000 ALTER TABLE `moviebundle_movie` ENABLE KEYS */;
UNLOCK TABLES;

--
-- Table structure for table `person`
--

DROP TABLE IF EXISTS `person`;
/*!40101 SET @saved_cs_client     = @@character_set_client */;
/*!40101 SET character_set_client = utf8 */;
CREATE TABLE `person` (
  `id` bigint(20) NOT NULL AUTO_INCREMENT,
  `name` varchar(255) DEFAULT NULL,
  PRIMARY KEY (`id`)
) ENGINE=InnoDB AUTO_INCREMENT=640 DEFAULT CHARSET=utf8;
/*!40101 SET character_set_client = @saved_cs_client */;

--
-- Dumping data for table `person`
--

LOCK TABLES `person` WRITE;
/*!40000 ALTER TABLE `person` DISABLE KEYS */;
INSERT INTO `person` VALUES (1,'Jean-François Laguionie'),(2,'Leanne Letch'),(3,'Dario Ettia'),(4,'Amiel Courtin-Wilson'),(5,'Bülent Emin Yarar'),(6,'Ezgi Mola'),(7,'Onur Ünlü'),(8,'Gyu-ri Kim'),(9,'Jong-soo Kim'),(10,'Han Gi-Joong'),(11,'Juhn Jaihong'),(12,'Fiona Gordon'),(13,'Bruno Romy'),(14,'Dominique Abel'),(15,'Fiona Gordon'),(16,'Bruno Romy'),(17,'Jon Sigve Skard'),(18,'Silje Reinåmo'),(19,'Aleksander Nordaas'),(20,'Xu Fan'),(21,'Zhang Jingchu'),(22,'Li Chen'),(23,'Chen Daoming'),(24,'Feng Xiaogang'),(25,'Mădălina Craiu'),(26,'Dan Condurache'),(27,'Rodica Negrea'),(28,'Nicolae Constantin Tănase'),(29,'Jozsef Biro'),(30,'Csilla Varga'),(31,'Zoltan Tamasi'),(32,'Cecilia Felméri'),(33,'Carlos Vallarino'),(34,'Rodrigo Plá'),(35,'Chris New'),(36,'Andrew Haigh'),(37,'Lars Ranthe'),(38,'Lars Brygmann'),(39,'Malou Leth Reymann'),(40,'Martin Zandvliet'),(41,'Marijana Jankovic'),(42,'Nikolaj Lie Kaas'),(43,'Christoffer Boe'),(44,'Franz Weinhart'),(45,'Heinz Rüdiger'),(46,'Liepke Distel'),(47,'Peter Kerekes'),(48,'Taraneh  Alidoosti'),(49,'Saeed Changizian'),(50,'Mani Haghighi'),(51,'Shakti Urrutia'),(52,'David Michán'),(53,'Kristoffer Joner'),(54,'Vetle Qvenild Werring'),(55,'Pål Sletaune'),(56,'Philip Cox'),(57,'Kirk Douglas'),(58,'Laurence Olivier'),(59,'Jean Simmons'),(60,'Stanley Kubrick'),(61,'Mads Mikkelsen'),(62,'Stine Stengade'),(63,'Borivoj Navrátil'),(64,'Jana Plodková'),(65,'Christian Madsen'),(66,'Hitoshi Matsumoto'),(67,'David Quintero'),(68,'Luis Accinelli'),(69,'Lillian Tapia'),(70,'Hitoshi Matsumoto'),(71,'Hebe Duarte'),(72,'Nayra Calle Mamani'),(73,'Pablo Giorgelli'),(74,'Sam Keeley'),(75,'Vicky Joyce'),(76,'Rebecca Daly'),(77,'Peter Sellers'),(78,'George C. Scott'),(79,'Sterling Hayden'),(80,'Csak a Szél'),(81,'James Mason'),(82,'Shelley Winters'),(83,'Sue Lyon'),(84,'Paul China'),(85,'Sandra Jordan'),(86,'Gabriel Range'),(87,'Christopher Nolan'),(88,'Martin Scorsese'),(89,'James Cameron'),(90,'Christopher Kenneally'),(91,'David Rauchenberger'),(92,'Christine Kain'),(93,'Ursula Strauss'),(94,'Markus Schleinzer'),(95,'Philip Scheffner'),(96,'Jakob Preuss'),(97,'David Čálek'),(98,'Jason Vail'),(99,'Nicholas Wilder'),(100,'Sarah Schoofs'),(101,'Angie Bullaro'),(102,'Kirstianna Mueller'),(103,'Kaitlyn Mueller'),(104,'Elias'),(105,'Sam Neill'),(106,'Frances O\'Conner'),(107,'Sullivan Stapleton'),(108,'Daniel Nettheim'),(109,'Ozwald Boateng'),(110,'Daniel Clowes'),(111,'Peter Haskett'),(112,'Raymond Huffman'),(113,'Matthew Bate'),(114,'Aisling Loftus'),(115,'Andy Serkis'),(116,'Michael McElhatton'),(117,'Sharon Horgan'),(118,'Thomas Sangster'),(119,'Ian FitzGibbon'),(120,'Deannie Yip'),(121,'Ann Hui'),(122,'Rachael Blake'),(123,'Ewen Leslie'),(124,'Peter Carroll'),(125,'Chris Haywood'),(126,'Julia Leigh'),(127,'Lars Mikkelsen'),(128,'Sven Wollter'),(129,'Peaches Latrice Petersen'),(130,'Elio Germano'),(131,'Jennifer Ulrich'),(132,'Claudio Santamarina'),(133,'Monica Birladeanu'),(134,'Daniele Vicari'),(135,'Sehested Høeg'),(136,'Edward Singletary'),(137,'Marisa Berenson'),(138,'Patrick Magee'),(139,'Ralph Meeker'),(140,'Adolphe Menjou'),(141,'Ziggy Marley'),(142,'Jimmy Cliff'),(143,'Kevin Macdonald'),(144,'Fumi Nikaidô'),(145,'Tetsu Watanabe'),(146,'Sion Sono'),(147,'Frank Silvera'),(148,'Jamie Smith'),(149,'Irene Kane'),(150,'Tudor Giurgiu'),(151,'Irina Velcescu'),(152,'Bogdan Dumitrache'),(153,'Liliana Iorgulescu'),(154,'Iulia Rugină'),(155,'Eva Pervolovici'),(156,'Stanca Radu'),(157,'Dorian Boguță'),(158,'Valeria Cristia'),(159,'Ismail Jamaludin'),(160,'Dragoș Dulea'),(161,'Corneliu Ulici'),(162,'Paul Ipate'),(163,'Ionuţ Vişan'),(164,'Millo Simulov'),(165,'Julia Meltzer'),(166,'Laura Nix'),(167,'Anders Danielsen Lie'),(168,'Hans Olav Brenner'),(169,'Ingrid Olava'),(170,'August Joachim Trier'),(171,'Déborah François'),(172,'Joséphine Japy'),(173,'Dominik Moll'),(174,'Nami Komiyama'),(175,'Masayuki Shionoya'),(176,'Daisuke Miyazaki'),(177,'Crystal Lowe'),(178,'Kimani Ray Smith'),(179,'Gustav Hintze'),(180,'Victoria Carmen Sonne'),(181,'Anton Honik'),(182,'Simon Staho'),(183,'Martin A. Lee'),(184,'James S. Ketchum'),(185,'Martin Witz'),(186,'Sergio Hernández'),(187,'Viviana Herrera'),(188,'Sebastián Lelio'),(189,'Gabriela Hegedüs'),(190,'Martina Spitzer'),(191,'Claudia Martini'),(192,'Franziska Würzl'),(193,'Michal Kosakowski'),(194,'Magdalena Ritter'),(195,'Julita Witt'),(196,'Andreas Marschall'),(197,'Darine Hamzé'),(198,'Fadi Abi Samra'),(199,'Rodney El Haddad'),(200,'Danielle Arbid'),(201,'Sebastian Blyckert'),(202,'Yannick Diakite'),(203,'Sebastian Hegmar'),(204,'Abdiaziz Hilowle'),(205,'Ruben Östlund'),(206,'Anders W. Berthelsen'),(207,'Adriana Mascialino'),(208,'Sebastián Estevanez'),(209,'Ole Christian Madsen'),(210,'Jacob Matschenz'),(211,'Luna Mijovic'),(212,'Christian Petzold'),(213,'Andreas Cappelen'),(214,'Frank Dåbu'),(215,'Vebjørn Enger'),(216,'Arild Andresen'),(217,'Adam Baldwin'),(218,'Vincent D\'Onofrio'),(219,'Frederick Wiseman'),(220,'Jarlinsson Ramirez Reinoso'),(221,'Yor Jasbleidy Santos Torres'),(222,'Alejandro Landes'),(223,'Thomas Bengtsson'),(224,'Philippe Fatoux'),(225,'Daniel Moshel'),(226,'Luca Ragazzi'),(227,'Gustav Hofer'),(228,'Luca Ragazzi'),(229,'Andy Lau'),(230,'Nicholas Tse'),(231,'Jackie Chan'),(232,'Benny Chan'),(233,'Bob Marley'),(234,'Mads Brügger'),(235,'Kim Ha-neul'),(236,'Sang-hoon Ahn'),(237,'Tom Kalin'),(238,'Takaaki Nomi'),(239,'Sea Kumada'),(240,'Jun Kunimura'),(241,'Jafar Panahi'),(242,'Mojtaba Mirtahmasb'),(243,'Wang Qian-Yuan'),(244,'Qin Hailu'),(245,'Shin-Yeong Jang'),(246,'Zhang Meng'),(247,'Kim Donguk'),(248,'Seung-wook Byeon'),(249,'Martin Hangurbadžo'),(250,'Martina Kotlárová'),(251,'Martin Sulik'),(252,'Eric Elmosnino'),(253,'Aure Atika'),(254,'Julie Delpy'),(255,'Fellag'),(256,'Sophie Nélisse'),(257,'Émilien Néron'),(258,'Danielle Proulx'),(259,'Brigitte Poupart'),(260,'Philippe Falardeau'),(261,'Rory Culkin'),(262,'Lian Aiken'),(263,'Bill Sage'),(264,'Rebecca Thomas'),(265,'Kim Yun-seok'),(266,'Cho Seong-Ha'),(267,'Hong-jin Na'),(268,'Michel Blanc'),(269,'Zabou Breitman'),(270,'Laurent Stocker'),(271,'Sylvain Deblé'),(272,'Pierre Schöller'),(273,'Ben Mendelsohn'),(274,'Luke Ford'),(275,'Jacki Weaver'),(276,'David Michôd'),(277,'Hermine Huntgeburth'),(278,'Cristi Iacob'),(279,'Diana Dumitrescu'),(280,'Ion Grosu'),(281,'Cristina Jacob'),(282,'Radu Potcoavă'),(283,'Marius Manole'),(284,'Rodi Cotenescu'),(285,'Alistai Willis'),(286,'Leslie Warren'),(287,'Sebastian Cosor'),(288,'Goitein Gergely'),(289,'Porzsolt Erzsébet'),(290,'Bán Attila'),(291,'Tania Filip'),(292,'Clara Vodă'),(293,'Nataşa Raab'),(294,'Emilian Mârnea'),(295,'Adrian Sitaru'),(296,'Bob Adriaens'),(297,'Louise Harris'),(298,'Justin Kurzel'),(299,'Maz Jobrani'),(300,'Muatasem Mishal'),(301,'Binyomin Shtaynberger'),(302,'Joel Fendelman'),(303,'Elsebeth Steentoft'),(304,'Lamaiporn Sangmanee Hougaard'),(305,'David Winters'),(306,'Allan Mogensen'),(307,'Mads Matthiesen'),(308,'Colleen Gray'),(309,'Vince Edwards'),(310,'Cyril Collard'),(311,'Romane Bohringer'),(312,'Carlos López'),(313,'Cyril Collard'),(314,'Pertti Sveholm'),(315,'Timo Torikka'),(316,'Mika Kaurismäki'),(317,'Stephanie León'),(318,'Jakob Eklund'),(319,'Frederikke Aspöck'),(320,'Corinna Harfouch'),(321,'Sebastian Zimmler'),(322,'Picco von Groote'),(323,'Hans-Christian Schmid'),(324,'Emilia Derou-Bernal'),(325,'Laura Kpegli'),(326,'Salome Blechmans'),(327,'Djinn Carrénard'),(328,'Claude Lelouch'),(329,'Catherine Deneuve'),(330,'Lino Ventura'),(331,'Claude Lelouch'),(332,'Jon Thor Birgisson'),(333,'Orri P. Dyrason'),(334,'Georg Holm'),(335,'Kjartan Sveinsson'),(336,'Vincent Morisset'),(337,'Julian Rachlin'),(338,'John Malkovich'),(339,'Roger Moore'),(340,'Aleksey Igudesman'),(341,'Sebastian Leitner'),(342,'Anouk Aimée'),(343,'Jean Louis Trintignant'),(344,'Pierre Barouh'),(345,'Viktor Oszkár Nagy'),(346,'Milos Samolov'),(347,'Hristina Popovic'),(348,'Goran Jevtic'),(349,'Goran Navojec'),(350,'Srdjan Dragojevic'),(351,'Thure Lindhardt'),(352,'Zachary Booth'),(353,'Julianne Nicholson'),(354,'Souleymane Sy Savane'),(355,'Ira  Sachs'),(356,'Aksel Hennie'),(357,'Nikolaj Coster-Waldau'),(358,'Synnøve Macody Lund'),(359,'Morten Tyldum'),(360,'Juan Vallejo'),(361,'Kevin Alderman'),(362,'Kaspar Astrup Schröder'),(363,'Josh „Skreech” Sandoval'),(364,'Tristan Pattersen'),(365,'Shelley Duvall'),(366,'Danny Lloyd'),(367,'Isidora Simijonovic'),(368,'Vukašin Jasni'),(369,'Sanja Mikitišin'),(370,'Jovo Maksic'),(371,'Maja Miloš'),(372,'Christian Bonke'),(373,'Andreas Koefoed'),(374,'Carey Mulligan'),(375,'James  Badge Dale'),(376,'Steve McQueen'),(377,'Cyril Tuschi'),(378,'Anaïs Demoustier'),(379,'Joanna Kulig'),(380,'Malgorzata Szumowska'),(381,'Cecile de France'),(382,'Jérémie Renier'),(383,'Thomas Doret'),(384,'Jean-Pierre Dardenne'),(385,'Luc Dardenne'),(386,'Anca Hirte'),(387,'Montse German'),(388,'Armand Villen'),(389,'Pau Teixidor'),(390,'Emiliano Freifeld'),(391,'Paola Giannini'),(392,'Dominga  Sotomayor Castillo'),(393,'Nihal Koldaş'),(394,'Begum Akkaya'),(395,'Vedat Erincin'),(396,'Murathan Maslu'),(397,'Umut Dag'),(398,'Gaëlle Jeantet'),(399,'Daniel Schropffer'),(400,'Cyrille   Drevon'),(401,'Alekh Sangal'),(402,'Sudhir Pednekar'),(403,'Karan Gour'),(404,'Su-min Park'),(405,'Frances Fisher'),(406,'Kurt Fuller'),(407,'Jennifer Clary'),(408,'Malin Bjørhovde'),(409,'Henriette Steenstrup'),(410,'Jannicke  Systad Jacobsen'),(411,'Jeanette Hain'),(412,'Susanne Wolff'),(413,'Misel Maticevic'),(414,'Dominik Graf'),(415,'Jessica Gorter'),(416,'Ron Carrier'),(417,'Darren Lenz'),(418,'Bob Sentinella'),(419,'Piper Weiss'),(420,'Mark Jackson'),(421,'Greg Tait'),(422,'Lucas Yeeda'),(423,'Ngaire Pigram'),(424,'Brendan Fletcher'),(425,'Gary Lockwood'),(426,'William Sylvester'),(427,'Celine  Horwang'),(428,'Chanokporn Sayoungkul'),(429,'Pen-ek Ratanaruang'),(430,'Martine Fokkens'),(431,'Gabrielle Provaas'),(432,'Rob Schröder'),(433,'Carina Lau'),(434,'Li Bingbing'),(435,'Deng Chao'),(436,'Tony Leung'),(437,'Tsui Hark'),(438,'Denis Côté'),(439,'Josh Fox'),(440,'Ge You'),(441,'Wang Xueqi'),(442,'Huang Xiaoming'),(443,'Chen Kaige'),(444,'Frances O\'Connor'),(445,'Sam Robards'),(446,'Steven Spielberg'),(447,'Judi Dench'),(448,'Bill Nighy'),(449,'Penelope Wilton'),(450,'John Madden'),(451,'Esben Toft Jacobsen'),(452,'Pascale Bussières'),(453,'Gabriel Maillé'),(454,'Luc Picard'),(455,'François Papineau'),(456,'Guy Édoin'),(457,'Pauline Streatfield'),(458,'Anthony Littlechild'),(459,'Andrew Kavanagh'),(460,'Cliff Myers'),(461,'Dakota Roos-Adams'),(462,'Firas  Momani'),(463,'Fanny Ardant'),(464,'Mireille Audibert'),(465,'Geraldine Chaplin'),(466,'Malcolm McDowell'),(467,'Robert Altman'),(468,'Christiane Kubrick'),(469,'Jan Harlan'),(470,'Giorgio Armani'),(471,'Michael Bay'),(472,'Paul Bettany'),(473,'Varon Bonicos'),(474,'Paul Auster'),(475,'Peter  Lindbergh'),(476,'Angelina Maccarone'),(477,'Nuno Lopes'),(478,'Rita Blanco'),(479,'João Canijo'),(480,'Seth Green'),(481,'Macaulay Culkin'),(482,'Diana Scanwid'),(483,'Fenton Bailey'),(484,'Randy Borbato'),(485,'Zhou Dongyu'),(486,'Dou Xiao'),(487,'Yu Xinbo'),(488,'Zhang Yimou'),(489,'Hilmar Gudjonsson'),(490,'Hafsteinn Gunnar Sigurðsson'),(491,'Gilles De Schryver'),(492,'Tom Audenaert'),(493,'Isabelle De Hertogh'),(494,'Geoffrey  Enthoven'),(495,'Vlad Ivanov'),(496,'Jamie Sives'),(497,'Anca Damian'),(498,'Marian Râlea'),(499,'Geraldo  Infuso'),(500,'Jeroen Willems'),(501,'Niels Gomperts'),(502,'Agata Buzek'),(503,'Lisa Smit'),(504,'Christophe Van Rompaey'),(505,'Jaroslaw Bielski'),(506,'Benito Sagredo'),(507,'Javier Chillon'),(508,'Sharon Tal'),(509,'Dov Navon'),(510,'Shirili Deshe'),(511,'Eran  Kolirin,'),(512,'Sarah Barzyk'),(513,'Elia Blanc'),(514,'Arnold de Parscau'),(515,'Judit Elek'),(516,'Dan Curean'),(517,'Stefan Kurt'),(518,'Eberhard Kirchberg'),(519,'Imogen Kogge'),(520,'Christoph Hochhäusler'),(521,'Hafsia Herzi'),(522,'Mohamed Fellag'),(523,'Antoine Delesvaux'),(524,'Joann Sfar'),(525,'András Jeles'),(526,'Ágnes Kocsis'),(527,'Ferenc Török'),(528,'Simon Szabó'),(529,'Márta Mészáros'),(530,'Péter Forgács'),(531,'László Siroki'),(532,'György Pálfi'),(533,'Bence Fliegauf'),(534,'András Salamon'),(535,'Miklós Jancsó'),(536,'Adrian Titieni'),(537,'Tudor Smoleanu'),(538,'Anca Florescu'),(539,'Dan Chișu'),(540,'Constantin Cojocaru'),(541,'Victoria Cociaş'),(542,'Costel Caşcaval'),(543,'Radu Gabrea'),(544,'Florin Piersic Jr.'),(545,'Cristian Ioan Gutău'),(546,'Daniel Popa'),(547,'Olimpia Melinte'),(548,'Florin Piersic Jr.'),(549,'Udo Kier'),(550,'Kym Jackson'),(551,'Peta Sergeant'),(552,'Timo Vuorensola'),(553,'Şerban Pavlu'),(554,'Mihaela Sîrbu'),(555,'Sofia Nicolaescu'),(556,'Radu Jude'),(557,'Fanny Risberg'),(558,'Michael Jansson'),(559,'Fanny Garanger'),(560,'Stefan Constantinescu'),(561,'Tom Cruise'),(562,'Woody Allen'),(563,'Olga  Dihovichnaya'),(564,'Sergei Golyudov'),(565,'Roman Merinov'),(566,'Angelina Nikonova'),(567,'Laura Soveral'),(568,'Ana Moreira'),(569,'Henrique Espírito Santo'),(570,'Carloto Cotta'),(571,'Miguel Gomes'),(572,'Olivia Colman'),(573,'Eddie Marsan'),(574,'Paul Popplewell'),(575,'Paddy Considine'),(576,'Áron Dimény'),(577,'George Mihăiţă'),(578,'Constantin Chiriac'),(579,'Răzvan Vasilescu'),(580,'Silviu Purcărete'),(581,'Ivana Mladenovic'),(582,'Pedro Pires'),(583,'Gael Garcia Bernal'),(584,'Bidzina Gujabidze'),(585,'Julia Loktev'),(586,'Todd Haynes'),(587,'Aris Servetalis'),(588,'Johnny Vekris'),(589,'Ariane Labed'),(590,'Giorgos Lanthimos'),(591,'Radu Muntean'),(592,'Alexandru Baciu'),(593,'Bogdan Ilie-Micu'),(594,'Konrad Szołajski'),(595,'Leopoldina Bălănuţă'),(596,'Radu Boruzescu'),(597,'George Calboreanu Jr.'),(598,'Mircea Veroiu și Dan Pița'),(599,'Robinson  Stévenin'),(600,'Andi Vasluianu'),(601,'Antonio Hernández'),(602,'Yaara Pelzig'),(603,'Michael Mushonov'),(604,'Menashe Noi'),(605,'Mor Keren'),(606,'Michael Aloni'),(607,'Nadav Lapid'),(608,'Michael Glawogger'),(609,'Jérôme de Missolz'),(610,'James Preston'),(611,'Dan Glenn'),(612,'Dalilah Rain'),(613,'Matthew W.  Mishory'),(614,'Ion Caramitru'),(615,'Maria Ploae'),(616,'George Constantin'),(617,'Nicolae Mărgineanu'),(618,'Alexandru Belc'),(619,'Guy Bedos'),(620,'Daniel Brühl'),(621,'Jane Fonda'),(622,'Claude Rich'),(623,'Stéphane Robelin'),(624,'Julie LeBreton'),(625,'Antoine Bertrand'),(626,'Dominic Philie'),(627,'Ken Scott'),(628,'Raluca Aprodu'),(629,'Cristina Cioran'),(630,'Andra Chiriac'),(631,'Ion Rusu'),(632,'Gloria Sauciuc'),(633,'Malvina Cservenschi'),(634,'Dan Cimpoeșu'),(635,'Jovanna Huguet'),(636,'Nicholas Humphries'),(637,'Dulcie Anne Rosales'),(638,'Grzegorz  Jonkajtys'),(639,'Francisco Ruiz Velasco');
/*!40000 ALTER TABLE `person` ENABLE KEYS */;
UNLOCK TABLES;

--
-- Table structure for table `section`
--

DROP TABLE IF EXISTS `section`;
/*!40101 SET @saved_cs_client     = @@character_set_client */;
/*!40101 SET character_set_client = utf8 */;
CREATE TABLE `section` (
  `id` bigint(20) NOT NULL AUTO_INCREMENT,
  `name` varchar(255) DEFAULT NULL,
  PRIMARY KEY (`id`)
) ENGINE=InnoDB AUTO_INCREMENT=25 DEFAULT CHARSET=utf8;
/*!40101 SET character_set_client = @saved_cs_client */;

--
-- Dumping data for table `section`
--

LOCK TABLES `section` WRITE;
/*!40000 ALTER TABLE `section` DISABLE KEYS */;
INSERT INTO `section` VALUES (1,'EducaTIFF'),(2,'Focus: Australia'),(3,'Supernova'),(4,'Shadows'),(5,'Focus: China'),(6,'Ro Days Shorts'),(7,'Focus: Denmark'),(8,'What\'s Up, Docs?'),(9,'No Limit'),(10,'100% Stanley Kubrick'),(11,'3x3 Ole Christian Madsen'),(12,'3x3 Hitoshi Matsumoto'),(13,'Hungarian Day'),(14,'Special Screenings'),(15,'HBO Day'),(16,'Gods and Men'),(17,'Competition'),(18,'Shadows Shorts'),(19,'Tribute Killer Films'),(20,'Unirii Square'),(21,'3x3 Claude Lelouch'),(22,'Romanian Days'),(23,'EcoTIFF'),(24,'');
/*!40000 ALTER TABLE `section` ENABLE KEYS */;
UNLOCK TABLES;

--
-- Table structure for table `showing`
--

DROP TABLE IF EXISTS `showing`;
/*!40101 SET @saved_cs_client     = @@character_set_client */;
/*!40101 SET character_set_client = utf8 */;
CREATE TABLE `showing` (
  `id` bigint(20) NOT NULL AUTO_INCREMENT,
  `dateAndTime` datetime DEFAULT NULL,
  `venue_id` bigint(20) DEFAULT NULL,
  `movieBundleInFestival_id` bigint(20) DEFAULT NULL,
  PRIMARY KEY (`id`),
  KEY `FKDE7117A57FEFA715` (`venue_id`),
  KEY `FKDE7117A572E97975` (`movieBundleInFestival_id`),
  CONSTRAINT `FKDE7117A572E97975` FOREIGN KEY (`movieBundleInFestival_id`) REFERENCES `moviebundle_festivaledition_section` (`id`),
  CONSTRAINT `FKDE7117A57FEFA715` FOREIGN KEY (`venue_id`) REFERENCES `venue` (`id`)
) ENGINE=InnoDB AUTO_INCREMENT=394 DEFAULT CHARSET=utf8;
/*!40101 SET character_set_client = @saved_cs_client */;

--
-- Dumping data for table `showing`
--

LOCK TABLES `showing` WRITE;
/*!40000 ALTER TABLE `showing` DISABLE KEYS */;
INSERT INTO `showing` VALUES (1,'2012-06-01 11:00:00',1,1),(2,'2012-06-01 13:00:00',1,2),(3,'2012-06-01 15:30:00',1,3),(4,'2012-06-01 18:00:00',1,4),(5,'2012-06-01 21:00:00',1,5),(6,'2012-06-01 23:00:00',1,6),(7,'2012-06-01 10:00:00',2,7),(8,'2012-06-01 12:45:00',2,8),(9,'2012-06-01 15:00:00',2,9),(10,'2012-06-01 17:30:00',2,10),(11,'2012-06-01 20:00:00',2,11),(12,'2012-06-01 22:30:00',2,12),(13,'2012-06-01 10:00:00',3,13),(14,'2012-06-01 12:00:00',3,14),(15,'2012-06-01 14:30:00',3,15),(16,'2012-06-01 17:00:00',3,16),(17,'2012-06-01 19:30:00',3,17),(18,'2012-06-01 21:30:00',3,18),(19,'2012-06-01 15:00:00',4,19),(20,'2012-06-01 17:30:00',4,20),(21,'2012-06-01 20:00:00',4,21),(22,'2012-06-01 23:00:00',4,22),(23,'2012-06-01 14:30:00',5,23),(24,'2012-06-01 17:00:00',5,24),(25,'2012-06-01 19:30:00',5,25),(26,'2012-06-01 22:30:00',5,26),(27,'2012-06-01 17:15:00',6,27),(28,'2012-06-01 19:45:00',6,28),(29,'2012-06-01 22:45:00',6,29),(30,'2012-06-01 15:15:00',7,30),(31,'2012-06-01 17:45:00',7,31),(32,'2012-06-01 20:15:00',7,32),(33,'2012-06-01 22:30:00',7,33),(34,'2012-06-01 22:00:00',8,34),(35,'2012-06-01 22:00:00',9,35),(36,'2012-06-02 11:00:00',1,36),(37,'2012-06-02 13:00:00',1,37),(38,'2012-06-02 15:30:00',1,38),(39,'2012-06-02 17:30:00',1,39),(40,'2012-06-02 19:30:00',1,40),(41,'2012-06-02 22:15:00',1,41),(42,'2012-06-02 16:00:00',10,42),(43,'2012-06-02 18:00:00',10,43),(44,'2012-06-02 21:00:00',10,44),(45,'2012-06-02 10:00:00',2,45),(46,'2012-06-02 12:30:00',2,46),(47,'2012-06-02 15:00:00',2,47),(48,'2012-06-02 17:30:00',2,48),(49,'2012-06-02 20:00:00',2,49),(50,'2012-06-02 22:00:00',2,50),(52,'2012-06-02 10:00:00',3,52),(53,'2012-06-02 14:30:00',3,53),(54,'2012-06-02 17:00:00',3,54),(55,'2012-06-02 19:00:00',3,55),(56,'2012-06-02 21:30:00',3,56),(57,'2012-06-02 17:30:00',4,57),(58,'2012-06-02 20:00:00',4,58),(59,'2012-06-02 23:00:00',4,59),(60,'2012-06-02 14:30:00',5,60),(61,'2012-06-02 17:00:00',5,61),(62,'2012-06-02 19:30:00',5,62),(63,'2012-06-02 22:00:00',5,63),(64,'2012-06-02 17:15:00',6,64),(65,'2012-06-02 19:45:00',6,65),(66,'2012-06-02 22:45:00',6,66),(67,'2012-06-02 15:15:00',7,67),(68,'2012-06-02 17:45:00',7,68),(69,'2012-06-02 20:15:00',7,69),(70,'2012-06-02 22:30:00',7,70),(71,'2012-06-02 21:45:00',11,71),(72,'2012-06-02 22:00:00',8,72),(73,'2012-06-02 22:00:00',9,73),(74,'2012-06-02 18:00:00',12,74),(75,'2012-06-02 20:30:00',12,75),(76,'2012-06-03 11:00:00',1,76),(77,'2012-06-03 13:15:00',1,77),(78,'2012-06-03 15:30:00',1,78),(79,'2012-06-03 18:00:00',1,79),(80,'2012-06-03 20:30:00',1,80),(81,'2012-06-03 23:00:00',1,81),(82,'2012-06-03 16:00:00',10,82),(83,'2012-06-03 21:00:00',10,83),(84,'2012-06-03 10:00:00',2,84),(85,'2012-06-03 12:30:00',2,85),(86,'2012-06-03 15:00:00',2,66),(87,'2012-06-03 17:30:00',2,86),(88,'2012-06-03 20:00:00',2,87),(89,'2012-06-03 22:30:00',2,88),(90,'2012-06-03 10:00:00',3,89),(91,'2012-06-03 12:00:00',3,65),(92,'2012-06-03 14:30:00',3,90),(93,'2012-06-03 20:00:00',3,27),(94,'2012-06-03 22:30:00',3,22),(95,'2012-06-03 15:00:00',4,58),(96,'2012-06-03 17:30:00',4,91),(97,'2012-06-03 20:00:00',4,92),(98,'2012-06-03 23:00:00',4,93),(99,'2012-06-03 14:30:00',5,94),(100,'2012-06-03 17:15:00',5,1),(101,'2012-06-03 19:30:00',5,95),(102,'2012-06-03 22:15:00',5,96),(103,'2012-06-03 17:15:00',6,97),(104,'2012-06-03 19:45:00',6,11),(105,'2012-06-03 22:45:00',6,98),(106,'2012-06-03 15:15:00',7,99),(107,'2012-06-03 16:45:00',7,56),(108,'2012-06-03 19:30:00',7,100),(109,'2012-06-03 22:30:00',7,101),(110,'2012-06-03 21:45:00',11,102),(111,'2012-06-03 22:00:00',8,57),(112,'2012-06-03 22:00:00',9,103),(113,'2012-06-03 18:00:00',12,104),(114,'2012-06-03 20:30:00',12,105),(115,'2012-06-04 11:00:00',1,61),(116,'2012-06-04 13:00:00',1,26),(117,'2012-06-04 15:00:00',1,106),(118,'2012-06-04 18:00:00',1,107),(119,'2012-06-04 20:30:00',1,108),(120,'2012-06-04 22:30:00',1,109),(121,'2012-06-04 16:00:00',10,110),(122,'2012-06-04 18:30:00',10,111),(123,'2012-06-04 21:00:00',10,90),(124,'2012-06-04 10:00:00',2,112),(125,'2012-06-04 12:30:00',2,113),(126,'2012-06-04 15:00:00',2,114),(127,'2012-06-04 17:30:00',2,31),(129,'2012-06-04 20:00:00',2,116),(130,'2012-06-04 22:30:00',2,117),(132,'2012-06-04 10:00:00',3,119),(133,'2012-06-04 12:00:00',3,64),(134,'2012-06-04 14:30:00',3,120),(135,'2012-06-04 17:00:00',3,92),(136,'2012-06-04 22:00:00',3,121),(137,'2012-06-04 15:00:00',4,5),(138,'2012-06-04 17:30:00',4,19),(139,'2012-06-04 20:00:00',4,9),(140,'2012-06-04 23:00:00',4,122),(141,'2012-06-04 14:30:00',5,123),(142,'2012-06-04 16:30:00',5,124),(143,'2012-06-04 19:30:00',5,80),(144,'2012-06-04 22:15:00',5,125),(145,'2012-06-04 17:15:00',6,59),(146,'2012-06-04 19:45:00',6,126),(147,'2012-06-04 22:45:00',6,127),(148,'2012-06-04 15:15:00',7,128),(149,'2012-06-04 18:00:00',7,55),(150,'2012-06-04 20:15:00',7,12),(151,'2012-06-04 22:30:00',7,39),(152,'2012-06-04 21:45:00',11,129),(153,'2012-06-04 22:00:00',8,130),(154,'2012-06-04 18:00:00',12,131),(155,'2012-06-04 20:30:00',12,132),(156,'2012-06-05 11:00:00',1,133),(157,'2012-06-05 12:30:00',1,124),(158,'2012-06-05 18:00:00',1,134),(159,'2012-06-05 20:30:00',1,135),(160,'2012-06-05 23:30:00',1,96),(161,'2012-06-05 16:00:00',10,136),(162,'2012-06-05 19:00:00',10,137),(163,'2012-06-05 21:30:00',10,130),(164,'2012-06-05 10:00:00',2,138),(165,'2012-06-05 12:30:00',2,126),(166,'2012-06-05 15:00:00',2,139),(167,'2012-06-05 17:30:00',2,30),(169,'2012-06-05 20:00:00',2,140),(170,'2012-06-05 22:15:00',2,107),(172,'2012-06-05 10:00:00',3,104),(173,'2012-06-05 11:30:00',3,142),(174,'2012-06-05 15:30:00',3,29),(175,'2012-06-05 17:30:00',3,143),(176,'2012-06-05 20:00:00',3,144),(177,'2012-06-05 22:30:00',3,74),(178,'2012-06-05 15:00:00',4,145),(179,'2012-06-05 17:30:00',4,54),(180,'2012-06-05 20:00:00',4,114),(181,'2012-06-05 23:00:00',4,16),(182,'2012-06-05 14:30:00',5,123),(183,'2012-06-05 17:00:00',5,6),(184,'2012-06-05 19:00:00',5,146),(185,'2012-06-05 22:15:00',5,4),(186,'2012-06-05 17:15:00',6,53),(187,'2012-06-05 19:45:00',6,17),(188,'2012-06-05 22:45:00',6,15),(189,'2012-06-05 15:15:00',7,35),(190,'2012-06-05 17:45:00',7,52),(191,'2012-06-05 20:15:00',7,13),(192,'2012-06-05 22:30:00',7,82),(193,'2012-06-05 21:45:00',11,100),(194,'2012-06-05 22:00:00',8,147),(195,'2012-06-05 22:00:00',9,68),(196,'2012-06-05 18:00:00',12,148),(197,'2012-06-05 20:30:00',12,7),(198,'2012-06-06 11:30:00',1,93),(199,'2012-06-06 18:00:00',1,149),(200,'2012-06-06 20:30:00',1,98),(201,'2012-06-06 23:00:00',1,150),(202,'2012-06-06 16:00:00',10,95),(203,'2012-06-06 18:30:00',10,24),(204,'2012-06-06 20:45:00',10,125),(205,'2012-06-06 10:00:00',2,151),(206,'2012-06-06 12:00:00',2,21),(207,'2012-06-06 15:00:00',2,152),(209,'2012-06-06 17:30:00',2,154),(210,'2012-06-06 20:00:00',2,139),(212,'2012-06-06 23:00:00',2,156),(214,'2012-06-06 10:00:00',3,69),(215,'2012-06-06 12:15:00',3,20),(216,'2012-06-06 14:30:00',3,158),(217,'2012-06-06 20:30:00',3,159),(218,'2012-06-06 15:00:00',4,72),(219,'2012-06-06 17:30:00',4,12),(220,'2012-06-06 19:45:00',4,121),(221,'2012-06-06 12:30:00',5,160),(222,'2012-06-06 14:30:00',5,161),(223,'2012-06-06 17:00:00',5,2),(224,'2012-06-06 19:30:00',5,162),(225,'2012-06-06 21:30:00',5,136),(226,'2012-06-06 14:45:00',6,163),(227,'2012-06-06 17:30:00',6,47),(228,'2012-06-06 20:15:00',6,87),(229,'2012-06-06 22:45:00',6,35),(230,'2012-06-06 15:15:00',7,148),(231,'2012-06-06 17:45:00',7,14),(232,'2012-06-06 20:00:00',7,164),(233,'2012-06-06 22:30:00',7,165),(234,'2012-06-06 21:45:00',11,166),(235,'2012-06-06 22:00:00',8,167),(237,'2012-06-06 22:00:00',9,169),(238,'2012-06-06 18:00:00',12,108),(239,'2012-06-06 20:30:00',12,18),(240,'2012-06-07 11:00:00',1,122),(241,'2012-06-07 12:30:00',1,146),(242,'2012-06-07 15:30:00',1,151),(243,'2012-06-07 18:30:00',1,170),(244,'2012-06-07 21:00:00',1,171),(245,'2012-06-07 23:30:00',1,32),(246,'2012-06-07 16:00:00',10,172),(247,'2012-06-07 18:45:00',10,173),(248,'2012-06-07 22:00:00',10,23),(249,'2012-06-07 10:00:00',2,88),(250,'2012-06-07 12:30:00',2,174),(251,'2012-06-07 17:00:00',2,164),(253,'2012-06-07 19:30:00',2,176),(255,'2012-06-07 10:00:00',3,177),(256,'2012-06-07 19:15:00',3,105),(257,'2012-06-07 21:30:00',3,178),(258,'2012-06-07 23:30:00',3,179),(259,'2012-06-07 15:00:00',4,39),(260,'2012-06-07 17:30:00',4,83),(261,'2012-06-07 20:00:00',4,180),(262,'2012-06-07 22:00:00',4,142),(263,'2012-06-07 14:30:00',5,149),(264,'2012-06-07 22:15:00',5,79),(265,'2012-06-07 19:45:00',6,144),(266,'2012-06-07 22:15:00',6,181),(267,'2012-06-07 16:00:00',7,182),(268,'2012-06-07 20:15:00',7,158),(269,'2012-06-07 22:30:00',7,183),(270,'2012-06-07 21:45:00',11,150),(271,'2012-06-07 22:00:00',8,77),(272,'2012-06-07 22:00:00',9,99),(273,'2012-06-07 18:00:00',12,152),(274,'2012-06-07 20:30:00',12,67),(275,'2012-06-08 11:00:00',1,50),(276,'2012-06-08 13:30:00',1,161),(277,'2012-06-08 15:45:00',1,165),(278,'2012-06-08 18:00:00',1,184),(279,'2012-06-08 20:15:00',1,185),(280,'2012-06-08 22:45:00',1,186),(281,'2012-06-08 10:00:00',2,182),(282,'2012-06-08 14:30:00',2,154),(283,'2012-06-08 17:30:00',2,97),(284,'2012-06-08 20:00:00',2,156),(285,'2012-06-08 22:30:00',2,163),(286,'2012-06-08 10:00:00',3,8),(287,'2012-06-08 12:30:00',3,46),(288,'2012-06-08 16:30:00',3,28),(289,'2012-06-08 19:00:00',3,189),(290,'2012-06-08 22:00:00',3,128),(291,'2012-06-08 15:00:00',4,110),(292,'2012-06-08 17:30:00',4,11),(293,'2012-06-08 20:00:00',4,76),(294,'2012-06-08 22:15:00',4,190),(295,'2012-06-08 12:00:00',5,3),(296,'2012-06-08 14:30:00',5,191),(297,'2012-06-08 17:00:00',5,173),(298,'2012-06-08 20:30:00',5,170),(299,'2012-06-08 23:00:00',5,38),(300,'2012-06-08 19:15:00',6,169),(301,'2012-06-08 22:45:00',6,104),(302,'2012-06-08 13:00:00',7,120),(303,'2012-06-08 15:15:00',7,113),(304,'2012-06-08 17:45:00',7,119),(305,'2012-06-08 20:15:00',7,192),(306,'2012-06-08 22:30:00',7,109),(307,'2012-06-08 21:45:00',11,59),(308,'2012-06-08 22:00:00',8,49),(309,'2012-06-08 22:00:00',9,66),(310,'2012-06-08 18:00:00',12,126),(311,'2012-06-08 20:30:00',12,56),(312,'2012-06-09 11:00:00',1,162),(313,'2012-06-09 13:00:00',1,176),(314,'2012-06-09 15:45:00',1,147),(315,'2012-06-09 18:15:00',1,193),(316,'2012-06-09 20:30:00',1,71),(317,'2012-06-09 23:00:00',1,63),(318,'2012-06-09 10:00:00',2,85),(319,'2012-06-09 12:30:00',2,194),(320,'2012-06-09 14:15:00',2,117),(322,'2012-06-09 17:45:00',2,167),(323,'2012-06-09 20:30:00',2,189),(324,'2012-06-09 23:00:00',2,171),(325,'2012-06-09 11:00:00',3,174),(326,'2012-06-09 13:00:00',3,131),(327,'2012-06-09 18:00:00',3,70),(328,'2012-06-09 20:30:00',3,101),(329,'2012-06-09 22:30:00',3,33),(330,'2012-06-09 12:30:00',4,151),(331,'2012-06-09 15:00:00',4,152),(332,'2012-06-09 18:00:00',4,111),(333,'2012-06-09 20:00:00',4,89),(334,'2012-06-09 12:00:00',5,40),(335,'2012-06-09 14:30:00',5,134),(336,'2012-06-09 17:00:00',5,41),(337,'2012-06-09 20:30:00',5,78),(338,'2012-06-09 22:30:00',5,129),(339,'2012-06-09 19:45:00',6,10),(340,'2012-06-09 22:45:00',6,103),(341,'2012-06-09 13:00:00',7,159),(342,'2012-06-09 15:15:00',7,44),(343,'2012-06-09 17:45:00',7,45),(344,'2012-06-09 20:15:00',7,5),(345,'2012-06-09 22:30:00',7,135),(346,'2012-06-09 21:45:00',11,195),(347,'2012-06-09 22:00:00',8,43),(348,'2012-06-09 22:00:00',9,143),(349,'2012-06-09 18:00:00',12,68),(350,'2012-06-09 20:30:00',12,15),(351,'2012-06-10 11:00:00',1,58),(352,'2012-06-10 14:00:00',1,191),(353,'2012-06-10 17:45:00',1,94),(354,'2012-06-10 20:30:00',1,34),(355,'2012-06-10 22:30:00',1,25),(356,'2012-06-10 21:30:00',10,62),(357,'2012-06-10 10:00:00',2,19),(358,'2012-06-10 12:30:00',2,145),(359,'2012-06-10 18:30:00',2,91),(360,'2012-06-10 20:30:00',2,172),(361,'2012-06-10 22:30:00',2,57),(362,'2012-06-10 10:00:00',3,180),(363,'2012-06-10 12:00:00',3,73),(364,'2012-06-10 14:30:00',3,190),(365,'2012-06-10 17:00:00',3,192),(366,'2012-06-10 19:30:00',3,75),(367,'2012-06-10 22:00:00',3,127),(368,'2012-06-10 12:30:00',4,176),(369,'2012-06-10 15:30:00',4,154),(370,'2012-06-10 18:30:00',4,156),(371,'2012-06-10 21:00:00',4,88),(372,'2012-06-10 23:00:00',4,48),(373,'2012-06-10 12:00:00',5,149),(374,'2012-06-10 14:00:00',5,106),(375,'2012-06-10 17:00:00',5,37),(376,'2012-06-10 19:30:00',5,81),(377,'2012-06-10 22:15:00',5,133),(378,'2012-06-10 12:15:00',6,107),(379,'2012-06-10 14:45:00',6,116),(380,'2012-06-10 17:15:00',6,50),(381,'2012-06-10 19:45:00',6,117),(382,'2012-06-10 22:45:00',6,139),(383,'2012-06-10 13:00:00',7,194),(384,'2012-06-10 15:00:00',7,67),(385,'2012-06-10 22:00:00',7,42),(386,'2012-06-10 21:45:00',11,196),(387,'2012-06-10 22:00:00',8,86),(388,'2012-06-10 22:00:00',9,108),(389,'2012-06-10 18:00:00',12,135),(390,'2012-06-10 20:30:00',12,183),(392,'2012-06-07 22:30:00',2,198);
/*!40000 ALTER TABLE `showing` ENABLE KEYS */;
UNLOCK TABLES;

--
-- Table structure for table `showing_constraint`
--

DROP TABLE IF EXISTS `showing_constraint`;
/*!40101 SET @saved_cs_client     = @@character_set_client */;
/*!40101 SET character_set_client = utf8 */;
CREATE TABLE `showing_constraint` (
  `showing_id` bigint(20) NOT NULL DEFAULT '0',
  `userSchedule_id` bigint(20) NOT NULL DEFAULT '0',
  `priority` smallint(6) DEFAULT NULL,
  PRIMARY KEY (`showing_id`,`userSchedule_id`),
  KEY `FK140BCE9762619C95` (`showing_id`),
  KEY `FK140BCE975E586A7F` (`userSchedule_id`),
  CONSTRAINT `FK140BCE975E586A7F` FOREIGN KEY (`userSchedule_id`) REFERENCES `userschedule` (`id`),
  CONSTRAINT `FK140BCE9762619C95` FOREIGN KEY (`showing_id`) REFERENCES `showing` (`id`)
) ENGINE=InnoDB DEFAULT CHARSET=utf8;
/*!40101 SET character_set_client = @saved_cs_client */;

--
-- Dumping data for table `showing_constraint`
--

LOCK TABLES `showing_constraint` WRITE;
/*!40000 ALTER TABLE `showing_constraint` DISABLE KEYS */;
/*!40000 ALTER TABLE `showing_constraint` ENABLE KEYS */;
UNLOCK TABLES;

--
-- Table structure for table `user`
--

DROP TABLE IF EXISTS `user`;
/*!40101 SET @saved_cs_client     = @@character_set_client */;
/*!40101 SET character_set_client = utf8 */;
CREATE TABLE `user` (
  `id` bigint(20) NOT NULL AUTO_INCREMENT,
  `emailAddress` varchar(255) DEFAULT NULL,
  `firstName` varchar(255) DEFAULT NULL,
  `lastName` varchar(255) DEFAULT NULL,
  PRIMARY KEY (`id`)
) ENGINE=InnoDB AUTO_INCREMENT=9 DEFAULT CHARSET=utf8;
/*!40101 SET character_set_client = @saved_cs_client */;

--
-- Dumping data for table `user`
--

LOCK TABLES `user` WRITE;
/*!40000 ALTER TABLE `user` DISABLE KEYS */;
INSERT INTO `user` VALUES (1,'bdumitriu@gmail.com','Bogdan','Dumitriu'),(8,'bdumitriu@gmail.com','Bogdan','Dumitriu');
/*!40000 ALTER TABLE `user` ENABLE KEYS */;
UNLOCK TABLES;

--
-- Table structure for table `userschedule`
--

DROP TABLE IF EXISTS `userschedule`;
/*!40101 SET @saved_cs_client     = @@character_set_client */;
/*!40101 SET character_set_client = utf8 */;
CREATE TABLE `userschedule` (
  `id` bigint(20) NOT NULL AUTO_INCREMENT,
  `scheduleName` varchar(255) DEFAULT NULL,
  `festivalEdition_id` bigint(20) DEFAULT NULL,
  `lastUsed` datetime DEFAULT NULL,
  `user_id` bigint(20) DEFAULT NULL,
  `lastModified` datetime DEFAULT NULL,
  PRIMARY KEY (`id`),
  KEY `FKB26C3BA2A9538DD5` (`festivalEdition_id`),
  KEY `FKB26C3BA2D61976BF` (`user_id`),
  CONSTRAINT `FKB26C3BA2A9538DD5` FOREIGN KEY (`festivalEdition_id`) REFERENCES `festivaledition` (`id`),
  CONSTRAINT `FKB26C3BA2D61976BF` FOREIGN KEY (`user_id`) REFERENCES `user` (`id`)
) ENGINE=InnoDB AUTO_INCREMENT=3 DEFAULT CHARSET=utf8;
/*!40101 SET character_set_client = @saved_cs_client */;

--
-- Dumping data for table `userschedule`
--

LOCK TABLES `userschedule` WRITE;
/*!40000 ALTER TABLE `userschedule` DISABLE KEYS */;
INSERT INTO `userschedule` VALUES (2,'My Schedule',1,NULL,8,'2013-03-09 19:35:30');
/*!40000 ALTER TABLE `userschedule` ENABLE KEYS */;
UNLOCK TABLES;

--
-- Table structure for table `userschedule_showing`
--

DROP TABLE IF EXISTS `userschedule_showing`;
/*!40101 SET @saved_cs_client     = @@character_set_client */;
/*!40101 SET character_set_client = utf8 */;
CREATE TABLE `userschedule_showing` (
  `showing_id` bigint(20) NOT NULL DEFAULT '0',
  `userSchedule_id` bigint(20) NOT NULL DEFAULT '0',
  PRIMARY KEY (`showing_id`,`userSchedule_id`),
  KEY `FK4D8E27E862619C95` (`showing_id`),
  KEY `FK4D8E27E85E586A7F` (`userSchedule_id`),
  CONSTRAINT `FK4D8E27E85E586A7F` FOREIGN KEY (`userSchedule_id`) REFERENCES `userschedule` (`id`),
  CONSTRAINT `FK4D8E27E862619C95` FOREIGN KEY (`showing_id`) REFERENCES `showing` (`id`)
) ENGINE=InnoDB DEFAULT CHARSET=utf8;
/*!40101 SET character_set_client = @saved_cs_client */;

--
-- Dumping data for table `userschedule_showing`
--

LOCK TABLES `userschedule_showing` WRITE;
/*!40000 ALTER TABLE `userschedule_showing` DISABLE KEYS */;
/*!40000 ALTER TABLE `userschedule_showing` ENABLE KEYS */;
UNLOCK TABLES;

--
-- Table structure for table `usertoken`
--

DROP TABLE IF EXISTS `usertoken`;
/*!40101 SET @saved_cs_client     = @@character_set_client */;
/*!40101 SET character_set_client = utf8 */;
CREATE TABLE `usertoken` (
  `token` varchar(255) NOT NULL,
  `user_id` bigint(20) DEFAULT NULL,
  PRIMARY KEY (`token`),
  KEY `FK8B11A4CED61976BF` (`user_id`),
  CONSTRAINT `FK8B11A4CED61976BF` FOREIGN KEY (`user_id`) REFERENCES `user` (`id`)
) ENGINE=InnoDB DEFAULT CHARSET=utf8;
/*!40101 SET character_set_client = @saved_cs_client */;

--
-- Dumping data for table `usertoken`
--

LOCK TABLES `usertoken` WRITE;
/*!40000 ALTER TABLE `usertoken` DISABLE KEYS */;
INSERT INTO `usertoken` VALUES ('https://www.google.com/accounts/o8/id?id=AItOawlsq73u5em7mw-reXHK8OTwqOusm4U2nGM',1),('https://www.google.com/accounts/o8/id?id=AItOawmRvW2-_usLcBkjxSChGUFLpzb6otPX6Pk',8);
/*!40000 ALTER TABLE `usertoken` ENABLE KEYS */;
UNLOCK TABLES;

--
-- Table structure for table `venue`
--

DROP TABLE IF EXISTS `venue`;
/*!40101 SET @saved_cs_client     = @@character_set_client */;
/*!40101 SET character_set_client = utf8 */;
CREATE TABLE `venue` (
  `id` bigint(20) NOT NULL AUTO_INCREMENT,
  `address` varchar(255) DEFAULT NULL,
  `name` varchar(255) DEFAULT NULL,
  PRIMARY KEY (`id`)
) ENGINE=InnoDB AUTO_INCREMENT=13 DEFAULT CHARSET=utf8;
/*!40101 SET character_set_client = @saved_cs_client */;

--
-- Dumping data for table `venue`
--

LOCK TABLES `venue` WRITE;
/*!40000 ALTER TABLE `venue` DISABLE KEYS */;
INSERT INTO `venue` VALUES (1,NULL,'Florin Piersic Cinema'),(2,NULL,'Victoria Cinema'),(3,NULL,'Arta Cinema'),(4,NULL,'Odeon Cineplex - 1'),(5,NULL,'Odeon Cineplex - 4'),(6,NULL,'Odeon Cineplex - 5'),(7,NULL,'Odeon Cineplex - 6'),(8,NULL,'Manastur Open Air'),(9,NULL,'French Institute Cluj'),(10,NULL,'Student Culture House'),(11,NULL,'Ursus Open Air'),(12,NULL,'Marasti Cinema');
/*!40000 ALTER TABLE `venue` ENABLE KEYS */;
UNLOCK TABLES;
/*!40103 SET TIME_ZONE=@OLD_TIME_ZONE */;

/*!40101 SET SQL_MODE=@OLD_SQL_MODE */;
/*!40014 SET FOREIGN_KEY_CHECKS=@OLD_FOREIGN_KEY_CHECKS */;
/*!40014 SET UNIQUE_CHECKS=@OLD_UNIQUE_CHECKS */;
/*!40101 SET CHARACTER_SET_CLIENT=@OLD_CHARACTER_SET_CLIENT */;
/*!40101 SET CHARACTER_SET_RESULTS=@OLD_CHARACTER_SET_RESULTS */;
/*!40101 SET COLLATION_CONNECTION=@OLD_COLLATION_CONNECTION */;
/*!40111 SET SQL_NOTES=@OLD_SQL_NOTES */;

-- Dump completed on 2013-04-02 21:52:08
